"pk_person_features","person_uri","occupation_main","occupation_sec1","occupation_sec2","field_main","field_sec1","field_sec2","fk_person","notes"
1,http://www.wikidata.org/entity/Q101410,personnalité politique,avocat-ou-avocate,juriste,,,,1,
2,http://www.wikidata.org/entity/Q1027406,personnalité politique,NA,NA,,,,2,
3,http://www.wikidata.org/entity/Q1027528,personnalité politique,pensionné,NA,,,,3,
4,http://www.wikidata.org/entity/Q10287,personnalité politique,professions-libérales-et-assimilés,NA,,,,4,
5,http://www.wikidata.org/entity/Q1031645,personnalité politique,magistrat-ou-magistrate,ingénieur-ou-ingénieure-des-mines,,,,5,
6,http://www.wikidata.org/entity/Q104032664,personnalité politique,ingénieurs-et-cadres-techniques-d'entreprise,ingénieur-ou-ingénieure,,,,6,
7,http://www.wikidata.org/entity/Q106020252,personnalité politique,cadres-administratifs-et-commerciaux-d'entreprise,professions-intermédiaires-administratives-de-la-fonction-publique,,,,7,
8,http://www.wikidata.org/entity/Q10620526,personnalité politique,NA,NA,,,,8,
9,http://www.wikidata.org/entity/Q106291673,personnalité politique,cadres-administratifs-et-commerciaux-d'entreprise,pharmacien-ou-pharmacienne,,,,9,
10,http://www.wikidata.org/entity/Q106489533,NA,professions-libérales-et-assimilés,militant-ou-militante,,,,10,
11,http://www.wikidata.org/entity/Q106635078,personnalité politique,anciens-cadres,journaliste,,,,11,
12,http://www.wikidata.org/entity/Q107126233,personnalité politique,professions-libérales-et-assimilés,avocat-ou-avocate,,,,12,
13,http://www.wikidata.org/entity/Q107127761,personnalité politique,NA,NA,,,,13,
14,http://www.wikidata.org/entity/Q107449933,personnalité politique,journaliste,"professions-de-l'information,-des-arts-et-des-spectacles",,,,14,
15,http://www.wikidata.org/entity/Q108037752,personnalité politique,NA,NA,,,,15,
16,http://www.wikidata.org/entity/Q108823633,personnalité politique,cadres-administratifs-et-commerciaux-d'entreprise,chef-ou-cheffe-d'entreprise,,,,16,
17,http://www.wikidata.org/entity/Q109043455,personnalité politique,NA,NA,,,,17,
18,http://www.wikidata.org/entity/Q1096496,personnalité politique,lobbyiste,NA,,,,18,
19,http://www.wikidata.org/entity/Q109681600,personnalité politique,syndicaliste,personnels-des-services-directs-aux-particuliers,,,,19,
20,http://www.wikidata.org/entity/Q109711972,personnalité politique,personnes-diverses-sans-activité-professionnelle-de-moins-de-60-ans-sauf-retraités,NA,,,,20,
21,http://www.wikidata.org/entity/Q109969696,personnalité politique,cadres-administratifs-et-commerciaux-d'entreprise,NA,,,,21,
22,http://www.wikidata.org/entity/Q1103356,personnalité politique,NA,NA,,,,22,
23,http://www.wikidata.org/entity/Q110464124,personnalité politique,employés-civils-et-agents-de-service-de-la-fonction-publique,"contremaîtres,-agents-de-maîtrise",,,,23,
24,http://www.wikidata.org/entity/Q1106890,personnalité politique,permanent-politique,NA,,,,24,
25,http://www.wikidata.org/entity/Q1108317,personnalité politique,NA,NA,,,,25,
26,http://www.wikidata.org/entity/Q1108330,personnalité politique,journaliste,"professions-de-l'information,-des-arts-et-des-spectacles",,,,26,
27,http://www.wikidata.org/entity/Q110934545,personnalité politique,journaliste,professions-intermédiaires-administratives-de-la-fonction-publique,,,,27,
28,http://www.wikidata.org/entity/Q110998923,personnalité politique,personnes-diverses-sans-activité-professionnelle-de-moins-de-60-ans-sauf-retraités,professions-intermédiaires-administratives-et-commerciales-des-entreprises,,,,28,
29,http://www.wikidata.org/entity/Q111378729,personnalité politique,personnes-diverses-sans-activité-professionnelle-de-moins-de-60-ans-sauf-retraités,chefs-d'entreprise-de-10-salariés-ou-plus,,,,29,
30,http://www.wikidata.org/entity/Q111397019,personnalité politique,NA,NA,,,,30,
31,http://www.wikidata.org/entity/Q111685345,personnalité politique,NA,NA,,,,31,
32,http://www.wikidata.org/entity/Q111974554,personnalité politique,NA,NA,,,,32,
33,http://www.wikidata.org/entity/Q112040646,personnalité politique,"professeurs,-professions-scientifiques",NA,,,,33,
34,http://www.wikidata.org/entity/Q112079050,personnalité politique,professions-libérales-et-assimilés,chefs-d'entreprise-de-10-salariés-ou-plus,,,,34,
35,http://www.wikidata.org/entity/Q112110960,personnalité politique,"professeurs,-professions-scientifiques",professeur-d'histoire-géographie,,,,35,
36,http://www.wikidata.org/entity/Q112249169,personnalité politique,personnes-diverses-sans-activité-professionnelle-de-moins-de-60-ans-sauf-retraités,militant-ou-militante,,,,36,
37,http://www.wikidata.org/entity/Q112308110,personnalité politique,personnes-diverses-sans-activité-professionnelle-de-moins-de-60-ans-sauf-retraités,NA,,,,37,
38,http://www.wikidata.org/entity/Q112448632,personnalité politique,"professeurs,-professions-scientifiques",enseignant-ou-enseignante,,,,38,
39,http://www.wikidata.org/entity/Q112518535,personnalité politique,collaborateur-parlementaire,NA,,,,39,
40,http://www.wikidata.org/entity/Q112526631,personnalité politique,cadres-administratifs-et-commerciaux-d'entreprise,personnes-diverses-sans-activité-professionnelle-de-moins-de-60-ans-sauf-retraités,,,,40,
41,http://www.wikidata.org/entity/Q112570805,personnalité politique,"professeurs-des-écoles,-instituteurs-et-assimilés",NA,,,,41,
42,http://www.wikidata.org/entity/Q112572505,personnalité politique,"professeurs,-professions-scientifiques",politologue,,,,42,
43,http://www.wikidata.org/entity/Q112573886,personnalité politique,professions-libérales-et-assimilés,avocat-ou-avocate,,,,43,
44,http://www.wikidata.org/entity/Q112574053,personnalité politique,professions-intermédiaires-administratives-de-la-fonction-publique,NA,,,,44,
45,http://www.wikidata.org/entity/Q112578758,personnalité politique,professions-libérales-et-assimilés,NA,,,,45,
46,http://www.wikidata.org/entity/Q112579260,personnalité politique,employés-de-commerce,NA,,,,46,
47,http://www.wikidata.org/entity/Q112628313,personnalité politique,ingénieurs-et-cadres-techniques-d'entreprise,NA,,,,47,
48,http://www.wikidata.org/entity/Q112628915,personnalité politique,techniciens,NA,,,,48,
49,http://www.wikidata.org/entity/Q112630808,personnalité politique,"professeurs,-professions-scientifiques",NA,,,,49,
50,http://www.wikidata.org/entity/Q112630812,personnalité politique,personnes-diverses-sans-activité-professionnelle-de-moins-de-60-ans-sauf-retraités,"élèves,-étudiants",,,,50,
51,http://www.wikidata.org/entity/Q112630933,personnalité politique,professions-libérales-et-assimilés,NA,,,,51,
52,http://www.wikidata.org/entity/Q112632770,personnalité politique,"professeurs-des-écoles,-instituteurs-et-assimilés",NA,,,,52,
53,http://www.wikidata.org/entity/Q112633707,personnalité politique,personnels-des-services-directs-aux-particuliers,NA,,,,53,
54,http://www.wikidata.org/entity/Q112633721,personnalité politique,professions-libérales-et-assimilés,avocat-ou-avocate,,,,54,
55,http://www.wikidata.org/entity/Q112635071,personnalité politique,professions-libérales-et-assimilés,avocat-ou-avocate,,,,55,
56,http://www.wikidata.org/entity/Q112635139,personnalité politique,"professeurs,-professions-scientifiques",NA,,,,56,
57,http://www.wikidata.org/entity/Q112635145,personnalité politique,cadres-administratifs-et-commerciaux-d'entreprise,NA,,,,57,
58,http://www.wikidata.org/entity/Q112635154,personnalité politique,professions-intermédiaires-administratives-de-la-fonction-publique,NA,,,,58,
59,http://www.wikidata.org/entity/Q112635222,personnalité politique,"professeurs-des-écoles,-instituteurs-et-assimilés",NA,,,,59,
60,http://www.wikidata.org/entity/Q112635593,personnalité politique,professions-intermédiaires-de-la-santé-et-du-travail-social,éducateur-spécialisé,,,,60,
61,http://www.wikidata.org/entity/Q112635717,personnalité politique,professions-libérales-et-assimilés,"professeurs,-professions-scientifiques",,,,61,
62,http://www.wikidata.org/entity/Q112636212,personnalité politique,"professeurs,-professions-scientifiques",syndicaliste,,,,62,
63,http://www.wikidata.org/entity/Q112636598,personnalité politique,professions-intermédiaires-administratives-de-la-fonction-publique,NA,,,,63,
64,http://www.wikidata.org/entity/Q112636857,personnalité politique,cadres-administratifs-et-commerciaux-d'entreprise,agent-ou-agente-immobilier,,,,64,
65,http://www.wikidata.org/entity/Q112637266,personnalité politique,cadres-administratifs-et-commerciaux-d'entreprise,"professions-de-l'information,-des-arts-et-des-spectacles",,,,65,
66,http://www.wikidata.org/entity/Q112637395,personnalité politique,policiers-et-militaires,policier-ou-policière,,,,66,
67,http://www.wikidata.org/entity/Q112637681,personnalité politique,"professeurs,-professions-scientifiques",professeur-d'italien,,,,67,
68,http://www.wikidata.org/entity/Q112637819,personnalité politique,professions-libérales-et-assimilés,NA,,,,68,
69,http://www.wikidata.org/entity/Q112637895,personnalité politique,artisans,accordeur-ou-accordeuse-de-pianos,,,,69,
70,http://www.wikidata.org/entity/Q112638039,personnalité politique,NA,NA,,,,70,
71,http://www.wikidata.org/entity/Q112638094,personnalité politique,anciens-employés,chauffeur-livreur,,,,71,
72,http://www.wikidata.org/entity/Q112638162,personnalité politique,inspecteur-des-finances-publiques,NA,,,,72,
73,http://www.wikidata.org/entity/Q112638213,personnalité politique,anciens-cadres,NA,,,,73,
74,http://www.wikidata.org/entity/Q112639136,personnalité politique,professions-libérales-et-assimilés,avocat-ou-avocate,,,,74,
75,http://www.wikidata.org/entity/Q112639241,personnalité politique,professions-intermédiaires-administratives-de-la-fonction-publique,NA,,,,75,
76,http://www.wikidata.org/entity/Q112639321,personnalité politique,personnes-diverses-sans-activité-professionnelle-de-moins-de-60-ans-sauf-retraités,employés-civils-et-agents-de-service-de-la-fonction-publique,,,,76,
77,http://www.wikidata.org/entity/Q112639617,personnalité politique,commerçants-et-assimilés,NA,,,,77,
78,http://www.wikidata.org/entity/Q112639678,personnalité politique,professions-libérales-et-assimilés,"anciens-artisans,-commerçants,-chefs-d'entreprise",,,,78,
79,http://www.wikidata.org/entity/Q112639781,personnalité politique,professions-libérales-et-assimilés,NA,,,,79,
80,http://www.wikidata.org/entity/Q112639913,personnalité politique,"professeurs,-professions-scientifiques",NA,,,,80,
81,http://www.wikidata.org/entity/Q112639975,personnalité politique,ingénieur-ou-ingénieure,anciens-employés,,,,81,
82,http://www.wikidata.org/entity/Q112640278,personnalité politique,personnes-diverses-sans-activité-professionnelle-de-moins-de-60-ans-sauf-retraités,syndicaliste,,,,82,
83,http://www.wikidata.org/entity/Q112640513,personnalité politique,policiers-et-militaires,policier-ou-policière,,,,83,
84,http://www.wikidata.org/entity/Q112640893,personnalité politique,employés-administratifs-d'entreprise,NA,,,,84,
85,http://www.wikidata.org/entity/Q112641003,personnalité politique,"professeurs,-professions-scientifiques",enseignant-ou-enseignante,,,,85,
86,http://www.wikidata.org/entity/Q112641115,personnalité politique,"professeurs,-professions-scientifiques",professeur-d'université,,,,86,
87,http://www.wikidata.org/entity/Q112641192,personnalité politique,NA,NA,,,,87,
88,http://www.wikidata.org/entity/Q112641269,personnalité politique,avocat-ou-avocate,anciens-cadres,,,,88,
89,http://www.wikidata.org/entity/Q112641406,personnalité politique,cadres-administratifs-et-commerciaux-d'entreprise,NA,,,,89,
90,http://www.wikidata.org/entity/Q112641449,personnalité politique,cadres-administratifs-et-commerciaux-d'entreprise,professions-libérales-et-assimilés,,,,90,
91,http://www.wikidata.org/entity/Q112641543,personnalité politique,anciens-cadres,NA,,,,91,
92,http://www.wikidata.org/entity/Q112641643,personnalité politique,employés-administratifs-d'entreprise,NA,,,,92,
93,http://www.wikidata.org/entity/Q112641655,personnalité politique,anciennes-professions-intermédiaires,syndicaliste,,,,93,
94,http://www.wikidata.org/entity/Q112641704,personnalité politique,anciens-cadres,NA,,,,94,
95,http://www.wikidata.org/entity/Q112641729,personnalité politique,professions-intermédiaires-de-la-santé-et-du-travail-social,NA,,,,95,
96,http://www.wikidata.org/entity/Q112641764,personnalité politique,employés-de-commerce,préparateur-ou-préparatrice-en-pharmacie-hospitalière,,,,96,
97,http://www.wikidata.org/entity/Q112641851,personnalité politique,professions-intermédiaires-de-la-santé-et-du-travail-social,joueur-ou-joueuse-de-rugby-fauteuil,,,,97,
98,http://www.wikidata.org/entity/Q112642037,personnalité politique,professions-libérales-et-assimilés,NA,,,,98,
99,http://www.wikidata.org/entity/Q112642209,personnalité politique,cadres-administratifs-et-commerciaux-d'entreprise,NA,,,,99,
100,http://www.wikidata.org/entity/Q112642303,personnalité politique,ouvrier-ou-ouvrière-agricole,ouvriers-agricoles,,,,100,
101,http://www.wikidata.org/entity/Q112642381,personnalité politique,professions-intermédiaires-administratives-de-la-fonction-publique,travailleur-social,,,,101,
102,http://www.wikidata.org/entity/Q112642540,personnalité politique,professions-libérales-et-assimilés,avocat-ou-avocate,,,,102,
103,http://www.wikidata.org/entity/Q112642707,personnalité politique,"professeurs,-professions-scientifiques",professeur-de-lettres,,,,103,
104,http://www.wikidata.org/entity/Q112648926,personnalité politique,NA,NA,,,,104,
105,http://www.wikidata.org/entity/Q112649548,personnalité politique,"professeurs,-professions-scientifiques",sociologue,,,,105,
106,http://www.wikidata.org/entity/Q112649553,personnalité politique,cadres-administratifs-et-commerciaux-d'entreprise,NA,,,,106,
107,http://www.wikidata.org/entity/Q112649590,personnalité politique,"professeurs-des-écoles,-instituteurs-et-assimilés",NA,,,,107,
108,http://www.wikidata.org/entity/Q112649617,personnalité politique,ouvriers-qualifiés-de-type-industriel,NA,,,,108,
109,http://www.wikidata.org/entity/Q112649716,personnalité politique,professions-intermédiaires-de-la-santé-et-du-travail-social,NA,,,,109,
110,http://www.wikidata.org/entity/Q112649766,personnalité politique,employés-civils-et-agents-de-service-de-la-fonction-publique,technicien-de-surface,,,,110,
111,http://www.wikidata.org/entity/Q112649848,personnalité politique,personnes-diverses-sans-activité-professionnelle-de-moins-de-60-ans-sauf-retraités,employés-de-commerce,,,,111,
112,http://www.wikidata.org/entity/Q112649913,personnalité politique,magistrat-ou-magistrate,NA,,,,112,
113,http://www.wikidata.org/entity/Q112650053,personnalité politique,anciens-cadres,NA,,,,113,
114,http://www.wikidata.org/entity/Q112650093,personnalité politique,anciens-cadres,NA,,,,114,
115,http://www.wikidata.org/entity/Q112650360,personnalité politique,professions-intermédiaires-de-la-santé-et-du-travail-social,NA,,,,115,
116,http://www.wikidata.org/entity/Q112650362,personnalité politique,employés-administratifs-d'entreprise,NA,,,,116,
117,http://www.wikidata.org/entity/Q112650363,personnalité politique,professions-libérales-et-assimilés,"professions-de-l'information,-des-arts-et-des-spectacles",,,,117,
118,http://www.wikidata.org/entity/Q112650404,personnalité politique,employés-de-commerce,NA,,,,118,
119,http://www.wikidata.org/entity/Q112650407,personnalité politique,employés-administratifs-d'entreprise,NA,,,,119,
120,http://www.wikidata.org/entity/Q112650438,personnalité politique,collaborateur-parlementaire,NA,,,,120,
121,http://www.wikidata.org/entity/Q112650448,personnalité politique,NA,NA,,,,121,
122,http://www.wikidata.org/entity/Q112650572,personnalité politique,professions-libérales-et-assimilés,NA,,,,122,
123,http://www.wikidata.org/entity/Q112650653,personnalité politique,cadres-administratifs-et-commerciaux-d'entreprise,NA,,,,123,
124,http://www.wikidata.org/entity/Q112650690,personnalité politique,employés-administratifs-d'entreprise,NA,,,,124,
125,http://www.wikidata.org/entity/Q112650708,personnalité politique,anciens-cadres,NA,,,,125,
126,http://www.wikidata.org/entity/Q112650744,personnalité politique,cadres-administratifs-et-commerciaux-d'entreprise,NA,,,,126,
127,http://www.wikidata.org/entity/Q112650781,personnalité politique,professions-intermédiaires-de-la-santé-et-du-travail-social,NA,,,,127,
128,http://www.wikidata.org/entity/Q112650795,personnalité politique,cadres-administratifs-et-commerciaux-d'entreprise,NA,,,,128,
129,http://www.wikidata.org/entity/Q112650830,personnalité politique,"professeurs,-professions-scientifiques",NA,,,,129,
130,http://www.wikidata.org/entity/Q112650841,personnalité politique,professions-intermédiaires-administratives-de-la-fonction-publique,employés-civils-et-agents-de-service-de-la-fonction-publique,,,,130,
131,http://www.wikidata.org/entity/Q112650871,personnalité politique,"professeurs,-professions-scientifiques",enseignant-ou-enseignante,,,,131,
132,http://www.wikidata.org/entity/Q112651131,personnalité politique,anciens-cadres,policier-ou-policière,,,,132,
133,http://www.wikidata.org/entity/Q112651173,personnalité politique,professions-libérales-et-assimilés,personnes-diverses-sans-activité-professionnelle-de-moins-de-60-ans-sauf-retraités,,,,133,
134,http://www.wikidata.org/entity/Q112651177,personnalité politique,"professeurs-des-écoles,-instituteurs-et-assimilés",NA,,,,134,
135,http://www.wikidata.org/entity/Q112651277,personnalité politique,anciens-employés,NA,,,,135,
136,http://www.wikidata.org/entity/Q112651320,personnalité politique,commerçants-et-assimilés,consultant-ou-consultante,,,,136,
137,http://www.wikidata.org/entity/Q112651333,personnalité politique,NA,NA,,,,137,
138,http://www.wikidata.org/entity/Q112651358,personnalité politique,cadres-administratifs-et-commerciaux-d'entreprise,NA,,,,138,
139,http://www.wikidata.org/entity/Q112651418,personnalité politique,"professeurs,-professions-scientifiques",archéozoologue,,,,139,
140,http://www.wikidata.org/entity/Q112651457,personnalité politique,cadres-administratifs-et-commerciaux-d'entreprise,NA,,,,140,
141,http://www.wikidata.org/entity/Q112651467,personnalité politique,cadres-administratifs-et-commerciaux-d'entreprise,NA,,,,141,
142,http://www.wikidata.org/entity/Q112651481,personnalité politique,anciens-cadres,NA,,,,142,
143,http://www.wikidata.org/entity/Q112651488,personnalité politique,militaire,employés-de-commerce,,,,143,
144,http://www.wikidata.org/entity/Q112651523,personnalité politique,NA,NA,,,,144,
145,http://www.wikidata.org/entity/Q112651528,personnalité politique,"contremaîtres,-agents-de-maîtrise",NA,,,,145,
146,http://www.wikidata.org/entity/Q112651536,personnalité politique,cadres-administratifs-et-commerciaux-d'entreprise,NA,,,,146,
147,http://www.wikidata.org/entity/Q112651552,personnalité politique,NA,NA,,,,147,
148,http://www.wikidata.org/entity/Q112651641,personnalité politique,professions-intermédiaires-administratives-de-la-fonction-publique,syndicaliste,,,,148,
149,http://www.wikidata.org/entity/Q112651732,personnalité politique,NA,NA,,,,149,
150,http://www.wikidata.org/entity/Q112651749,personnalité politique,personnes-diverses-sans-activité-professionnelle-de-moins-de-60-ans-sauf-retraités,NA,,,,150,
151,http://www.wikidata.org/entity/Q112651770,personnalité politique,officiel,NA,,,,151,
152,http://www.wikidata.org/entity/Q112651844,personnalité politique,professions-intermédiaires-administratives-et-commerciales-des-entreprises,NA,,,,152,
153,http://www.wikidata.org/entity/Q112651884,personnalité politique,cadres-administratifs-et-commerciaux-d'entreprise,anciens-cadres,,,,153,
154,http://www.wikidata.org/entity/Q112652013,personnalité politique,employés-civils-et-agents-de-service-de-la-fonction-publique,NA,,,,154,
155,http://www.wikidata.org/entity/Q112652262,personnalité politique,personnes-diverses-sans-activité-professionnelle-de-moins-de-60-ans-sauf-retraités,NA,,,,155,
156,http://www.wikidata.org/entity/Q112652319,personnalité politique,cadres-administratifs-et-commerciaux-d'entreprise,NA,,,,156,
157,http://www.wikidata.org/entity/Q112652345,personnalité politique,personnes-diverses-sans-activité-professionnelle-de-moins-de-60-ans-sauf-retraités,employés-administratifs-d'entreprise,,,,157,
158,http://www.wikidata.org/entity/Q112652351,personnalité politique,NA,NA,,,,158,
159,http://www.wikidata.org/entity/Q112652414,personnalité politique,professions-intermédiaires-de-la-santé-et-du-travail-social,NA,,,,159,
160,http://www.wikidata.org/entity/Q112652467,personnalité politique,"professeurs,-professions-scientifiques",NA,,,,160,
161,http://www.wikidata.org/entity/Q112652488,personnalité politique,policiers-et-militaires,policier-ou-policière,,,,161,
162,http://www.wikidata.org/entity/Q112652500,personnalité politique,cadres-administratifs-et-commerciaux-d'entreprise,chargé-de-communication,,,,162,
163,http://www.wikidata.org/entity/Q112652742,personnalité politique,"professeurs,-professions-scientifiques",professeur-de-français,,,,163,
164,http://www.wikidata.org/entity/Q112652777,personnalité politique,"professeurs-des-écoles,-instituteurs-et-assimilés",NA,,,,164,
165,http://www.wikidata.org/entity/Q112652813,personnalité politique,professions-libérales-et-assimilés,avocat-ou-avocate,,,,165,
166,http://www.wikidata.org/entity/Q112652868,personnalité politique,cadres-administratifs-et-commerciaux-d'entreprise,NA,,,,166,
167,http://www.wikidata.org/entity/Q112652876,personnalité politique,"professeurs,-professions-scientifiques",NA,,,,167,
168,http://www.wikidata.org/entity/Q112652886,personnalité politique,professions-libérales-et-assimilés,NA,,,,168,
169,http://www.wikidata.org/entity/Q112652898,personnalité politique,professions-intermédiaires-administratives-et-commerciales-des-entreprises,employés-de-commerce,,,,169,
170,http://www.wikidata.org/entity/Q112653224,personnalité politique,personnes-diverses-sans-activité-professionnelle-de-moins-de-60-ans-sauf-retraités,NA,,,,170,
171,http://www.wikidata.org/entity/Q112653333,personnalité politique,cadres-administratifs-et-commerciaux-d'entreprise,NA,,,,171,
172,http://www.wikidata.org/entity/Q112653377,personnalité politique,personnes-diverses-sans-activité-professionnelle-de-moins-de-60-ans-sauf-retraités,NA,,,,172,
173,http://www.wikidata.org/entity/Q112653386,personnalité politique,"anciens-artisans,-commerçants,-chefs-d'entreprise",NA,,,,173,
174,http://www.wikidata.org/entity/Q112653583,personnalité politique,professions-libérales-et-assimilés,"anciens-artisans,-commerçants,-chefs-d'entreprise",,,,174,
175,http://www.wikidata.org/entity/Q112653602,personnalité politique,cadres-administratifs-et-commerciaux-d'entreprise,NA,,,,175,
176,http://www.wikidata.org/entity/Q112653860,personnalité politique,employés-civils-et-agents-de-service-de-la-fonction-publique,techniciens,,,,176,
177,http://www.wikidata.org/entity/Q112653866,personnalité politique,"professeurs,-professions-scientifiques",enseignant-ou-enseignante,,,,177,
178,http://www.wikidata.org/entity/Q112653927,personnalité politique,"professeurs,-professions-scientifiques",personnes-diverses-sans-activité-professionnelle-de-moins-de-60-ans-sauf-retraités,,,,178,
179,http://www.wikidata.org/entity/Q112654007,personnalité politique,NA,NA,,,,179,
180,http://www.wikidata.org/entity/Q112654108,personnalité politique,"élèves,-étudiants",NA,,,,180,
181,http://www.wikidata.org/entity/Q112654129,personnalité politique,NA,NA,,,,181,
182,http://www.wikidata.org/entity/Q112654146,personnalité politique,"professeurs,-professions-scientifiques",professeur-d'histoire-géographie,,,,182,
183,http://www.wikidata.org/entity/Q112654178,personnalité politique,employés-civils-et-agents-de-service-de-la-fonction-publique,NA,,,,183,
184,http://www.wikidata.org/entity/Q112654771,personnalité politique,professions-libérales-et-assimilés,avocat-ou-avocate,,,,184,
185,http://www.wikidata.org/entity/Q112654787,personnalité politique,professions-libérales-et-assimilés,avocat-ou-avocate,,,,185,
186,http://www.wikidata.org/entity/Q112654862,personnalité politique,cadres-administratifs-et-commerciaux-d'entreprise,NA,,,,186,
187,http://www.wikidata.org/entity/Q112657434,NA,anciens-cadres,anciens-employés,,,,187,
188,http://www.wikidata.org/entity/Q112670388,personnalité politique,NA,NA,,,,188,
189,http://www.wikidata.org/entity/Q112730739,personnalité politique,NA,NA,,,,189,
190,http://www.wikidata.org/entity/Q112892896,personnalité politique,NA,NA,,,,190,
191,http://www.wikidata.org/entity/Q112893812,personnalité politique,restaurateur-ou-restauratrice,NA,,,,191,
192,http://www.wikidata.org/entity/Q112894322,personnalité politique,professions-libérales-et-assimilés,NA,,,,192,
193,http://www.wikidata.org/entity/Q112897421,personnalité politique,NA,NA,,,,193,
194,http://www.wikidata.org/entity/Q112897923,personnalité politique,NA,NA,,,,194,
195,http://www.wikidata.org/entity/Q112899180,personnalité politique,NA,NA,,,,195,
196,http://www.wikidata.org/entity/Q112899220,personnalité politique,NA,NA,,,,196,
197,http://www.wikidata.org/entity/Q112958674,personnalité politique,NA,NA,,,,197,
198,http://www.wikidata.org/entity/Q113015802,personnalité politique,professions-libérales-et-assimilés,avocat-ou-avocate,,,,198,
199,http://www.wikidata.org/entity/Q113212567,personnalité politique,ingénieurs-et-cadres-techniques-d'entreprise,ingénieur-agronome,,,,199,
200,http://www.wikidata.org/entity/Q113375757,personnalité politique,"professeurs,-professions-scientifiques",NA,,,,200,
201,http://www.wikidata.org/entity/Q113376041,personnalité politique,NA,NA,,,,201,
202,http://www.wikidata.org/entity/Q113376374,personnalité politique,NA,NA,,,,202,
203,http://www.wikidata.org/entity/Q113754610,personnalité politique,NA,NA,,,,203,
204,http://www.wikidata.org/entity/Q1160874,personnalité politique,NA,NA,,,,204,
205,http://www.wikidata.org/entity/Q116479877,personnalité politique,"professeurs,-professions-scientifiques",NA,,,,205,
206,http://www.wikidata.org/entity/Q116870344,personnalité politique,employés-civils-et-agents-de-service-de-la-fonction-publique,militant-ou-militante,,,,206,
207,http://www.wikidata.org/entity/Q117311808,NA,cadres-administratifs-et-commerciaux-d'entreprise,historien-ou-historienne,,,,207,
208,http://www.wikidata.org/entity/Q117340,personnalité politique,NA,NA,,,,208,
209,http://www.wikidata.org/entity/Q117382674,personnalité politique,chefs-d'entreprise-de-10-salariés-ou-plus,chef-ou-cheffe-d'entreprise,,,,209,
210,http://www.wikidata.org/entity/Q117402,personnalité politique,employés-civils-et-agents-de-service-de-la-fonction-publique,NA,,,,210,
211,http://www.wikidata.org/entity/Q117442688,personnalité politique,professions-libérales-et-assimilés,avocat-ou-avocate,,,,211,
212,http://www.wikidata.org/entity/Q11775796,personnalité politique,NA,NA,,,,212,
213,http://www.wikidata.org/entity/Q118546910,NA,cadres-administratifs-et-commerciaux-d'entreprise,NA,,,,213,
214,http://www.wikidata.org/entity/Q1188660,personnalité politique,NA,NA,,,,214,
215,http://www.wikidata.org/entity/Q1192864,personnalité politique,professions-libérales-et-assimilés,NA,,,,215,
216,http://www.wikidata.org/entity/Q119353867,personnalité politique,contrôleur-aérien-ou-contrôleuse-aérienne,NA,,,,216,
217,http://www.wikidata.org/entity/Q11984909,personnalité politique,NA,NA,,,,217,
218,http://www.wikidata.org/entity/Q11984989,personnalité politique,NA,NA,,,,218,
219,http://www.wikidata.org/entity/Q120763630,personnalité politique,NA,NA,,,,219,
220,http://www.wikidata.org/entity/Q120763970,personnalité politique,NA,NA,,,,220,
221,http://www.wikidata.org/entity/Q120764896,personnalité politique,NA,NA,,,,221,
222,http://www.wikidata.org/entity/Q120798609,personnalité politique,NA,NA,,,,222,
223,http://www.wikidata.org/entity/Q120866184,personnalité politique,NA,NA,,,,223,
224,http://www.wikidata.org/entity/Q122533029,NA,NA,NA,,,,224,
225,http://www.wikidata.org/entity/Q122537759,personnalité politique,NA,NA,,,,225,
226,http://www.wikidata.org/entity/Q1228890,personnalité politique,écrivain-ou-écrivaine,fonctionnaire,,,,226,
227,http://www.wikidata.org/entity/Q122964872,personnalité politique,professions-intermédiaires-de-la-santé-et-du-travail-social,NA,,,,227,
228,http://www.wikidata.org/entity/Q123369490,personnalité politique,anciens-cadres,officiel,,,,228,
229,http://www.wikidata.org/entity/Q123643795,personnalité politique,anciens-cadres,NA,,,,229,
230,http://www.wikidata.org/entity/Q1238159,personnalité politique,journaliste,écrivain-ou-écrivaine,,,,230,
231,http://www.wikidata.org/entity/Q1238345,personnalité politique,NA,NA,,,,231,
232,http://www.wikidata.org/entity/Q1238956,personnalité politique,NA,NA,,,,232,
233,http://www.wikidata.org/entity/Q124021781,personnalité politique,personnes-diverses-sans-activité-professionnelle-de-moins-de-60-ans-sauf-retraités,fonctionnaire,,,,233,
234,http://www.wikidata.org/entity/Q124253742,personnalité politique,NA,NA,,,,234,
235,http://www.wikidata.org/entity/Q124439687,personnalité politique,"professeurs,-professions-scientifiques",NA,,,,235,
236,http://www.wikidata.org/entity/Q124463329,personnalité politique,NA,NA,,,,236,
237,http://www.wikidata.org/entity/Q124463344,personnalité politique,NA,NA,,,,237,
238,http://www.wikidata.org/entity/Q1262453,personnalité politique,avocat-ou-avocate,juriste,,,,238,
239,http://www.wikidata.org/entity/Q126364255,NA,professions-libérales-et-assimilés,NA,,,,239,
240,http://www.wikidata.org/entity/Q126373195,cadres-de-la-fonction-publique,NA,NA,,,,240,
241,http://www.wikidata.org/entity/Q126466850,personnalité politique,NA,NA,,,,241,
242,http://www.wikidata.org/entity/Q126532220,personnalité politique,conseiller-ou-conseillère-en-communication,NA,,,,242,
243,http://www.wikidata.org/entity/Q126537376,personnalité politique,cadres-administratifs-et-commerciaux-d'entreprise,entrepreneur-ou-entrepreneuse,,,,243,
244,http://www.wikidata.org/entity/Q126539921,personnalité politique,entrepreneur-ou-entrepreneuse,NA,,,,244,
245,http://www.wikidata.org/entity/Q126540256,NA,cadres-administratifs-et-commerciaux-d'entreprise,NA,,,,245,
246,http://www.wikidata.org/entity/Q126586721,personnalité politique,NA,NA,,,,246,
247,http://www.wikidata.org/entity/Q126590286,personnalité politique,"professeurs,-professions-scientifiques",NA,,,,247,
248,http://www.wikidata.org/entity/Q126595850,personnalité politique,"professeurs,-professions-scientifiques",NA,,,,248,
249,http://www.wikidata.org/entity/Q126595907,personnalité politique,cadres-administratifs-et-commerciaux-d'entreprise,NA,,,,249,
250,http://www.wikidata.org/entity/Q126596346,personnalité politique,NA,NA,,,,250,
251,http://www.wikidata.org/entity/Q126596776,NA,chefs-d'entreprise-de-10-salariés-ou-plus,commerçants-et-assimilés,,,,251,
252,http://www.wikidata.org/entity/Q126597818,personnalité politique,"anciens-artisans,-commerçants,-chefs-d'entreprise",NA,,,,252,
253,http://www.wikidata.org/entity/Q126599155,personnalité politique,cadres-administratifs-et-commerciaux-d'entreprise,militant-associatif-ou-militante-associative,,,,253,
254,http://www.wikidata.org/entity/Q126599320,personnalité politique,cadres-administratifs-et-commerciaux-d'entreprise,NA,,,,254,
255,http://www.wikidata.org/entity/Q126599494,NA,cadres-administratifs-et-commerciaux-d'entreprise,employés-administratifs-d'entreprise,,,,255,
256,http://www.wikidata.org/entity/Q126599670,personnalité politique,anciens-cadres,NA,,,,256,
257,http://www.wikidata.org/entity/Q126684712,personnalité politique,attaché-territorial,NA,,,,257,
258,http://www.wikidata.org/entity/Q126688573,personnalité politique,NA,NA,,,,258,
259,http://www.wikidata.org/entity/Q126688666,cadres-de-la-fonction-publique,NA,NA,,,,259,
260,http://www.wikidata.org/entity/Q126688999,personnalité politique,agriculteurs-sur-moyenne-exploitation,NA,,,,260,
261,http://www.wikidata.org/entity/Q126693963,personnalité politique,NA,NA,,,,261,
262,http://www.wikidata.org/entity/Q126708305,personnalité politique,chefs-d'entreprise-de-10-salariés-ou-plus,NA,,,,262,
263,http://www.wikidata.org/entity/Q126737229,NA,"professions-de-l'information,-des-arts-et-des-spectacles",NA,,,,263,
264,http://www.wikidata.org/entity/Q126810352,personnalité politique,ingénieurs-et-cadres-techniques-d'entreprise,NA,,,,264,
265,http://www.wikidata.org/entity/Q126810747,personnalité politique,"élèves,-étudiants",NA,,,,265,
266,http://www.wikidata.org/entity/Q126811366,personnalité politique,cadres-administratifs-et-commerciaux-d'entreprise,ingénieurs-et-cadres-techniques-d'entreprise,,,,266,
267,http://www.wikidata.org/entity/Q126819332,personnalité politique,cadres-administratifs-et-commerciaux-d'entreprise,ingénieurs-et-cadres-techniques-d'entreprise,,,,267,
268,http://www.wikidata.org/entity/Q126825109,personnalité politique,artisans,NA,,,,268,
269,http://www.wikidata.org/entity/Q126869769,NA,anciens-cadres,NA,,,,269,
270,http://www.wikidata.org/entity/Q126870256,personnalité politique,cadres-administratifs-et-commerciaux-d'entreprise,NA,,,,270,
271,http://www.wikidata.org/entity/Q126876003,personnalité politique,"professeurs,-professions-scientifiques",NA,,,,271,
272,http://www.wikidata.org/entity/Q126913711,personnalité politique,cadres-administratifs-et-commerciaux-d'entreprise,NA,,,,272,
273,http://www.wikidata.org/entity/Q126936549,personnalité politique,cadres-administratifs-et-commerciaux-d'entreprise,NA,,,,273,
274,http://www.wikidata.org/entity/Q126946380,personnalité politique,ingénieurs-et-cadres-techniques-d'entreprise,NA,,,,274,
275,http://www.wikidata.org/entity/Q126947846,personnalité politique,NA,NA,,,,275,
276,http://www.wikidata.org/entity/Q126948346,personnalité politique,professions-intermédiaires-administratives-de-la-fonction-publique,NA,,,,276,
277,http://www.wikidata.org/entity/Q126949238,personnalité politique,cadres-administratifs-et-commerciaux-d'entreprise,personnes-diverses-sans-activité-professionnelle-de-moins-de-60-ans-sauf-retraités,,,,277,
278,http://www.wikidata.org/entity/Q126949564,personnalité politique,employés-administratifs-d'entreprise,NA,,,,278,
279,http://www.wikidata.org/entity/Q126950841,personnalité politique,policiers-et-militaires,NA,,,,279,
280,http://www.wikidata.org/entity/Q126960558,NA,professions-intermédiaires-administratives-de-la-fonction-publique,NA,,,,280,
281,http://www.wikidata.org/entity/Q127109404,personnalité politique,"contremaîtres,-agents-de-maîtrise",NA,,,,281,
282,http://www.wikidata.org/entity/Q127220622,personnalité politique,NA,NA,,,,282,
283,http://www.wikidata.org/entity/Q127224962,personnalité politique,ingénieurs-et-cadres-techniques-d'entreprise,informaticien-ou-informaticienne,,,,283,
284,http://www.wikidata.org/entity/Q127224995,personnalité politique,professions-intermédiaires-de-la-santé-et-du-travail-social,NA,,,,284,
285,http://www.wikidata.org/entity/Q127233075,personnalité politique,NA,NA,,,,285,
286,http://www.wikidata.org/entity/Q127247869,personnalité politique,"contremaîtres,-agents-de-maîtrise",cheminot,,,,286,
287,http://www.wikidata.org/entity/Q127248007,personnalité politique,professions-intermédiaires-administratives-de-la-fonction-publique,NA,,,,287,
288,http://www.wikidata.org/entity/Q127253515,personnalité politique,ingénieurs-et-cadres-techniques-d'entreprise,NA,,,,288,
289,http://www.wikidata.org/entity/Q127255874,personnalité politique,NA,NA,,,,289,
290,http://www.wikidata.org/entity/Q127255949,NA,"ouvriers-qualifiés-de-la-manutention,-du-magasinage-et-du-transport",NA,,,,290,
291,http://www.wikidata.org/entity/Q127256447,cadres-de-la-fonction-publique,NA,NA,,,,291,
292,http://www.wikidata.org/entity/Q127256464,personnalité politique,cadres-administratifs-et-commerciaux-d'entreprise,NA,,,,292,
293,http://www.wikidata.org/entity/Q127256470,NA,cadres-administratifs-et-commerciaux-d'entreprise,NA,,,,293,
294,http://www.wikidata.org/entity/Q127256484,NA,professions-libérales-et-assimilés,NA,,,,294,
295,http://www.wikidata.org/entity/Q127256521,personnalité politique,cadres-administratifs-et-commerciaux-d'entreprise,NA,,,,295,
296,http://www.wikidata.org/entity/Q127256524,NA,cadres-administratifs-et-commerciaux-d'entreprise,NA,,,,296,
297,http://www.wikidata.org/entity/Q127256529,personnalité politique,cadres-administratifs-et-commerciaux-d'entreprise,NA,,,,297,
298,http://www.wikidata.org/entity/Q127256551,personnalité politique,professions-intermédiaires-administratives-de-la-fonction-publique,techniciens,,,,298,
299,http://www.wikidata.org/entity/Q127256557,NA,personnels-des-services-directs-aux-particuliers,NA,,,,299,
300,http://www.wikidata.org/entity/Q127256562,personnalité politique,"élèves,-étudiants",NA,,,,300,
301,http://www.wikidata.org/entity/Q127256565,personnalité politique,NA,NA,,,,301,
302,http://www.wikidata.org/entity/Q127256568,cadres-de-la-fonction-publique,officier,NA,,,,302,
303,http://www.wikidata.org/entity/Q127256587,NA,professions-libérales-et-assimilés,NA,,,,303,
304,http://www.wikidata.org/entity/Q127256590,personnalité politique,"élèves,-étudiants",NA,,,,304,
305,http://www.wikidata.org/entity/Q127256660,personnalité politique,employés-administratifs-d'entreprise,NA,,,,305,
306,http://www.wikidata.org/entity/Q127256695,personnalité politique,professions-intermédiaires-de-la-santé-et-du-travail-social,NA,,,,306,
307,http://www.wikidata.org/entity/Q127256838,NA,agriculteurs-sur-moyenne-exploitation,NA,,,,307,
308,http://www.wikidata.org/entity/Q127256910,NA,employés-de-commerce,NA,,,,308,
309,http://www.wikidata.org/entity/Q127270999,personnalité politique,"professeurs,-professions-scientifiques",acteur-ou-actrice,,,,309,
310,http://www.wikidata.org/entity/Q127271701,personnalité politique,chefs-d'entreprise-de-10-salariés-ou-plus,NA,,,,310,
311,http://www.wikidata.org/entity/Q127271810,personnalité politique,NA,NA,,,,311,
312,http://www.wikidata.org/entity/Q127274166,personnalité politique,NA,NA,,,,312,
313,http://www.wikidata.org/entity/Q127274305,cadres-de-la-fonction-publique,NA,NA,,,,313,
314,http://www.wikidata.org/entity/Q127274355,NA,"professeurs,-professions-scientifiques",NA,,,,314,
315,http://www.wikidata.org/entity/Q127274678,NA,professions-intermédiaires-de-la-santé-et-du-travail-social,NA,,,,315,
316,http://www.wikidata.org/entity/Q127331341,NA,personnes-diverses-sans-activité-professionnelle-de-moins-de-60-ans-sauf-retraités,NA,,,,316,
317,http://www.wikidata.org/entity/Q127385663,personnalité politique,agriculteur-ou-agricultrice,joueur-ou-joueuse-de-rugby,,,,317,
318,http://www.wikidata.org/entity/Q127413477,NA,NA,NA,,,,318,
319,http://www.wikidata.org/entity/Q1278120,personnalité politique,diplomate,NA,,,,319,
320,http://www.wikidata.org/entity/Q1281946,personnalité politique,professions-libérales-et-assimilés,NA,,,,320,
321,http://www.wikidata.org/entity/Q12921,personnalité politique,NA,NA,,,,321,
322,http://www.wikidata.org/entity/Q12922,personnalité politique,économiste,NA,,,,322,
323,http://www.wikidata.org/entity/Q12923,personnalité politique,médecin,professeur-d'université,,,,323,
324,http://www.wikidata.org/entity/Q12924,personnalité politique,NA,NA,,,,324,
325,http://www.wikidata.org/entity/Q12925,personnalité politique,chefs-d'entreprise-de-10-salariés-ou-plus,chef-ou-cheffe-d'entreprise,,,,325,
326,http://www.wikidata.org/entity/Q12926,personnalité politique,NA,NA,,,,326,
327,http://www.wikidata.org/entity/Q12927,personnalité politique,professions-libérales-et-assimilés,avocat-ou-avocate,,,,327,
328,http://www.wikidata.org/entity/Q12928,personnalité politique,"professeurs,-professions-scientifiques",professeur-d'université,,,,328,
329,http://www.wikidata.org/entity/Q12930,personnalité politique,anciens-cadres,personnes-diverses-sans-activité-professionnelle-de-moins-de-60-ans-sauf-retraités,,,,329,
330,http://www.wikidata.org/entity/Q12931,personnalité politique,NA,NA,,,,330,
331,http://www.wikidata.org/entity/Q12934,personnalité politique,NA,NA,,,,331,
332,http://www.wikidata.org/entity/Q12937,personnalité politique,juriste,magistrat-ou-magistrate,,,,332,
333,http://www.wikidata.org/entity/Q12939,personnalité politique,NA,NA,,,,333,
334,http://www.wikidata.org/entity/Q12941,personnalité politique,personnes-diverses-sans-activité-professionnelle-de-moins-de-60-ans-sauf-retraités,NA,,,,334,
335,http://www.wikidata.org/entity/Q12943,personnalité politique,anciens-cadres,NA,,,,335,
336,http://www.wikidata.org/entity/Q12946,personnalité politique,officiel,NA,,,,336,
337,http://www.wikidata.org/entity/Q12955,personnalité politique,professeur-d'université,NA,,,,337,
338,http://www.wikidata.org/entity/Q12956,personnalité politique,enseignant-ou-enseignante-du-secondaire,NA,,,,338,
339,http://www.wikidata.org/entity/Q12957,personnalité politique,économiste,professeur,,,,339,
340,http://www.wikidata.org/entity/Q12961,personnalité politique,NA,NA,,,,340,
341,http://www.wikidata.org/entity/Q12963,personnalité politique,pensionné,maire,,,,341,
342,http://www.wikidata.org/entity/Q12964,personnalité politique,avocat-ou-avocate,anciens-cadres,,,,342,
343,http://www.wikidata.org/entity/Q129774,personnalité politique,officiel,NA,,,,343,
344,http://www.wikidata.org/entity/Q130316329,personnalité politique,avocat-ou-avocate,NA,,,,344,
345,http://www.wikidata.org/entity/Q130331865,personnalité politique,NA,NA,,,,345,
346,http://www.wikidata.org/entity/Q130331874,personnalité politique,NA,NA,,,,346,
347,http://www.wikidata.org/entity/Q130332860,personnalité politique,NA,NA,,,,347,
348,http://www.wikidata.org/entity/Q130339871,NA,NA,NA,,,,348,
349,http://www.wikidata.org/entity/Q130339900,NA,NA,NA,,,,349,
350,http://www.wikidata.org/entity/Q130340068,NA,NA,NA,,,,350,
351,http://www.wikidata.org/entity/Q130340094,personnalité politique,NA,NA,,,,351,
352,http://www.wikidata.org/entity/Q130340577,personnalité politique,NA,NA,,,,352,
353,http://www.wikidata.org/entity/Q130343689,personnalité politique,NA,NA,,,,353,
354,http://www.wikidata.org/entity/Q130375116,personnalité politique,professions-intermédiaires-administratives-de-la-fonction-publique,NA,,,,354,
355,http://www.wikidata.org/entity/Q1305536,personnalité politique,NA,NA,,,,355,
356,http://www.wikidata.org/entity/Q131546327,personnalité politique,chef-ou-cheffe-d'entreprise,NA,,,,356,
357,http://www.wikidata.org/entity/Q131546364,personnalité politique,NA,NA,,,,357,
358,http://www.wikidata.org/entity/Q131631495,personnalité politique,NA,NA,,,,358,
359,http://www.wikidata.org/entity/Q131956247,personnalité politique,enseignant-ou-enseignante-du-secondaire,NA,,,,359,
360,http://www.wikidata.org/entity/Q1321340,personnalité politique,avocat-ou-avocate,NA,,,,360,
361,http://www.wikidata.org/entity/Q1324990,personnalité politique,NA,NA,,,,361,
362,http://www.wikidata.org/entity/Q13426765,personnalité politique,chefs-d'entreprise-de-10-salariés-ou-plus,ingénieurs-et-cadres-techniques-d'entreprise,,,,362,
363,http://www.wikidata.org/entity/Q1347314,personnalité politique,NA,NA,,,,363,
364,http://www.wikidata.org/entity/Q13476235,personnalité politique,syndicaliste,viticulteur-ou-viticultrice,,,,364,
365,http://www.wikidata.org/entity/Q1347791,personnalité politique,écrivain-ou-écrivaine,banquier,,,,365,
366,http://www.wikidata.org/entity/Q135272182,NA,NA,NA,,,,366,
367,http://www.wikidata.org/entity/Q1353268,personnalité politique,médecin,chirurgien-ou-chirurgienne,,,,367,
368,http://www.wikidata.org/entity/Q1353605,personnalité politique,avocat-ou-avocate,NA,,,,368,
369,http://www.wikidata.org/entity/Q1360173,personnalité politique,officiel,NA,,,,369,
370,http://www.wikidata.org/entity/Q136442447,personnalité politique,NA,NA,,,,370,
371,http://www.wikidata.org/entity/Q136485468,personnalité politique,NA,NA,,,,371,
372,http://www.wikidata.org/entity/Q136485543,personnalité politique,NA,NA,,,,372,
373,http://www.wikidata.org/entity/Q1366170,personnalité politique,avocat-ou-avocate,juriste,,,,373,
374,http://www.wikidata.org/entity/Q136772110,NA,NA,NA,,,,374,
375,http://www.wikidata.org/entity/Q1379752,personnalité politique,officiel,juriste,,,,375,
376,http://www.wikidata.org/entity/Q1383068,personnalité politique,NA,NA,,,,376,
377,http://www.wikidata.org/entity/Q1383590,personnalité politique,avocat-ou-avocate,maire,,,,377,
378,http://www.wikidata.org/entity/Q1393874,personnalité politique,avocat-ou-avocate,ministre,,,,378,
379,http://www.wikidata.org/entity/Q1394045,personnalité politique,NA,NA,,,,379,
380,http://www.wikidata.org/entity/Q1394083,personnalité politique,avocat-ou-avocate,NA,,,,380,
381,http://www.wikidata.org/entity/Q1398216,personnalité politique,NA,NA,,,,381,
382,http://www.wikidata.org/entity/Q1441627,personnalité politique,résistant-ou-résistante,membre-du-conseil-d'administration,,,,382,
383,http://www.wikidata.org/entity/Q1450831,personnalité politique,NA,NA,,,,383,
384,http://www.wikidata.org/entity/Q1457778,personnalité politique,grand-corps-de-l'État,NA,,,,384,
385,http://www.wikidata.org/entity/Q1508800,personnalité politique,médecin,NA,,,,385,
386,http://www.wikidata.org/entity/Q1508990,personnalité politique,avocat-ou-avocate,NA,,,,386,
387,http://www.wikidata.org/entity/Q1521083,personnalité politique,NA,NA,,,,387,
388,http://www.wikidata.org/entity/Q1523929,personnalité politique,NA,NA,,,,388,
389,http://www.wikidata.org/entity/Q1530897,personnalité politique,NA,NA,,,,389,
390,http://www.wikidata.org/entity/Q1534217,personnalité politique,grand-corps-de-l'État,NA,,,,390,
391,http://www.wikidata.org/entity/Q1539165,personnalité politique,NA,NA,,,,391,
392,http://www.wikidata.org/entity/Q15455176,personnalité politique,résistant-ou-résistante,syndicaliste,,,,392,
393,http://www.wikidata.org/entity/Q157,personnalité politique,avocat-ou-avocate,anciens-cadres,,,,393,
394,http://www.wikidata.org/entity/Q15784606,personnalité politique,NA,NA,,,,394,
395,http://www.wikidata.org/entity/Q15818735,personnalité politique,NA,NA,,,,395,
396,http://www.wikidata.org/entity/Q15832782,personnalité politique,NA,NA,,,,396,
397,http://www.wikidata.org/entity/Q15842836,personnalité politique,NA,NA,,,,397,
398,http://www.wikidata.org/entity/Q15869276,personnalité politique,journaliste,chef-ou-cheffe-d'entreprise,,,,398,
399,http://www.wikidata.org/entity/Q1590383,personnalité politique,avocat-ou-avocate,NA,,,,399,
400,http://www.wikidata.org/entity/Q15970419,personnalité politique,NA,NA,,,,400,
401,http://www.wikidata.org/entity/Q15971900,personnalité politique,maire,NA,,,,401,
402,http://www.wikidata.org/entity/Q15973190,personnalité politique,militaire,NA,,,,402,
403,http://www.wikidata.org/entity/Q15973273,personnalité politique,NA,NA,,,,403,
404,http://www.wikidata.org/entity/Q15973544,personnalité politique,NA,NA,,,,404,
405,http://www.wikidata.org/entity/Q15973628,personnalité politique,NA,NA,,,,405,
406,http://www.wikidata.org/entity/Q15973674,personnalité politique,NA,NA,,,,406,
407,http://www.wikidata.org/entity/Q15973689,personnalité politique,NA,NA,,,,407,
408,http://www.wikidata.org/entity/Q15973704,personnalité politique,instituteur-ou-institutrice,NA,,,,408,
409,http://www.wikidata.org/entity/Q15973713,personnalité politique,NA,NA,,,,409,
410,http://www.wikidata.org/entity/Q15973787,personnalité politique,NA,NA,,,,410,
411,http://www.wikidata.org/entity/Q15973834,personnalité politique,NA,NA,,,,411,
412,http://www.wikidata.org/entity/Q15973916,personnalité politique,vétérinaire,NA,,,,412,
413,http://www.wikidata.org/entity/Q15973987,personnalité politique,NA,NA,,,,413,
414,http://www.wikidata.org/entity/Q15974205,personnalité politique,NA,NA,,,,414,
415,http://www.wikidata.org/entity/Q15974280,personnalité politique,ouvrier-ou-ouvrière-agricole,NA,,,,415,
416,http://www.wikidata.org/entity/Q15981,personnalité politique,avocat-ou-avocate,juriste,,,,416,
417,http://www.wikidata.org/entity/Q16026633,personnalité politique,NA,NA,,,,417,
418,http://www.wikidata.org/entity/Q16026634,personnalité politique,pensionné,NA,,,,418,
419,http://www.wikidata.org/entity/Q16026654,personnalité politique,NA,NA,,,,419,
420,http://www.wikidata.org/entity/Q16026676,personnalité politique,anciens-cadres,fonctionnaire-de-catégorie-a,,,,420,
421,http://www.wikidata.org/entity/Q16026738,personnalité politique,NA,NA,,,,421,
422,http://www.wikidata.org/entity/Q16026787,personnalité politique,NA,NA,,,,422,
423,http://www.wikidata.org/entity/Q16026791,personnalité politique,NA,NA,,,,423,
424,http://www.wikidata.org/entity/Q16026805,personnalité politique,historien-ou-historienne,NA,,,,424,
425,http://www.wikidata.org/entity/Q16026809,personnalité politique,NA,NA,,,,425,
426,http://www.wikidata.org/entity/Q16026837,personnalité politique,NA,NA,,,,426,
427,http://www.wikidata.org/entity/Q16026839,personnalité politique,NA,NA,,,,427,
428,http://www.wikidata.org/entity/Q16026907,personnalité politique,NA,NA,,,,428,
429,http://www.wikidata.org/entity/Q16026908,personnalité politique,NA,NA,,,,429,
430,http://www.wikidata.org/entity/Q16026909,personnalité politique,NA,NA,,,,430,
431,http://www.wikidata.org/entity/Q16026910,personnalité politique,NA,NA,,,,431,
432,http://www.wikidata.org/entity/Q16026929,personnalité politique,NA,NA,,,,432,
433,http://www.wikidata.org/entity/Q16027035,personnalité politique,NA,NA,,,,433,
434,http://www.wikidata.org/entity/Q16027060,personnalité politique,NA,NA,,,,434,
435,http://www.wikidata.org/entity/Q16027082,personnalité politique,NA,NA,,,,435,
436,http://www.wikidata.org/entity/Q16027101,personnalité politique,NA,NA,,,,436,
437,http://www.wikidata.org/entity/Q16027153,personnalité politique,NA,NA,,,,437,
438,http://www.wikidata.org/entity/Q16027184,personnalité politique,NA,NA,,,,438,
439,http://www.wikidata.org/entity/Q16027189,personnalité politique,NA,NA,,,,439,
440,http://www.wikidata.org/entity/Q16027214,personnalité politique,NA,NA,,,,440,
441,http://www.wikidata.org/entity/Q16027238,personnalité politique,NA,NA,,,,441,
442,http://www.wikidata.org/entity/Q16027253,personnalité politique,NA,NA,,,,442,
443,http://www.wikidata.org/entity/Q16027294,personnalité politique,NA,NA,,,,443,
444,http://www.wikidata.org/entity/Q16027295,personnalité politique,NA,NA,,,,444,
445,http://www.wikidata.org/entity/Q16027297,personnalité politique,NA,NA,,,,445,
446,http://www.wikidata.org/entity/Q160802,personnalité politique,personnalité-du-monde-des-affaires,entrepreneur-ou-entrepreneuse,,,,446,
447,http://www.wikidata.org/entity/Q16232083,personnalité politique,NA,NA,,,,447,
448,http://www.wikidata.org/entity/Q16235254,personnalité politique,NA,NA,,,,448,
449,http://www.wikidata.org/entity/Q16238767,personnalité politique,NA,NA,,,,449,
450,http://www.wikidata.org/entity/Q16252795,personnalité politique,NA,NA,,,,450,
451,http://www.wikidata.org/entity/Q16259796,personnalité politique,NA,NA,,,,451,
452,http://www.wikidata.org/entity/Q16259816,personnalité politique,NA,NA,,,,452,
453,http://www.wikidata.org/entity/Q16261515,personnalité politique,NA,NA,,,,453,
454,http://www.wikidata.org/entity/Q16262750,personnalité politique,NA,NA,,,,454,
455,http://www.wikidata.org/entity/Q16262842,personnalité politique,NA,NA,,,,455,
456,http://www.wikidata.org/entity/Q16262849,personnalité politique,NA,NA,,,,456,
457,http://www.wikidata.org/entity/Q16262905,personnalité politique,NA,NA,,,,457,
458,http://www.wikidata.org/entity/Q16262906,personnalité politique,NA,NA,,,,458,
459,http://www.wikidata.org/entity/Q16265294,personnalité politique,NA,NA,,,,459,
460,http://www.wikidata.org/entity/Q16266012,personnalité politique,médecin,NA,,,,460,
461,http://www.wikidata.org/entity/Q16266321,personnalité politique,politologue,philosophe,,,,461,
462,http://www.wikidata.org/entity/Q16266452,personnalité politique,NA,NA,,,,462,
463,http://www.wikidata.org/entity/Q16266968,personnalité politique,NA,NA,,,,463,
464,http://www.wikidata.org/entity/Q16267838,personnalité politique,NA,NA,,,,464,
465,http://www.wikidata.org/entity/Q16269481,personnalité politique,NA,NA,,,,465,
466,http://www.wikidata.org/entity/Q1632013,personnalité politique,NA,NA,,,,466,
467,http://www.wikidata.org/entity/Q16467633,personnalité politique,NA,NA,,,,467,
468,http://www.wikidata.org/entity/Q16467636,personnalité politique,NA,NA,,,,468,
469,http://www.wikidata.org/entity/Q16467638,personnalité politique,NA,NA,,,,469,
470,http://www.wikidata.org/entity/Q16467639,personnalité politique,NA,NA,,,,470,
471,http://www.wikidata.org/entity/Q16467641,personnalité politique,NA,NA,,,,471,
472,http://www.wikidata.org/entity/Q16467642,personnalité politique,NA,NA,,,,472,
473,http://www.wikidata.org/entity/Q16467664,personnalité politique,anciens-cadres,pensionné,,,,473,
474,http://www.wikidata.org/entity/Q16467678,personnalité politique,NA,NA,,,,474,
475,http://www.wikidata.org/entity/Q16467683,personnalité politique,pensionné,anciennes-professions-intermédiaires,,,,475,
476,http://www.wikidata.org/entity/Q16467684,personnalité politique,NA,NA,,,,476,
477,http://www.wikidata.org/entity/Q16467685,personnalité politique,NA,NA,,,,477,
478,http://www.wikidata.org/entity/Q16525715,personnalité politique,NA,NA,,,,478,
479,http://www.wikidata.org/entity/Q16525802,personnalité politique,NA,NA,,,,479,
480,http://www.wikidata.org/entity/Q16526831,personnalité politique,chirurgien-dentiste,NA,,,,480,
481,http://www.wikidata.org/entity/Q16526892,personnalité politique,NA,NA,,,,481,
482,http://www.wikidata.org/entity/Q16526895,personnalité politique,NA,NA,,,,482,
483,http://www.wikidata.org/entity/Q16540278,personnalité politique,NA,NA,,,,483,
484,http://www.wikidata.org/entity/Q16540290,personnalité politique,NA,NA,,,,484,
485,http://www.wikidata.org/entity/Q16540304,personnalité politique,NA,NA,,,,485,
486,http://www.wikidata.org/entity/Q16543600,personnalité politique,NA,NA,,,,486,
487,http://www.wikidata.org/entity/Q16546334,personnalité politique,NA,NA,,,,487,
488,http://www.wikidata.org/entity/Q1659343,personnalité politique,NA,NA,,,,488,
489,http://www.wikidata.org/entity/Q16626222,personnalité politique,NA,NA,,,,489,
490,http://www.wikidata.org/entity/Q16626229,personnalité politique,NA,NA,,,,490,
491,http://www.wikidata.org/entity/Q16626857,personnalité politique,NA,NA,,,,491,
492,http://www.wikidata.org/entity/Q16627713,personnalité politique,ingénieurs-et-cadres-techniques-d'entreprise,professeur-d'université,,,,492,
493,http://www.wikidata.org/entity/Q16634862,personnalité politique,NA,NA,,,,493,
494,http://www.wikidata.org/entity/Q16634865,personnalité politique,NA,NA,,,,494,
495,http://www.wikidata.org/entity/Q16634889,personnalité politique,NA,NA,,,,495,
496,http://www.wikidata.org/entity/Q16634891,personnalité politique,NA,NA,,,,496,
497,http://www.wikidata.org/entity/Q16637118,personnalité politique,NA,NA,,,,497,
498,http://www.wikidata.org/entity/Q16638342,personnalité politique,NA,NA,,,,498,
499,http://www.wikidata.org/entity/Q16638705,personnalité politique,NA,NA,,,,499,
500,http://www.wikidata.org/entity/Q16638876,personnalité politique,NA,NA,,,,500,
501,http://www.wikidata.org/entity/Q16638902,personnalité politique,NA,NA,,,,501,
502,http://www.wikidata.org/entity/Q16639106,personnalité politique,NA,NA,,,,502,
503,http://www.wikidata.org/entity/Q16639115,personnalité politique,NA,NA,,,,503,
504,http://www.wikidata.org/entity/Q16641570,personnalité politique,NA,NA,,,,504,
505,http://www.wikidata.org/entity/Q16641584,personnalité politique,NA,NA,,,,505,
506,http://www.wikidata.org/entity/Q16641591,personnalité politique,NA,NA,,,,506,
507,http://www.wikidata.org/entity/Q16641597,personnalité politique,NA,NA,,,,507,
508,http://www.wikidata.org/entity/Q16641632,personnalité politique,NA,NA,,,,508,
509,http://www.wikidata.org/entity/Q16642462,personnalité politique,"professeurs,-professions-scientifiques",économiste,,,,509,
510,http://www.wikidata.org/entity/Q16644411,personnalité politique,médecin,NA,,,,510,
511,http://www.wikidata.org/entity/Q16645205,personnalité politique,NA,NA,,,,511,
512,http://www.wikidata.org/entity/Q16645436,personnalité politique,NA,NA,,,,512,
513,http://www.wikidata.org/entity/Q16645454,personnalité politique,NA,NA,,,,513,
514,http://www.wikidata.org/entity/Q16645462,personnalité politique,NA,NA,,,,514,
515,http://www.wikidata.org/entity/Q16645502,personnalité politique,NA,NA,,,,515,
516,http://www.wikidata.org/entity/Q16645586,personnalité politique,NA,NA,,,,516,
517,http://www.wikidata.org/entity/Q16645595,personnalité politique,NA,NA,,,,517,
518,http://www.wikidata.org/entity/Q16646407,personnalité politique,professions-libérales-et-assimilés,membre-du-conseil-d'administration,,,,518,
519,http://www.wikidata.org/entity/Q16661322,personnalité politique,NA,NA,,,,519,
520,http://www.wikidata.org/entity/Q16661474,personnalité politique,NA,NA,,,,520,
521,http://www.wikidata.org/entity/Q16662880,personnalité politique,NA,NA,,,,521,
522,http://www.wikidata.org/entity/Q16662901,personnalité politique,NA,NA,,,,522,
523,http://www.wikidata.org/entity/Q16663006,personnalité politique,"professeurs-des-écoles,-instituteurs-et-assimilés",NA,,,,523,
524,http://www.wikidata.org/entity/Q16663096,personnalité politique,NA,NA,,,,524,
525,http://www.wikidata.org/entity/Q16663836,personnalité politique,NA,NA,,,,525,
526,http://www.wikidata.org/entity/Q16663875,personnalité politique,NA,NA,,,,526,
527,http://www.wikidata.org/entity/Q16663885,personnalité politique,NA,NA,,,,527,
528,http://www.wikidata.org/entity/Q16664298,personnalité politique,NA,NA,,,,528,
529,http://www.wikidata.org/entity/Q16664306,personnalité politique,NA,NA,,,,529,
530,http://www.wikidata.org/entity/Q16664354,personnalité politique,NA,NA,,,,530,
531,http://www.wikidata.org/entity/Q16667802,personnalité politique,NA,NA,,,,531,
532,http://www.wikidata.org/entity/Q16669267,personnalité politique,NA,NA,,,,532,
533,http://www.wikidata.org/entity/Q16669305,personnalité politique,NA,NA,,,,533,
534,http://www.wikidata.org/entity/Q16669743,personnalité politique,NA,NA,,,,534,
535,http://www.wikidata.org/entity/Q16669934,personnalité politique,cadres-administratifs-et-commerciaux-d'entreprise,NA,,,,535,
536,http://www.wikidata.org/entity/Q16669958,personnalité politique,NA,NA,,,,536,
537,http://www.wikidata.org/entity/Q16670020,personnalité politique,NA,NA,,,,537,
538,http://www.wikidata.org/entity/Q16670044,personnalité politique,NA,NA,,,,538,
539,http://www.wikidata.org/entity/Q16670086,personnalité politique,NA,NA,,,,539,
540,http://www.wikidata.org/entity/Q16672557,personnalité politique,NA,NA,,,,540,
541,http://www.wikidata.org/entity/Q16672954,personnalité politique,NA,NA,,,,541,
542,http://www.wikidata.org/entity/Q16672977,personnalité politique,NA,NA,,,,542,
543,http://www.wikidata.org/entity/Q16673109,personnalité politique,NA,NA,,,,543,
544,http://www.wikidata.org/entity/Q16673114,personnalité politique,NA,NA,,,,544,
545,http://www.wikidata.org/entity/Q16683347,personnalité politique,cadres-administratifs-et-commerciaux-d'entreprise,NA,,,,545,
546,http://www.wikidata.org/entity/Q16685162,personnalité politique,NA,NA,,,,546,
547,http://www.wikidata.org/entity/Q1674061,personnalité politique,NA,NA,,,,547,
548,http://www.wikidata.org/entity/Q1674130,personnalité politique,NA,NA,,,,548,
549,http://www.wikidata.org/entity/Q16749704,personnalité politique,agriculteur-ou-agricultrice,NA,,,,549,
550,http://www.wikidata.org/entity/Q16798425,personnalité politique,NA,NA,,,,550,
551,http://www.wikidata.org/entity/Q16798432,personnalité politique,NA,NA,,,,551,
552,http://www.wikidata.org/entity/Q16798434,personnalité politique,NA,NA,,,,552,
553,http://www.wikidata.org/entity/Q16798440,personnalité politique,NA,NA,,,,553,
554,http://www.wikidata.org/entity/Q16798446,personnalité politique,NA,NA,,,,554,
555,http://www.wikidata.org/entity/Q16798459,personnalité politique,résistant-ou-résistante,NA,,,,555,
556,http://www.wikidata.org/entity/Q16798461,personnalité politique,NA,NA,,,,556,
557,http://www.wikidata.org/entity/Q16798466,personnalité politique,coureur-de-steeple,NA,,,,557,
558,http://www.wikidata.org/entity/Q16798475,personnalité politique,NA,NA,,,,558,
559,http://www.wikidata.org/entity/Q16798479,personnalité politique,NA,NA,,,,559,
560,http://www.wikidata.org/entity/Q16798504,personnalité politique,NA,NA,,,,560,
561,http://www.wikidata.org/entity/Q16798512,personnalité politique,NA,NA,,,,561,
562,http://www.wikidata.org/entity/Q16798515,personnalité politique,NA,NA,,,,562,
563,http://www.wikidata.org/entity/Q16798520,personnalité politique,NA,NA,,,,563,
564,http://www.wikidata.org/entity/Q16798532,personnalité politique,NA,NA,,,,564,
565,http://www.wikidata.org/entity/Q16798542,personnalité politique,NA,NA,,,,565,
566,http://www.wikidata.org/entity/Q16798569,personnalité politique,notaire-en-droit-français,NA,,,,566,
567,http://www.wikidata.org/entity/Q16798570,personnalité politique,NA,NA,,,,567,
568,http://www.wikidata.org/entity/Q168093,personnalité politique,résistant-ou-résistante,NA,,,,568,
569,http://www.wikidata.org/entity/Q168106,personnalité politique,NA,NA,,,,569,
570,http://www.wikidata.org/entity/Q1684702,personnalité politique,NA,NA,,,,570,
571,http://www.wikidata.org/entity/Q1684726,personnalité politique,NA,NA,,,,571,
572,http://www.wikidata.org/entity/Q1684732,personnalité politique,NA,NA,,,,572,
573,http://www.wikidata.org/entity/Q1685028,personnalité politique,pharmacien-ou-pharmacienne,NA,,,,573,
574,http://www.wikidata.org/entity/Q1685067,personnalité politique,maire,parlementaire,,,,574,
575,http://www.wikidata.org/entity/Q1685157,personnalité politique,écrivain-ou-écrivaine,auteur-ou-autrice-de-non-fiction,,,,575,
576,http://www.wikidata.org/entity/Q1685318,personnalité politique,pensionné,anciens-agriculteurs-exploitants,,,,576,
577,http://www.wikidata.org/entity/Q1685524,personnalité politique,juriste,professeur-d'université,,,,577,
578,http://www.wikidata.org/entity/Q1685804,personnalité politique,NA,NA,,,,578,
579,http://www.wikidata.org/entity/Q1685859,personnalité politique,maire,magistrat-ou-magistrate,,,,579,
580,http://www.wikidata.org/entity/Q16889975,personnalité politique,avocat-ou-avocate,NA,,,,580,
581,http://www.wikidata.org/entity/Q16916401,personnalité politique,NA,NA,,,,581,
582,http://www.wikidata.org/entity/Q17153708,personnalité politique,NA,NA,,,,582,
583,http://www.wikidata.org/entity/Q17155333,personnalité politique,professions-libérales-et-assimilés,NA,,,,583,
584,http://www.wikidata.org/entity/Q17173914,personnalité politique,personnes-diverses-sans-activité-professionnelle-de-moins-de-60-ans-sauf-retraités,NA,,,,584,
585,http://www.wikidata.org/entity/Q17175074,personnalité politique,NA,NA,,,,585,
586,http://www.wikidata.org/entity/Q17175117,personnalité politique,NA,NA,,,,586,
587,http://www.wikidata.org/entity/Q17175234,personnalité politique,NA,NA,,,,587,
588,http://www.wikidata.org/entity/Q17175712,personnalité politique,NA,NA,,,,588,
589,http://www.wikidata.org/entity/Q17176435,personnalité politique,NA,NA,,,,589,
590,http://www.wikidata.org/entity/Q17177077,personnalité politique,cadre-d'entreprise,NA,,,,590,
591,http://www.wikidata.org/entity/Q17177439,personnalité politique,NA,NA,,,,591,
592,http://www.wikidata.org/entity/Q17177454,personnalité politique,NA,NA,,,,592,
593,http://www.wikidata.org/entity/Q1717882,personnalité politique,NA,NA,,,,593,
594,http://www.wikidata.org/entity/Q17189959,personnalité politique,NA,NA,,,,594,
595,http://www.wikidata.org/entity/Q1726930,personnalité politique,avocat-ou-avocate,juriste,,,,595,
596,http://www.wikidata.org/entity/Q17332884,personnalité politique,NA,NA,,,,596,
597,http://www.wikidata.org/entity/Q17350067,personnalité politique,NA,NA,,,,597,
598,http://www.wikidata.org/entity/Q17350094,personnalité politique,NA,NA,,,,598,
599,http://www.wikidata.org/entity/Q17350314,personnalité politique,NA,NA,,,,599,
600,http://www.wikidata.org/entity/Q17350338,personnalité politique,NA,NA,,,,600,
601,http://www.wikidata.org/entity/Q17350461,personnalité politique,NA,NA,,,,601,
602,http://www.wikidata.org/entity/Q17350479,personnalité politique,NA,NA,,,,602,
603,http://www.wikidata.org/entity/Q17350481,personnalité politique,NA,NA,,,,603,
604,http://www.wikidata.org/entity/Q17350489,personnalité politique,NA,NA,,,,604,
605,http://www.wikidata.org/entity/Q17350494,personnalité politique,NA,NA,,,,605,
606,http://www.wikidata.org/entity/Q17350499,personnalité politique,NA,NA,,,,606,
607,http://www.wikidata.org/entity/Q17350511,personnalité politique,NA,NA,,,,607,
608,http://www.wikidata.org/entity/Q17350512,personnalité politique,NA,NA,,,,608,
609,http://www.wikidata.org/entity/Q17350515,personnalité politique,NA,NA,,,,609,
610,http://www.wikidata.org/entity/Q17350520,personnalité politique,NA,NA,,,,610,
611,http://www.wikidata.org/entity/Q17350532,personnalité politique,NA,NA,,,,611,
612,http://www.wikidata.org/entity/Q17350579,personnalité politique,NA,NA,,,,612,
613,http://www.wikidata.org/entity/Q17350593,personnalité politique,NA,NA,,,,613,
614,http://www.wikidata.org/entity/Q17350621,personnalité politique,résistant-ou-résistante,membre-du-conseil-d'administration,,,,614,
615,http://www.wikidata.org/entity/Q17350623,personnalité politique,NA,NA,,,,615,
616,http://www.wikidata.org/entity/Q17350630,personnalité politique,NA,NA,,,,616,
617,http://www.wikidata.org/entity/Q17350634,personnalité politique,résistant-ou-résistante,NA,,,,617,
618,http://www.wikidata.org/entity/Q17350639,personnalité politique,NA,NA,,,,618,
619,http://www.wikidata.org/entity/Q17350678,personnalité politique,NA,NA,,,,619,
620,http://www.wikidata.org/entity/Q17350680,personnalité politique,anciens-cadres,professions-intermédiaires-de-la-santé-et-du-travail-social,,,,620,
621,http://www.wikidata.org/entity/Q17350707,personnalité politique,NA,NA,,,,621,
622,http://www.wikidata.org/entity/Q17350712,personnalité politique,NA,NA,,,,622,
623,http://www.wikidata.org/entity/Q17350721,personnalité politique,NA,NA,,,,623,
624,http://www.wikidata.org/entity/Q17350742,personnalité politique,NA,NA,,,,624,
625,http://www.wikidata.org/entity/Q17350751,personnalité politique,NA,NA,,,,625,
626,http://www.wikidata.org/entity/Q17350788,personnalité politique,NA,NA,,,,626,
627,http://www.wikidata.org/entity/Q17350796,personnalité politique,NA,NA,,,,627,
628,http://www.wikidata.org/entity/Q17350797,personnalité politique,NA,NA,,,,628,
629,http://www.wikidata.org/entity/Q17350800,personnalité politique,NA,NA,,,,629,
630,http://www.wikidata.org/entity/Q17350838,personnalité politique,NA,NA,,,,630,
631,http://www.wikidata.org/entity/Q17350843,personnalité politique,NA,NA,,,,631,
632,http://www.wikidata.org/entity/Q17350852,personnalité politique,NA,NA,,,,632,
633,http://www.wikidata.org/entity/Q17350866,personnalité politique,NA,NA,,,,633,
634,http://www.wikidata.org/entity/Q17350871,personnalité politique,NA,NA,,,,634,
635,http://www.wikidata.org/entity/Q17350883,personnalité politique,résistant-ou-résistante,NA,,,,635,
636,http://www.wikidata.org/entity/Q17350886,personnalité politique,professions-libérales-et-assimilés,personnes-diverses-sans-activité-professionnelle-de-moins-de-60-ans-sauf-retraités,,,,636,
637,http://www.wikidata.org/entity/Q17350905,personnalité politique,NA,NA,,,,637,
638,http://www.wikidata.org/entity/Q17350936,personnalité politique,NA,NA,,,,638,
639,http://www.wikidata.org/entity/Q17350968,personnalité politique,NA,NA,,,,639,
640,http://www.wikidata.org/entity/Q17350977,personnalité politique,NA,NA,,,,640,
641,http://www.wikidata.org/entity/Q17350986,personnalité politique,NA,NA,,,,641,
642,http://www.wikidata.org/entity/Q17350999,personnalité politique,NA,NA,,,,642,
643,http://www.wikidata.org/entity/Q17351002,personnalité politique,NA,NA,,,,643,
644,http://www.wikidata.org/entity/Q17351004,personnalité politique,NA,NA,,,,644,
645,http://www.wikidata.org/entity/Q17351009,personnalité politique,médecin,diplomate,,,,645,
646,http://www.wikidata.org/entity/Q17417558,personnalité politique,NA,NA,,,,646,
647,http://www.wikidata.org/entity/Q17485615,personnalité politique,ethnologue,NA,,,,647,
648,http://www.wikidata.org/entity/Q17485927,personnalité politique,avocat,NA,,,,648,
649,http://www.wikidata.org/entity/Q17485936,personnalité politique,"anciens-artisans,-commerçants,-chefs-d'entreprise",personnes-diverses-sans-activité-professionnelle-de-60-ans-et-plus-sauf-retraités,,,,649,
650,http://www.wikidata.org/entity/Q17496906,personnalité politique,résistant-ou-résistante,NA,,,,650,
651,http://www.wikidata.org/entity/Q17496917,personnalité politique,NA,NA,,,,651,
652,http://www.wikidata.org/entity/Q17496921,personnalité politique,NA,NA,,,,652,
653,http://www.wikidata.org/entity/Q17496948,personnalité politique,cadres-administratifs-et-commerciaux-d'entreprise,NA,,,,653,
654,http://www.wikidata.org/entity/Q17497052,personnalité politique,NA,NA,,,,654,
655,http://www.wikidata.org/entity/Q17580391,personnalité politique,NA,NA,,,,655,
656,http://www.wikidata.org/entity/Q17619515,personnalité politique,NA,NA,,,,656,
657,http://www.wikidata.org/entity/Q17621305,personnalité politique,NA,NA,,,,657,
658,http://www.wikidata.org/entity/Q17632457,personnalité politique,"professions-de-l'information,-des-arts-et-des-spectacles",porte-parole,,,,658,
659,http://www.wikidata.org/entity/Q1768192,personnalité politique,NA,NA,,,,659,
660,http://www.wikidata.org/entity/Q1778536,personnalité politique,économiste,NA,,,,660,
661,http://www.wikidata.org/entity/Q178339,personnalité politique,ingénieur-ou-ingénieure,NA,,,,661,
662,http://www.wikidata.org/entity/Q17907737,personnalité politique,anciennes-professions-intermédiaires,fonctionnaire-de-catégorie-b,,,,662,
663,http://www.wikidata.org/entity/Q182192,personnalité politique,syndicaliste,syndiqué,,,,663,
664,http://www.wikidata.org/entity/Q182786,personnalité politique,grand-corps-de-l'État,NA,,,,664,
665,http://www.wikidata.org/entity/Q1844180,personnalité politique,NA,NA,,,,665,
666,http://www.wikidata.org/entity/Q18553,personnalité politique,avocat-ou-avocate,juriste,,,,666,
667,http://www.wikidata.org/entity/Q18578128,personnalité politique,NA,NA,,,,667,
668,http://www.wikidata.org/entity/Q18578263,personnalité politique,NA,NA,,,,668,
669,http://www.wikidata.org/entity/Q18610982,personnalité politique,NA,NA,,,,669,
670,http://www.wikidata.org/entity/Q1862692,personnalité politique,NA,NA,,,,670,
671,http://www.wikidata.org/entity/Q1871995,personnalité politique,résistant-ou-résistante,journaliste,,,,671,
672,http://www.wikidata.org/entity/Q18744625,personnalité politique,NA,NA,,,,672,
673,http://www.wikidata.org/entity/Q18744632,personnalité politique,NA,NA,,,,673,
674,http://www.wikidata.org/entity/Q18744636,personnalité politique,NA,NA,,,,674,
675,http://www.wikidata.org/entity/Q18744640,personnalité politique,NA,NA,,,,675,
676,http://www.wikidata.org/entity/Q18744647,personnalité politique,NA,NA,,,,676,
677,http://www.wikidata.org/entity/Q18744648,personnalité politique,NA,NA,,,,677,
678,http://www.wikidata.org/entity/Q18744649,personnalité politique,médecin,écrivain-ou-écrivaine,,,,678,
679,http://www.wikidata.org/entity/Q18744653,personnalité politique,NA,NA,,,,679,
680,http://www.wikidata.org/entity/Q18744663,personnalité politique,NA,NA,,,,680,
681,http://www.wikidata.org/entity/Q18744692,personnalité politique,NA,NA,,,,681,
682,http://www.wikidata.org/entity/Q18744704,personnalité politique,NA,NA,,,,682,
683,http://www.wikidata.org/entity/Q18744722,personnalité politique,NA,NA,,,,683,
684,http://www.wikidata.org/entity/Q18744754,personnalité politique,NA,NA,,,,684,
685,http://www.wikidata.org/entity/Q18744762,personnalité politique,NA,NA,,,,685,
686,http://www.wikidata.org/entity/Q18744766,personnalité politique,NA,NA,,,,686,
687,http://www.wikidata.org/entity/Q18744773,personnalité politique,NA,NA,,,,687,
688,http://www.wikidata.org/entity/Q18744789,personnalité politique,NA,NA,,,,688,
689,http://www.wikidata.org/entity/Q18744791,personnalité politique,NA,NA,,,,689,
690,http://www.wikidata.org/entity/Q18744806,personnalité politique,NA,NA,,,,690,
691,http://www.wikidata.org/entity/Q18744811,personnalité politique,NA,NA,,,,691,
692,http://www.wikidata.org/entity/Q18744818,personnalité politique,NA,NA,,,,692,
693,http://www.wikidata.org/entity/Q18744822,personnalité politique,NA,NA,,,,693,
694,http://www.wikidata.org/entity/Q18744826,personnalité politique,NA,NA,,,,694,
695,http://www.wikidata.org/entity/Q18744841,personnalité politique,NA,NA,,,,695,
696,http://www.wikidata.org/entity/Q18744850,personnalité politique,NA,NA,,,,696,
697,http://www.wikidata.org/entity/Q18744851,personnalité politique,NA,NA,,,,697,
698,http://www.wikidata.org/entity/Q18744874,personnalité politique,NA,NA,,,,698,
699,http://www.wikidata.org/entity/Q18744878,personnalité politique,NA,NA,,,,699,
700,http://www.wikidata.org/entity/Q18744883,personnalité politique,NA,NA,,,,700,
701,http://www.wikidata.org/entity/Q18744930,personnalité politique,sidérurgiste,NA,,,,701,
702,http://www.wikidata.org/entity/Q18744937,personnalité politique,enseignant-ou-enseignante,NA,,,,702,
703,http://www.wikidata.org/entity/Q18744955,personnalité politique,audioprothésiste,NA,,,,703,
704,http://www.wikidata.org/entity/Q18744975,personnalité politique,NA,NA,,,,704,
705,http://www.wikidata.org/entity/Q18745008,personnalité politique,NA,NA,,,,705,
706,http://www.wikidata.org/entity/Q1887194,personnalité politique,NA,NA,,,,706,
707,http://www.wikidata.org/entity/Q1905371,personnalité politique,NA,NA,,,,707,
708,http://www.wikidata.org/entity/Q19057823,personnalité politique,NA,NA,,,,708,
709,http://www.wikidata.org/entity/Q19057863,personnalité politique,enseignant-ou-enseignante,NA,,,,709,
710,http://www.wikidata.org/entity/Q19057881,personnalité politique,artiste-peintre,NA,,,,710,
711,http://www.wikidata.org/entity/Q1907548,personnalité politique,avocat-ou-avocate,NA,,,,711,
712,http://www.wikidata.org/entity/Q1922541,personnalité politique,NA,NA,,,,712,
713,http://www.wikidata.org/entity/Q1922673,personnalité politique,avocat-ou-avocate,juriste,,,,713,
714,http://www.wikidata.org/entity/Q1930751,personnalité politique,avocat-ou-avocate,résistant-ou-résistante,,,,714,
715,http://www.wikidata.org/entity/Q19344680,personnalité politique,avocat-ou-avocate,NA,,,,715,
716,http://www.wikidata.org/entity/Q19358499,personnalité politique,NA,NA,,,,716,
717,http://www.wikidata.org/entity/Q19358501,personnalité politique,instituteur-ou-institutrice,NA,,,,717,
718,http://www.wikidata.org/entity/Q19358505,personnalité politique,NA,NA,,,,718,
719,http://www.wikidata.org/entity/Q19358511,personnalité politique,médecin,NA,,,,719,
720,http://www.wikidata.org/entity/Q19358512,personnalité politique,journaliste,NA,,,,720,
721,http://www.wikidata.org/entity/Q19358514,personnalité politique,médecin,NA,,,,721,
722,http://www.wikidata.org/entity/Q19358674,personnalité politique,NA,NA,,,,722,
723,http://www.wikidata.org/entity/Q19358744,personnalité politique,NA,NA,,,,723,
724,http://www.wikidata.org/entity/Q19358749,personnalité politique,NA,NA,,,,724,
725,http://www.wikidata.org/entity/Q19358778,personnalité politique,NA,NA,,,,725,
726,http://www.wikidata.org/entity/Q19358873,personnalité politique,NA,NA,,,,726,
727,http://www.wikidata.org/entity/Q19358877,personnalité politique,NA,NA,,,,727,
728,http://www.wikidata.org/entity/Q19358878,personnalité politique,NA,NA,,,,728,
729,http://www.wikidata.org/entity/Q19359009,personnalité politique,médecin,NA,,,,729,
730,http://www.wikidata.org/entity/Q19359013,personnalité politique,NA,NA,,,,730,
731,http://www.wikidata.org/entity/Q19359016,personnalité politique,NA,NA,,,,731,
732,http://www.wikidata.org/entity/Q19359534,personnalité politique,NA,NA,,,,732,
733,http://www.wikidata.org/entity/Q19360765,personnalité politique,NA,NA,,,,733,
734,http://www.wikidata.org/entity/Q19360784,personnalité politique,métallurgiste,NA,,,,734,
735,http://www.wikidata.org/entity/Q19360786,personnalité politique,militaire,NA,,,,735,
736,http://www.wikidata.org/entity/Q19360792,personnalité politique,officiel,NA,,,,736,
737,http://www.wikidata.org/entity/Q19360796,personnalité politique,charpentier-ou-charpentière,NA,,,,737,
738,http://www.wikidata.org/entity/Q19360798,personnalité politique,marchand-ou-marchande,NA,,,,738,
739,http://www.wikidata.org/entity/Q19360914,personnalité politique,policier-ou-policière,NA,,,,739,
740,http://www.wikidata.org/entity/Q19360919,personnalité politique,NA,NA,,,,740,
741,http://www.wikidata.org/entity/Q19360986,personnalité politique,médecin,NA,,,,741,
742,http://www.wikidata.org/entity/Q19360992,personnalité politique,horticulteur-ou-horticultrice,NA,,,,742,
743,http://www.wikidata.org/entity/Q19360996,personnalité politique,courtier-ou-courtière-en-assurances,NA,,,,743,
744,http://www.wikidata.org/entity/Q19361004,personnalité politique,NA,NA,,,,744,
745,http://www.wikidata.org/entity/Q19361005,personnalité politique,agriculteur-ou-agricultrice,NA,,,,745,
746,http://www.wikidata.org/entity/Q19361012,personnalité politique,chirurgien-ou-chirurgienne,NA,,,,746,
747,http://www.wikidata.org/entity/Q19361013,personnalité politique,agriculteur-ou-agricultrice,NA,,,,747,
748,http://www.wikidata.org/entity/Q19361020,personnalité politique,NA,NA,,,,748,
749,http://www.wikidata.org/entity/Q1940443,personnalité politique,juriste,NA,,,,749,
750,http://www.wikidata.org/entity/Q19606554,personnalité politique,NA,NA,,,,750,
751,http://www.wikidata.org/entity/Q19606775,personnalité politique,avocat-ou-avocate,NA,,,,751,
752,http://www.wikidata.org/entity/Q19606828,personnalité politique,agriculteur-ou-agricultrice,NA,,,,752,
753,http://www.wikidata.org/entity/Q19606880,personnalité politique,professions-libérales-et-assimilés,NA,,,,753,
754,http://www.wikidata.org/entity/Q19606977,personnalité politique,NA,NA,,,,754,
755,http://www.wikidata.org/entity/Q19607208,personnalité politique,NA,NA,,,,755,
756,http://www.wikidata.org/entity/Q19607212,personnalité politique,NA,NA,,,,756,
757,http://www.wikidata.org/entity/Q19607398,personnalité politique,chirurgien-dentiste,NA,,,,757,
758,http://www.wikidata.org/entity/Q19629426,personnalité politique,NA,NA,,,,758,
759,http://www.wikidata.org/entity/Q19629712,personnalité politique,NA,NA,,,,759,
760,http://www.wikidata.org/entity/Q19629715,personnalité politique,NA,NA,,,,760,
761,http://www.wikidata.org/entity/Q19629722,personnalité politique,gérontologue,NA,,,,761,
762,http://www.wikidata.org/entity/Q19629761,personnalité politique,NA,NA,,,,762,
763,http://www.wikidata.org/entity/Q19629762,personnalité politique,NA,NA,,,,763,
764,http://www.wikidata.org/entity/Q19629774,personnalité politique,NA,NA,,,,764,
765,http://www.wikidata.org/entity/Q19629775,personnalité politique,charcutier-ou-charcutière,éleveur,,,,765,
766,http://www.wikidata.org/entity/Q19630026,personnalité politique,officiel,NA,,,,766,
767,http://www.wikidata.org/entity/Q19630029,personnalité politique,avocat-ou-avocate,NA,,,,767,
768,http://www.wikidata.org/entity/Q19630036,personnalité politique,NA,NA,,,,768,
769,http://www.wikidata.org/entity/Q19630040,personnalité politique,NA,NA,,,,769,
770,http://www.wikidata.org/entity/Q19630047,personnalité politique,NA,NA,,,,770,
771,http://www.wikidata.org/entity/Q19630052,personnalité politique,vétérinaire,NA,,,,771,
772,http://www.wikidata.org/entity/Q19630057,personnalité politique,NA,NA,,,,772,
773,http://www.wikidata.org/entity/Q19630058,personnalité politique,NA,NA,,,,773,
774,http://www.wikidata.org/entity/Q19630059,personnalité politique,NA,NA,,,,774,
775,http://www.wikidata.org/entity/Q19630060,personnalité politique,NA,NA,,,,775,
776,http://www.wikidata.org/entity/Q19630061,personnalité politique,NA,NA,,,,776,
777,http://www.wikidata.org/entity/Q19630223,personnalité politique,NA,NA,,,,777,
778,http://www.wikidata.org/entity/Q19630239,personnalité politique,NA,NA,,,,778,
779,http://www.wikidata.org/entity/Q19630242,personnalité politique,NA,NA,,,,779,
780,http://www.wikidata.org/entity/Q19630244,personnalité politique,NA,NA,,,,780,
781,http://www.wikidata.org/entity/Q19630245,personnalité politique,NA,NA,,,,781,
782,http://www.wikidata.org/entity/Q19630253,personnalité politique,NA,NA,,,,782,
783,http://www.wikidata.org/entity/Q1967563,personnalité politique,chef-ou-cheffe-d'entreprise,NA,,,,783,
784,http://www.wikidata.org/entity/Q1967590,personnalité politique,NA,NA,,,,784,
785,http://www.wikidata.org/entity/Q198005,personnalité politique,écrivain-ou-écrivaine,consultant-ou-consultante,,,,785,
786,http://www.wikidata.org/entity/Q19958474,personnalité politique,fonctionnaire-de-catégorie-a,professions-intermédiaires-administratives-de-la-fonction-publique,,,,786,
787,http://www.wikidata.org/entity/Q19958573,personnalité politique,NA,NA,,,,787,
788,http://www.wikidata.org/entity/Q20020731,personnalité politique,officiel,ingénieurs-et-cadres-techniques-d'entreprise,,,,788,
789,http://www.wikidata.org/entity/Q20089164,personnalité politique,"professeurs,-professions-scientifiques",NA,,,,789,
790,http://www.wikidata.org/entity/Q20155655,personnalité politique,NA,NA,,,,790,
791,http://www.wikidata.org/entity/Q20155717,personnalité politique,NA,NA,,,,791,
792,http://www.wikidata.org/entity/Q2020823,personnalité politique,NA,NA,,,,792,
793,http://www.wikidata.org/entity/Q203793,personnalité politique,agent-général-ou-agente-générale-d'assurance,NA,,,,793,
794,http://www.wikidata.org/entity/Q2038,personnalité politique,avocat-ou-avocate,journaliste,,,,794,
795,http://www.wikidata.org/entity/Q2040280,personnalité politique,cadre-supérieur,NA,,,,795,
796,http://www.wikidata.org/entity/Q204187,personnalité politique,NA,NA,,,,796,
797,http://www.wikidata.org/entity/Q2057943,personnalité politique,NA,NA,,,,797,
798,http://www.wikidata.org/entity/Q2059067,personnalité politique,résistant-ou-résistante,NA,,,,798,
799,http://www.wikidata.org/entity/Q2060867,personnalité politique,NA,NA,,,,799,
800,http://www.wikidata.org/entity/Q20735825,personnalité politique,NA,NA,,,,800,
801,http://www.wikidata.org/entity/Q20857507,personnalité politique,"professeurs,-professions-scientifiques",conseiller-ou-conseillère-en-orientation,,,,801,
802,http://www.wikidata.org/entity/Q20872068,personnalité politique,NA,NA,,,,802,
803,http://www.wikidata.org/entity/Q20882460,personnalité politique,management-intermédiaire,NA,,,,803,
804,http://www.wikidata.org/entity/Q2093637,personnalité politique,NA,NA,,,,804,
805,http://www.wikidata.org/entity/Q20962474,personnalité politique,NA,NA,,,,805,
806,http://www.wikidata.org/entity/Q20991576,personnalité politique,NA,NA,,,,806,
807,http://www.wikidata.org/entity/Q21013136,personnalité politique,"professeurs,-professions-scientifiques",économiste,,,,807,
808,http://www.wikidata.org/entity/Q2105,personnalité politique,officiel,président-de-la-république,,,,808,
809,http://www.wikidata.org/entity/Q2114685,personnalité politique,fonctionnaire-de-catégorie-a,NA,,,,809,
810,http://www.wikidata.org/entity/Q2114734,personnalité politique,NA,NA,,,,810,
811,http://www.wikidata.org/entity/Q2114752,personnalité politique,enseignant-ou-enseignante-du-secondaire,NA,,,,811,
812,http://www.wikidata.org/entity/Q2119950,personnalité politique,NA,NA,,,,812,
813,http://www.wikidata.org/entity/Q2124,NA,homme-ou-femme-d'État,NA,,,,813,
814,http://www.wikidata.org/entity/Q21294609,personnalité politique,permanent-politique,militant-ou-militante-pour-les-droits-lgbt+,,,,814,
815,http://www.wikidata.org/entity/Q21334205,personnalité politique,NA,NA,,,,815,
816,http://www.wikidata.org/entity/Q21334235,personnalité politique,NA,NA,,,,816,
817,http://www.wikidata.org/entity/Q21334403,personnalité politique,NA,NA,,,,817,
818,http://www.wikidata.org/entity/Q2144558,personnalité politique,maire,instituteur-ou-institutrice,,,,818,
819,http://www.wikidata.org/entity/Q2150162,personnalité politique,pensionné,NA,,,,819,
820,http://www.wikidata.org/entity/Q215569,personnalité politique,diplomate,ministre,,,,820,
821,http://www.wikidata.org/entity/Q2161575,personnalité politique,NA,NA,,,,821,
822,http://www.wikidata.org/entity/Q2161754,personnalité politique,NA,NA,,,,822,
823,http://www.wikidata.org/entity/Q21621478,personnalité politique,personnes-diverses-sans-activité-professionnelle-de-moins-de-60-ans-sauf-retraités,NA,,,,823,
824,http://www.wikidata.org/entity/Q2168017,personnalité politique,cheminot,NA,,,,824,
825,http://www.wikidata.org/entity/Q217070,personnalité politique,diplomate,chef-de-gouvernement,,,,825,
826,http://www.wikidata.org/entity/Q2185,personnalité politique,banquier,NA,,,,826,
827,http://www.wikidata.org/entity/Q2223097,personnalité politique,NA,NA,,,,827,
828,http://www.wikidata.org/entity/Q2250266,personnalité politique,anciens-cadres,NA,,,,828,
829,http://www.wikidata.org/entity/Q2254052,personnalité politique,chefs-d'entreprise-de-10-salariés-ou-plus,NA,,,,829,
830,http://www.wikidata.org/entity/Q2263544,personnalité politique,avocat-ou-avocate,professeur-d'université,,,,830,
831,http://www.wikidata.org/entity/Q2265163,personnalité politique,NA,NA,,,,831,
832,http://www.wikidata.org/entity/Q22683833,personnalité politique,chefs-d'entreprise-de-10-salariés-ou-plus,NA,,,,832,
833,http://www.wikidata.org/entity/Q22687825,personnalité politique,pensionné,anciennes-professions-intermédiaires,,,,833,
834,http://www.wikidata.org/entity/Q22687837,personnalité politique,NA,NA,,,,834,
835,http://www.wikidata.org/entity/Q2271318,personnalité politique,NA,NA,,,,835,
836,http://www.wikidata.org/entity/Q2271848,personnalité politique,NA,NA,,,,836,
837,http://www.wikidata.org/entity/Q2271854,personnalité politique,pensionné,enseignant-ou-enseignante,,,,837,
838,http://www.wikidata.org/entity/Q2271863,personnalité politique,pensionné,NA,,,,838,
839,http://www.wikidata.org/entity/Q2274693,personnalité politique,NA,NA,,,,839,
840,http://www.wikidata.org/entity/Q2276307,personnalité politique,syndicaliste,NA,,,,840,
841,http://www.wikidata.org/entity/Q2277769,personnalité politique,enseignant-chercheur-ou-enseignante-chercheuse,archéologue,,,,841,
842,http://www.wikidata.org/entity/Q2277782,personnalité politique,NA,NA,,,,842,
843,http://www.wikidata.org/entity/Q2277941,personnalité politique,NA,NA,,,,843,
844,http://www.wikidata.org/entity/Q228977,personnalité politique,anciens-cadres,NA,,,,844,
845,http://www.wikidata.org/entity/Q22978792,personnalité politique,NA,NA,,,,845,
846,http://www.wikidata.org/entity/Q23001641,personnalité politique,NA,NA,,,,846,
847,http://www.wikidata.org/entity/Q23055577,personnalité politique,NA,NA,,,,847,
848,http://www.wikidata.org/entity/Q2307045,personnalité politique,NA,NA,,,,848,
849,http://www.wikidata.org/entity/Q230861,personnalité politique,diplomate,économiste,,,,849,
850,http://www.wikidata.org/entity/Q2310095,personnalité politique,"professeurs-des-écoles,-instituteurs-et-assimilés",instituteur-ou-institutrice,,,,850,
851,http://www.wikidata.org/entity/Q2321787,personnalité politique,permanent-politique,anciennes-professions-intermédiaires,,,,851,
852,http://www.wikidata.org/entity/Q23374860,personnalité politique,anciens-cadres,NA,,,,852,
853,http://www.wikidata.org/entity/Q23384045,personnalité politique,NA,NA,,,,853,
854,http://www.wikidata.org/entity/Q23393145,personnalité politique,chefs-d'entreprise-de-10-salariés-ou-plus,chef-ou-cheffe-d'entreprise,,,,854,
855,http://www.wikidata.org/entity/Q2362877,personnalité politique,professeur-des-écoles,NA,,,,855,
856,http://www.wikidata.org/entity/Q2363059,personnalité politique,journaliste,chef-ou-cheffe-d'entreprise,,,,856,
857,http://www.wikidata.org/entity/Q2363445,personnalité politique,NA,NA,,,,857,
858,http://www.wikidata.org/entity/Q2364858,personnalité politique,résistant-ou-résistante,militaire,,,,858,
859,http://www.wikidata.org/entity/Q2368327,personnalité politique,NA,NA,,,,859,
860,http://www.wikidata.org/entity/Q2370745,personnalité politique,NA,NA,,,,860,
861,http://www.wikidata.org/entity/Q2372650,personnalité politique,NA,NA,,,,861,
862,http://www.wikidata.org/entity/Q2373234,personnalité politique,NA,NA,,,,862,
863,http://www.wikidata.org/entity/Q2373780,personnalité politique,résistant-ou-résistante,juriste,,,,863,
864,http://www.wikidata.org/entity/Q2374322,personnalité politique,profession-rattachée-à-l'enseignement,NA,,,,864,
865,http://www.wikidata.org/entity/Q2374982,personnalité politique,NA,NA,,,,865,
866,http://www.wikidata.org/entity/Q2375736,personnalité politique,"anciens-artisans,-commerçants,-chefs-d'entreprise",NA,,,,866,
867,http://www.wikidata.org/entity/Q2378039,personnalité politique,NA,NA,,,,867,
868,http://www.wikidata.org/entity/Q2378118,personnalité politique,NA,NA,,,,868,
869,http://www.wikidata.org/entity/Q2379348,personnalité politique,profession-libérale,NA,,,,869,
870,http://www.wikidata.org/entity/Q2379535,personnalité politique,NA,NA,,,,870,
871,http://www.wikidata.org/entity/Q2379796,personnalité politique,NA,NA,,,,871,
872,http://www.wikidata.org/entity/Q2380158,personnalité politique,NA,NA,,,,872,
873,http://www.wikidata.org/entity/Q2381218,personnalité politique,résistant-ou-résistante,NA,,,,873,
874,http://www.wikidata.org/entity/Q2382914,personnalité politique,pensionné,NA,,,,874,
875,http://www.wikidata.org/entity/Q2385796,personnalité politique,anciens-cadres,NA,,,,875,
876,http://www.wikidata.org/entity/Q2386047,personnalité politique,cadres-administratifs-et-commerciaux-d'entreprise,NA,,,,876,
877,http://www.wikidata.org/entity/Q2386204,personnalité politique,résistant-ou-résistante,NA,,,,877,
878,http://www.wikidata.org/entity/Q2388603,personnalité politique,NA,NA,,,,878,
879,http://www.wikidata.org/entity/Q23907483,personnalité politique,économiste,NA,,,,879,
880,http://www.wikidata.org/entity/Q2391979,personnalité politique,fonctionnaire-de-catégorie-a,NA,,,,880,
881,http://www.wikidata.org/entity/Q2393437,personnalité politique,permanent-politique,NA,,,,881,
882,http://www.wikidata.org/entity/Q23945407,personnalité politique,ingénieur-ou-ingénieure,NA,,,,882,
883,http://www.wikidata.org/entity/Q23947942,personnalité politique,management-intermédiaire,NA,,,,883,
884,http://www.wikidata.org/entity/Q23948030,personnalité politique,NA,NA,,,,884,
885,http://www.wikidata.org/entity/Q23948039,personnalité politique,NA,NA,,,,885,
886,http://www.wikidata.org/entity/Q23948040,personnalité politique,chirurgien-ou-chirurgienne,NA,,,,886,
887,http://www.wikidata.org/entity/Q23948043,personnalité politique,NA,NA,,,,887,
888,http://www.wikidata.org/entity/Q23948045,personnalité politique,médecin,NA,,,,888,
889,http://www.wikidata.org/entity/Q2395754,personnalité politique,NA,NA,,,,889,
890,http://www.wikidata.org/entity/Q2395969,personnalité politique,NA,NA,,,,890,
891,http://www.wikidata.org/entity/Q2395973,personnalité politique,anciens-cadres,pensionné,,,,891,
892,http://www.wikidata.org/entity/Q2396260,personnalité politique,NA,NA,,,,892,
893,http://www.wikidata.org/entity/Q2397214,personnalité politique,NA,NA,,,,893,
894,http://www.wikidata.org/entity/Q2398250,personnalité politique,NA,NA,,,,894,
895,http://www.wikidata.org/entity/Q2399474,personnalité politique,NA,NA,,,,895,
896,http://www.wikidata.org/entity/Q2400794,personnalité politique,NA,NA,,,,896,
897,http://www.wikidata.org/entity/Q2401803,personnalité politique,NA,NA,,,,897,
898,http://www.wikidata.org/entity/Q2401871,personnalité politique,NA,NA,,,,898,
899,http://www.wikidata.org/entity/Q2403720,personnalité politique,NA,NA,,,,899,
900,http://www.wikidata.org/entity/Q2404111,personnalité politique,NA,NA,,,,900,
901,http://www.wikidata.org/entity/Q2406906,personnalité politique,NA,NA,,,,901,
902,http://www.wikidata.org/entity/Q2412384,personnalité politique,professions-libérales-et-assimilés,"anciens-artisans,-commerçants,-chefs-d'entreprise",,,,902,
903,http://www.wikidata.org/entity/Q2412867,personnalité politique,NA,NA,,,,903,
904,http://www.wikidata.org/entity/Q2413788,personnalité politique,NA,NA,,,,904,
905,http://www.wikidata.org/entity/Q2414678,personnalité politique,"professeurs,-professions-scientifiques",NA,,,,905,
906,http://www.wikidata.org/entity/Q2420908,personnalité politique,NA,NA,,,,906,
907,http://www.wikidata.org/entity/Q2422277,personnalité politique,NA,NA,,,,907,
908,http://www.wikidata.org/entity/Q2425277,personnalité politique,NA,NA,,,,908,
909,http://www.wikidata.org/entity/Q2425508,personnalité politique,enseignant-ou-enseignante-du-secondaire,NA,,,,909,
910,http://www.wikidata.org/entity/Q24255086,personnalité politique,fonctionnaire-de-catégorie-a,NA,,,,910,
911,http://www.wikidata.org/entity/Q24452013,personnalité politique,professions-libérales-et-assimilés,NA,,,,911,
912,http://www.wikidata.org/entity/Q2447029,personnalité politique,NA,NA,,,,912,
913,http://www.wikidata.org/entity/Q24512980,personnalité politique,enseignant-ou-enseignante,NA,,,,913,
914,http://www.wikidata.org/entity/Q2466002,personnalité politique,NA,NA,,,,914,
915,http://www.wikidata.org/entity/Q2472833,personnalité politique,diplomate,auteur-ou-autrice-de-non-fiction,,,,915,
916,http://www.wikidata.org/entity/Q2482453,personnalité politique,agriculteur-ou-agricultrice,NA,,,,916,
917,http://www.wikidata.org/entity/Q2482462,personnalité politique,militaire,NA,,,,917,
918,http://www.wikidata.org/entity/Q2483192,personnalité politique,chefs-d'entreprise-de-10-salariés-ou-plus,NA,,,,918,
919,http://www.wikidata.org/entity/Q2496489,personnalité politique,militaire,soldat,,,,919,
920,http://www.wikidata.org/entity/Q249802,personnalité politique,NA,NA,,,,920,
921,http://www.wikidata.org/entity/Q2506441,personnalité politique,personnes-diverses-sans-activité-professionnelle-de-moins-de-60-ans-sauf-retraités,permanent-politique,,,,921,
922,http://www.wikidata.org/entity/Q2507343,personnalité politique,professions-libérales-et-assimilés,avocat-ou-avocate,,,,922,
923,http://www.wikidata.org/entity/Q2514772,personnalité politique,avocat-ou-avocate,personnes-diverses-sans-activité-professionnelle-de-moins-de-60-ans-sauf-retraités,,,,923,
924,http://www.wikidata.org/entity/Q256294,personnalité politique,avocat-ou-avocate,maire,,,,924,
925,http://www.wikidata.org/entity/Q2564543,personnalité politique,résistant-ou-résistante,NA,,,,925,
926,http://www.wikidata.org/entity/Q256998,personnalité politique,diplomate,ministre,,,,926,
927,http://www.wikidata.org/entity/Q2571038,personnalité politique,médecin,NA,,,,927,
928,http://www.wikidata.org/entity/Q2597725,personnalité politique,NA,NA,,,,928,
929,http://www.wikidata.org/entity/Q2597745,personnalité politique,agriculteur-ou-agricultrice,NA,,,,929,
930,http://www.wikidata.org/entity/Q2597981,personnalité politique,NA,NA,,,,930,
931,http://www.wikidata.org/entity/Q2597989,personnalité politique,NA,NA,,,,931,
932,http://www.wikidata.org/entity/Q26214575,personnalité politique,personnes-diverses-sans-activité-professionnelle-de-moins-de-60-ans-sauf-retraités,NA,,,,932,
933,http://www.wikidata.org/entity/Q2636454,personnalité politique,NA,NA,,,,933,
934,http://www.wikidata.org/entity/Q2676536,personnalité politique,NA,NA,,,,934,
935,http://www.wikidata.org/entity/Q268595,personnalité politique,NA,NA,,,,935,
936,http://www.wikidata.org/entity/Q268634,personnalité politique,NA,NA,,,,936,
937,http://www.wikidata.org/entity/Q268669,personnalité politique,syndicaliste,activité,,,,937,
938,http://www.wikidata.org/entity/Q268675,personnalité politique,écrivain-ou-écrivaine,économiste,,,,938,
939,http://www.wikidata.org/entity/Q2689070,personnalité politique,NA,NA,,,,939,
940,http://www.wikidata.org/entity/Q2689072,personnalité politique,pensionné,NA,,,,940,
941,http://www.wikidata.org/entity/Q2689081,personnalité politique,NA,NA,,,,941,
942,http://www.wikidata.org/entity/Q2689088,personnalité politique,NA,NA,,,,942,
943,http://www.wikidata.org/entity/Q2695709,personnalité politique,résistant-ou-résistante,journaliste,,,,943,
944,http://www.wikidata.org/entity/Q270094,personnalité politique,politologue,NA,,,,944,
945,http://www.wikidata.org/entity/Q271537,personnalité politique,NA,NA,,,,945,
946,http://www.wikidata.org/entity/Q273143,personnalité politique,NA,NA,,,,946,
947,http://www.wikidata.org/entity/Q2733287,personnalité politique,NA,NA,,,,947,
948,http://www.wikidata.org/entity/Q2733295,personnalité politique,NA,NA,,,,948,
949,http://www.wikidata.org/entity/Q2733411,personnalité politique,enseignant-ou-enseignante-du-secondaire,NA,,,,949,
950,http://www.wikidata.org/entity/Q273701,personnalité politique,documentaliste,NA,,,,950,
951,http://www.wikidata.org/entity/Q273745,personnalité politique,nageur-ou-nageuse,NA,,,,951,
952,http://www.wikidata.org/entity/Q274267,personnalité politique,journaliste,photographe,,,,952,
953,http://www.wikidata.org/entity/Q274276,personnalité politique,NA,NA,,,,953,
954,http://www.wikidata.org/entity/Q2746785,personnalité politique,avocat-ou-avocate,NA,,,,954,
955,http://www.wikidata.org/entity/Q274689,personnalité politique,NA,NA,,,,955,
956,http://www.wikidata.org/entity/Q2747180,personnalité politique,NA,NA,,,,956,
957,http://www.wikidata.org/entity/Q2749277,personnalité politique,NA,NA,,,,957,
958,http://www.wikidata.org/entity/Q2750200,personnalité politique,pensionné,"anciens-artisans,-commerçants,-chefs-d'entreprise",,,,958,
959,http://www.wikidata.org/entity/Q2754410,personnalité politique,cadre-supérieur,NA,,,,959,
960,http://www.wikidata.org/entity/Q2754524,personnalité politique,professions-libérales-et-assimilés,NA,,,,960,
961,http://www.wikidata.org/entity/Q276921,personnalité politique,NA,NA,,,,961,
962,http://www.wikidata.org/entity/Q2782079,personnalité politique,cadres-administratifs-et-commerciaux-d'entreprise,professions-libérales-et-assimilés,,,,962,
963,http://www.wikidata.org/entity/Q2790949,personnalité politique,NA,NA,,,,963,
964,http://www.wikidata.org/entity/Q2791083,personnalité politique,avocat-ou-avocate,politologue,,,,964,
965,http://www.wikidata.org/entity/Q2791086,personnalité politique,NA,NA,,,,965,
966,http://www.wikidata.org/entity/Q27968052,personnalité politique,fonctionnaire-de-catégorie-a,NA,,,,966,
967,http://www.wikidata.org/entity/Q28007418,personnalité politique,entrepreneur-en-bâtiment,NA,,,,967,
968,http://www.wikidata.org/entity/Q28020145,personnalité politique,NA,NA,,,,968,
969,http://www.wikidata.org/entity/Q28097115,personnalité politique,NA,NA,,,,969,
970,http://www.wikidata.org/entity/Q2809967,personnalité politique,anciens-cadres,médecin,,,,970,
971,http://www.wikidata.org/entity/Q28105164,personnalité politique,ministre,entrepreneur-ou-entrepreneuse,,,,971,
972,http://www.wikidata.org/entity/Q281081,personnalité politique,pensionné,NA,,,,972,
973,http://www.wikidata.org/entity/Q281455,personnalité politique,anciens-cadres,magistrat-ou-magistrate,,,,973,
974,http://www.wikidata.org/entity/Q2815127,personnalité politique,NA,NA,,,,974,
975,http://www.wikidata.org/entity/Q2815137,personnalité politique,NA,NA,,,,975,
976,http://www.wikidata.org/entity/Q2815142,personnalité politique,pharmacien-ou-pharmacienne,NA,,,,976,
977,http://www.wikidata.org/entity/Q2815233,personnalité politique,NA,NA,,,,977,
978,http://www.wikidata.org/entity/Q2821354,personnalité politique,avocat-ou-avocate,NA,,,,978,
979,http://www.wikidata.org/entity/Q2821535,personnalité politique,ingénieur-ou-ingénieure,NA,,,,979,
980,http://www.wikidata.org/entity/Q2825162,personnalité politique,NA,NA,,,,980,
981,http://www.wikidata.org/entity/Q2828066,personnalité politique,NA,NA,,,,981,
982,http://www.wikidata.org/entity/Q2828081,personnalité politique,NA,NA,,,,982,
983,http://www.wikidata.org/entity/Q2828100,personnalité politique,résistant-ou-résistante,NA,,,,983,
984,http://www.wikidata.org/entity/Q2829528,personnalité politique,NA,NA,,,,984,
985,http://www.wikidata.org/entity/Q2829574,personnalité politique,urbaniste,NA,,,,985,
986,http://www.wikidata.org/entity/Q2829584,personnalité politique,pensionné,NA,,,,986,
987,http://www.wikidata.org/entity/Q2829623,personnalité politique,NA,NA,,,,987,
988,http://www.wikidata.org/entity/Q2829654,personnalité politique,NA,NA,,,,988,
989,http://www.wikidata.org/entity/Q2829666,personnalité politique,cadres-administratifs-et-commerciaux-d'entreprise,NA,,,,989,
990,http://www.wikidata.org/entity/Q2829669,personnalité politique,NA,NA,,,,990,
991,http://www.wikidata.org/entity/Q2829670,personnalité politique,NA,NA,,,,991,
992,http://www.wikidata.org/entity/Q2829673,personnalité politique,professeur-d'université,NA,,,,992,
993,http://www.wikidata.org/entity/Q2829684,personnalité politique,NA,NA,,,,993,
994,http://www.wikidata.org/entity/Q2829794,personnalité politique,NA,NA,,,,994,
995,http://www.wikidata.org/entity/Q2829853,personnalité politique,NA,NA,,,,995,
996,http://www.wikidata.org/entity/Q2829881,personnalité politique,journaliste,écrivain-ou-écrivaine,,,,996,
997,http://www.wikidata.org/entity/Q2829899,personnalité politique,NA,NA,,,,997,
998,http://www.wikidata.org/entity/Q2829903,personnalité politique,NA,NA,,,,998,
999,http://www.wikidata.org/entity/Q2829936,personnalité politique,NA,NA,,,,999,
1000,http://www.wikidata.org/entity/Q2829945,personnalité politique,chef-ou-cheffe-d'entreprise,NA,,,,1000,
1001,http://www.wikidata.org/entity/Q2829994,personnalité politique,NA,NA,,,,1001,
1002,http://www.wikidata.org/entity/Q2830013,personnalité politique,NA,NA,,,,1002,
1003,http://www.wikidata.org/entity/Q2830019,personnalité politique,NA,NA,,,,1003,
1004,http://www.wikidata.org/entity/Q2830059,personnalité politique,NA,NA,,,,1004,
1005,http://www.wikidata.org/entity/Q2830085,personnalité politique,journaliste,NA,,,,1005,
1006,http://www.wikidata.org/entity/Q2830086,personnalité politique,magistrat-ou-magistrate,NA,,,,1006,
1007,http://www.wikidata.org/entity/Q2830088,personnalité politique,médecin,anciennes-professions-intermédiaires,,,,1007,
1008,http://www.wikidata.org/entity/Q2830094,personnalité politique,NA,NA,,,,1008,
1009,http://www.wikidata.org/entity/Q2830127,personnalité politique,chefs-d'entreprise-de-10-salariés-ou-plus,chef-ou-cheffe-d'entreprise,,,,1009,
1010,http://www.wikidata.org/entity/Q2830133,personnalité politique,pensionné,NA,,,,1010,
1011,http://www.wikidata.org/entity/Q2830155,personnalité politique,NA,NA,,,,1011,
1012,http://www.wikidata.org/entity/Q2830248,personnalité politique,NA,NA,,,,1012,
1013,http://www.wikidata.org/entity/Q2830299,personnalité politique,professions-libérales-et-assimilés,avocat-ou-avocate,,,,1013,
1014,http://www.wikidata.org/entity/Q2830315,personnalité politique,avocat-ou-avocate,NA,,,,1014,
1015,http://www.wikidata.org/entity/Q2830328,personnalité politique,avocat-ou-avocate,NA,,,,1015,
1016,http://www.wikidata.org/entity/Q2830345,personnalité politique,pensionné,NA,,,,1016,
1017,http://www.wikidata.org/entity/Q2830362,personnalité politique,NA,NA,,,,1017,
1018,http://www.wikidata.org/entity/Q2830393,personnalité politique,NA,NA,,,,1018,
1019,http://www.wikidata.org/entity/Q2830761,personnalité politique,résistant-ou-résistante,NA,,,,1019,
1020,http://www.wikidata.org/entity/Q2830986,personnalité politique,NA,NA,,,,1020,
1021,http://www.wikidata.org/entity/Q2831019,personnalité politique,NA,NA,,,,1021,
1022,http://www.wikidata.org/entity/Q2831036,personnalité politique,NA,NA,,,,1022,
1023,http://www.wikidata.org/entity/Q2831091,personnalité politique,ingénieur-ou-ingénieure,NA,,,,1023,
1024,http://www.wikidata.org/entity/Q2831165,personnalité politique,NA,NA,,,,1024,
1025,http://www.wikidata.org/entity/Q283119,personnalité politique,NA,NA,,,,1025,
1026,http://www.wikidata.org/entity/Q2831206,personnalité politique,NA,NA,,,,1026,
1027,http://www.wikidata.org/entity/Q2831345,personnalité politique,NA,NA,,,,1027,
1028,http://www.wikidata.org/entity/Q2831346,personnalité politique,NA,NA,,,,1028,
1029,http://www.wikidata.org/entity/Q2831376,personnalité politique,avocat-ou-avocate,NA,,,,1029,
1030,http://www.wikidata.org/entity/Q2831380,personnalité politique,NA,NA,,,,1030,
1031,http://www.wikidata.org/entity/Q2831629,personnalité politique,inspecteur-du-trésor-public,NA,,,,1031,
1032,http://www.wikidata.org/entity/Q283173,personnalité politique,NA,NA,,,,1032,
1033,http://www.wikidata.org/entity/Q2833521,personnalité politique,NA,NA,,,,1033,
1034,http://www.wikidata.org/entity/Q2834012,personnalité politique,NA,NA,,,,1034,
1035,http://www.wikidata.org/entity/Q2834022,personnalité politique,NA,NA,,,,1035,
1036,http://www.wikidata.org/entity/Q2834174,personnalité politique,NA,NA,,,,1036,
1037,http://www.wikidata.org/entity/Q2834446,personnalité politique,NA,NA,,,,1037,
1038,http://www.wikidata.org/entity/Q2834481,personnalité politique,"professeurs,-professions-scientifiques",enseignant-ou-enseignante,,,,1038,
1039,http://www.wikidata.org/entity/Q2834594,personnalité politique,NA,NA,,,,1039,
1040,http://www.wikidata.org/entity/Q2834943,personnalité politique,NA,NA,,,,1040,
1041,http://www.wikidata.org/entity/Q2835025,personnalité politique,NA,NA,,,,1041,
1042,http://www.wikidata.org/entity/Q2835418,personnalité politique,pensionné,NA,,,,1042,
1043,http://www.wikidata.org/entity/Q2835495,personnalité politique,ingénieur-ou-ingénieure,NA,,,,1043,
1044,http://www.wikidata.org/entity/Q2839864,personnalité politique,NA,NA,,,,1044,
1045,http://www.wikidata.org/entity/Q2842370,personnalité politique,NA,NA,,,,1045,
1046,http://www.wikidata.org/entity/Q2842393,personnalité politique,NA,NA,,,,1046,
1047,http://www.wikidata.org/entity/Q2844632,personnalité politique,militaire,administrateur-colonial-ou-administratrice-coloniale,,,,1047,
1048,http://www.wikidata.org/entity/Q2844670,personnalité politique,NA,NA,,,,1048,
1049,http://www.wikidata.org/entity/Q2844684,personnalité politique,NA,NA,,,,1049,
1050,http://www.wikidata.org/entity/Q2844703,personnalité politique,NA,NA,,,,1050,
1051,http://www.wikidata.org/entity/Q2847047,personnalité politique,NA,NA,,,,1051,
1052,http://www.wikidata.org/entity/Q2847094,personnalité politique,NA,NA,,,,1052,
1053,http://www.wikidata.org/entity/Q2847153,personnalité politique,vétérinaire,NA,,,,1053,
1054,http://www.wikidata.org/entity/Q2847166,personnalité politique,NA,NA,,,,1054,
1055,http://www.wikidata.org/entity/Q2847172,personnalité politique,NA,NA,,,,1055,
1056,http://www.wikidata.org/entity/Q2847220,personnalité politique,anciens-cadres,pensionné,,,,1056,
1057,http://www.wikidata.org/entity/Q2847295,personnalité politique,NA,NA,,,,1057,
1058,http://www.wikidata.org/entity/Q2847297,personnalité politique,NA,NA,,,,1058,
1059,http://www.wikidata.org/entity/Q2847323,personnalité politique,NA,NA,,,,1059,
1060,http://www.wikidata.org/entity/Q2847335,personnalité politique,NA,NA,,,,1060,
1061,http://www.wikidata.org/entity/Q2847355,personnalité politique,résistant-ou-résistante,ingénieur-ou-ingénieure,,,,1061,
1062,http://www.wikidata.org/entity/Q2847391,personnalité politique,NA,NA,,,,1062,
1063,http://www.wikidata.org/entity/Q2847461,personnalité politique,NA,NA,,,,1063,
1064,http://www.wikidata.org/entity/Q2847495,personnalité politique,NA,NA,,,,1064,
1065,http://www.wikidata.org/entity/Q2847512,personnalité politique,NA,NA,,,,1065,
1066,http://www.wikidata.org/entity/Q2847535,personnalité politique,NA,NA,,,,1066,
1067,http://www.wikidata.org/entity/Q2847578,personnalité politique,avocat-ou-avocate,écrivain-ou-écrivaine,,,,1067,
1068,http://www.wikidata.org/entity/Q2847599,personnalité politique,NA,NA,,,,1068,
1069,http://www.wikidata.org/entity/Q2847627,personnalité politique,syndicaliste,auteur-ou-autrice-de-non-fiction,,,,1069,
1070,http://www.wikidata.org/entity/Q2847702,personnalité politique,NA,NA,,,,1070,
1071,http://www.wikidata.org/entity/Q2847739,personnalité politique,NA,NA,,,,1071,
1072,http://www.wikidata.org/entity/Q2847758,personnalité politique,NA,NA,,,,1072,
1073,http://www.wikidata.org/entity/Q28477665,personnalité politique,professions-libérales-et-assimilés,avocat-ou-avocate,,,,1073,
1074,http://www.wikidata.org/entity/Q2847818,personnalité politique,NA,NA,,,,1074,
1075,http://www.wikidata.org/entity/Q2847826,personnalité politique,NA,NA,,,,1075,
1076,http://www.wikidata.org/entity/Q2847854,personnalité politique,NA,NA,,,,1076,
1077,http://www.wikidata.org/entity/Q2847883,personnalité politique,NA,NA,,,,1077,
1078,http://www.wikidata.org/entity/Q2847923,personnalité politique,NA,NA,,,,1078,
1079,http://www.wikidata.org/entity/Q2847989,personnalité politique,résistant-ou-résistante,pilote-de-course-motocycliste,,,,1079,
1080,http://www.wikidata.org/entity/Q2848130,personnalité politique,NA,NA,,,,1080,
1081,http://www.wikidata.org/entity/Q2848149,personnalité politique,NA,NA,,,,1081,
1082,http://www.wikidata.org/entity/Q2848163,personnalité politique,anciens-cadres,pensionné,,,,1082,
1083,http://www.wikidata.org/entity/Q2848183,personnalité politique,NA,NA,,,,1083,
1084,http://www.wikidata.org/entity/Q2848256,personnalité politique,instituteur-ou-institutrice,NA,,,,1084,
1085,http://www.wikidata.org/entity/Q2848306,personnalité politique,NA,NA,,,,1085,
1086,http://www.wikidata.org/entity/Q2848335,personnalité politique,pilote-de-course-automobile,pilote,,,,1086,
1087,http://www.wikidata.org/entity/Q2848448,personnalité politique,NA,NA,,,,1087,
1088,http://www.wikidata.org/entity/Q2848472,personnalité politique,NA,NA,,,,1088,
1089,http://www.wikidata.org/entity/Q2848503,personnalité politique,NA,NA,,,,1089,
1090,http://www.wikidata.org/entity/Q2848539,personnalité politique,résistant-ou-résistante,NA,,,,1090,
1091,http://www.wikidata.org/entity/Q2848571,personnalité politique,officiel,NA,,,,1091,
1092,http://www.wikidata.org/entity/Q2848602,personnalité politique,NA,NA,,,,1092,
1093,http://www.wikidata.org/entity/Q2848605,personnalité politique,NA,NA,,,,1093,
1094,http://www.wikidata.org/entity/Q2848614,personnalité politique,"professeurs,-professions-scientifiques",juriste,,,,1094,
1095,http://www.wikidata.org/entity/Q2848624,personnalité politique,NA,NA,,,,1095,
1096,http://www.wikidata.org/entity/Q2848656,personnalité politique,NA,NA,,,,1096,
1097,http://www.wikidata.org/entity/Q2848693,personnalité politique,exploitant-ou-exploitante-agricole,NA,,,,1097,
1098,http://www.wikidata.org/entity/Q2848711,personnalité politique,NA,NA,,,,1098,
1099,http://www.wikidata.org/entity/Q2848717,personnalité politique,pilote-de-course-automobile,NA,,,,1099,
1100,http://www.wikidata.org/entity/Q2848745,personnalité politique,avocat-ou-avocate,NA,,,,1100,
1101,http://www.wikidata.org/entity/Q2848786,personnalité politique,agriculteurs-sur-grande-exploitation,NA,,,,1101,
1102,http://www.wikidata.org/entity/Q2848800,personnalité politique,chercheur-ou-chercheuse,NA,,,,1102,
1103,http://www.wikidata.org/entity/Q2848814,personnalité politique,anciens-employés,fonctionnaire-de-catégorie-b,,,,1103,
1104,http://www.wikidata.org/entity/Q2849418,personnalité politique,résistant-ou-résistante,médecin,,,,1104,
1105,http://www.wikidata.org/entity/Q28495630,personnalité politique,professions-libérales-et-assimilés,profession-libérale,,,,1105,
1106,http://www.wikidata.org/entity/Q28496177,personnalité politique,cadres-administratifs-et-commerciaux-d'entreprise,NA,,,,1106,
1107,http://www.wikidata.org/entity/Q2849914,personnalité politique,NA,NA,,,,1107,
1108,http://www.wikidata.org/entity/Q28499699,NA,chargé-ou-chargée-de-cours,NA,,,,1108,
1109,http://www.wikidata.org/entity/Q2850772,personnalité politique,profession-libérale,NA,,,,1109,
1110,http://www.wikidata.org/entity/Q2850811,personnalité politique,fonctionnaire-de-catégorie-a,NA,,,,1110,
1111,http://www.wikidata.org/entity/Q2850846,personnalité politique,NA,NA,,,,1111,
1112,http://www.wikidata.org/entity/Q2850946,personnalité politique,NA,NA,,,,1112,
1113,http://www.wikidata.org/entity/Q2851582,personnalité politique,officiel,NA,,,,1113,
1114,http://www.wikidata.org/entity/Q2851590,personnalité politique,NA,NA,,,,1114,
1115,http://www.wikidata.org/entity/Q2851591,personnalité politique,NA,NA,,,,1115,
1116,http://www.wikidata.org/entity/Q2851814,personnalité politique,NA,NA,,,,1116,
1117,http://www.wikidata.org/entity/Q2853755,personnalité politique,NA,NA,,,,1117,
1118,http://www.wikidata.org/entity/Q2853984,personnalité politique,NA,NA,,,,1118,
1119,http://www.wikidata.org/entity/Q2854004,personnalité politique,NA,NA,,,,1119,
1120,http://www.wikidata.org/entity/Q2854040,personnalité politique,NA,NA,,,,1120,
1121,http://www.wikidata.org/entity/Q2854054,personnalité politique,NA,NA,,,,1121,
1122,http://www.wikidata.org/entity/Q2854096,personnalité politique,diplomate,NA,,,,1122,
1123,http://www.wikidata.org/entity/Q2856372,personnalité politique,NA,NA,,,,1123,
1124,http://www.wikidata.org/entity/Q2856427,personnalité politique,NA,NA,,,,1124,
1125,http://www.wikidata.org/entity/Q2856638,personnalité politique,diplomate,NA,,,,1125,
1126,http://www.wikidata.org/entity/Q2856652,personnalité politique,NA,NA,,,,1126,
1127,http://www.wikidata.org/entity/Q2856700,personnalité politique,NA,NA,,,,1127,
1128,http://www.wikidata.org/entity/Q2861631,personnalité politique,NA,NA,,,,1128,
1129,http://www.wikidata.org/entity/Q2861634,personnalité politique,NA,NA,,,,1129,
1130,http://www.wikidata.org/entity/Q2861893,personnalité politique,NA,NA,,,,1130,
1131,http://www.wikidata.org/entity/Q2863072,personnalité politique,NA,NA,,,,1131,
1132,http://www.wikidata.org/entity/Q2863159,personnalité politique,NA,NA,,,,1132,
1133,http://www.wikidata.org/entity/Q2863160,personnalité politique,NA,NA,,,,1133,
1134,http://www.wikidata.org/entity/Q2863207,personnalité politique,NA,NA,,,,1134,
1135,http://www.wikidata.org/entity/Q2863211,personnalité politique,"professeurs,-professions-scientifiques",permanent-politique,,,,1135,
1136,http://www.wikidata.org/entity/Q2864439,personnalité politique,NA,NA,,,,1136,
1137,http://www.wikidata.org/entity/Q286495,personnalité politique,NA,NA,,,,1137,
1138,http://www.wikidata.org/entity/Q2865057,personnalité politique,journaliste,historien-ou-historienne,,,,1138,
1139,http://www.wikidata.org/entity/Q2865277,personnalité politique,médecin,NA,,,,1139,
1140,http://www.wikidata.org/entity/Q2865306,personnalité politique,résistant-ou-résistante,NA,,,,1140,
1141,http://www.wikidata.org/entity/Q28653600,personnalité politique,officiel,NA,,,,1141,
1142,http://www.wikidata.org/entity/Q2866091,personnalité politique,NA,NA,,,,1142,
1143,http://www.wikidata.org/entity/Q2870852,personnalité politique,NA,NA,,,,1143,
1144,http://www.wikidata.org/entity/Q2871109,personnalité politique,NA,NA,,,,1144,
1145,http://www.wikidata.org/entity/Q2871357,personnalité politique,pensionné,NA,,,,1145,
1146,http://www.wikidata.org/entity/Q2871535,personnalité politique,NA,NA,,,,1146,
1147,http://www.wikidata.org/entity/Q2871537,personnalité politique,NA,NA,,,,1147,
1148,http://www.wikidata.org/entity/Q2871547,personnalité politique,NA,NA,,,,1148,
1149,http://www.wikidata.org/entity/Q2872015,personnalité politique,"professeurs,-professions-scientifiques",écrivain-ou-écrivaine,,,,1149,
1150,http://www.wikidata.org/entity/Q2874954,personnalité politique,exploitant-ou-exploitante-agricole,NA,,,,1150,
1151,http://www.wikidata.org/entity/Q2874956,personnalité politique,journaliste,écrivain-ou-écrivaine,,,,1151,
1152,http://www.wikidata.org/entity/Q287931,personnalité politique,technicien-ou-technicienne,NA,,,,1152,
1153,http://www.wikidata.org/entity/Q288486,personnalité politique,personnes-diverses-sans-activité-professionnelle-de-60-ans-et-plus-sauf-retraités,NA,,,,1153,
1154,http://www.wikidata.org/entity/Q28914642,personnalité politique,professions-libérales-et-assimilés,avocat-ou-avocate,,,,1154,
1155,http://www.wikidata.org/entity/Q2896216,personnalité politique,personnes-diverses-sans-activité-professionnelle-de-moins-de-60-ans-sauf-retraités,permanent-politique,,,,1155,
1156,http://www.wikidata.org/entity/Q2896372,personnalité politique,chefs-d'entreprise-de-10-salariés-ou-plus,permanent-politique,,,,1156,
1157,http://www.wikidata.org/entity/Q28964087,personnalité politique,cadres-administratifs-et-commerciaux-d'entreprise,chefs-d'entreprise-de-10-salariés-ou-plus,,,,1157,
1158,http://www.wikidata.org/entity/Q2897357,personnalité politique,NA,NA,,,,1158,
1159,http://www.wikidata.org/entity/Q2897359,personnalité politique,NA,NA,,,,1159,
1160,http://www.wikidata.org/entity/Q2897375,personnalité politique,NA,NA,,,,1160,
1161,http://www.wikidata.org/entity/Q2897398,personnalité politique,médecin,NA,,,,1161,
1162,http://www.wikidata.org/entity/Q2897442,personnalité politique,NA,NA,,,,1162,
1163,http://www.wikidata.org/entity/Q2897486,personnalité politique,NA,NA,,,,1163,
1164,http://www.wikidata.org/entity/Q2897539,personnalité politique,pensionné,NA,,,,1164,
1165,http://www.wikidata.org/entity/Q2897543,personnalité politique,NA,NA,,,,1165,
1166,http://www.wikidata.org/entity/Q2897580,personnalité politique,avocat-ou-avocate,NA,,,,1166,
1167,http://www.wikidata.org/entity/Q2897604,personnalité politique,entrepreneur-ou-entrepreneuse,dirigeant-sportif,,,,1167,
1168,http://www.wikidata.org/entity/Q2897641,personnalité politique,professions-libérales-et-assimilés,avocat-ou-avocate,,,,1168,
1169,http://www.wikidata.org/entity/Q2897642,personnalité politique,NA,NA,,,,1169,
1170,http://www.wikidata.org/entity/Q2897648,personnalité politique,NA,NA,,,,1170,
1171,http://www.wikidata.org/entity/Q2897675,personnalité politique,NA,NA,,,,1171,
1172,http://www.wikidata.org/entity/Q28977139,personnalité politique,permanent-politique,NA,,,,1172,
1173,http://www.wikidata.org/entity/Q2897717,personnalité politique,pensionné,kinésithérapeute,,,,1173,
1174,http://www.wikidata.org/entity/Q2897761,personnalité politique,médecin,professeur-d'université,,,,1174,
1175,http://www.wikidata.org/entity/Q2897773,personnalité politique,NA,NA,,,,1175,
1176,http://www.wikidata.org/entity/Q2897779,personnalité politique,historien-local,NA,,,,1176,
1177,http://www.wikidata.org/entity/Q2897781,personnalité politique,NA,NA,,,,1177,
1178,http://www.wikidata.org/entity/Q2897794,personnalité politique,diplomate,joueur-ou-joueuse-de-tennis,,,,1178,
1179,http://www.wikidata.org/entity/Q2897843,personnalité politique,résistant-ou-résistante,aviateur-ou-aviatrice,,,,1179,
1180,http://www.wikidata.org/entity/Q2897988,personnalité politique,officiel,NA,,,,1180,
1181,http://www.wikidata.org/entity/Q2898033,personnalité politique,avocat-ou-avocate,anciens-cadres,,,,1181,
1182,http://www.wikidata.org/entity/Q2898142,personnalité politique,résistant-ou-résistante,médecin,,,,1182,
1183,http://www.wikidata.org/entity/Q2898160,personnalité politique,agriculteur-ou-agricultrice,NA,,,,1183,
1184,http://www.wikidata.org/entity/Q2898214,personnalité politique,NA,NA,,,,1184,
1185,http://www.wikidata.org/entity/Q2898237,personnalité politique,NA,NA,,,,1185,
1186,http://www.wikidata.org/entity/Q2898240,personnalité politique,officiel,NA,,,,1186,
1187,http://www.wikidata.org/entity/Q2898248,personnalité politique,anciens-cadres,membre-du-conseil-d'administration,,,,1187,
1188,http://www.wikidata.org/entity/Q2898296,personnalité politique,résistant-ou-résistante,arbitre-de-rugby-à-xv,,,,1188,
1189,http://www.wikidata.org/entity/Q2898311,personnalité politique,NA,NA,,,,1189,
1190,http://www.wikidata.org/entity/Q2898351,personnalité politique,NA,NA,,,,1190,
1191,http://www.wikidata.org/entity/Q2898366,personnalité politique,NA,NA,,,,1191,
1192,http://www.wikidata.org/entity/Q2898379,personnalité politique,NA,NA,,,,1192,
1193,http://www.wikidata.org/entity/Q2898392,personnalité politique,NA,NA,,,,1193,
1194,http://www.wikidata.org/entity/Q2898458,personnalité politique,NA,NA,,,,1194,
1195,http://www.wikidata.org/entity/Q2898459,personnalité politique,médecin,NA,,,,1195,
1196,http://www.wikidata.org/entity/Q2898534,personnalité politique,NA,NA,,,,1196,
1197,http://www.wikidata.org/entity/Q2898547,personnalité politique,NA,NA,,,,1197,
1198,http://www.wikidata.org/entity/Q2898592,personnalité politique,NA,NA,,,,1198,
1199,http://www.wikidata.org/entity/Q2898599,personnalité politique,journaliste,NA,,,,1199,
1200,http://www.wikidata.org/entity/Q2898601,personnalité politique,NA,NA,,,,1200,
1201,http://www.wikidata.org/entity/Q2898609,personnalité politique,NA,NA,,,,1201,
1202,http://www.wikidata.org/entity/Q2898724,personnalité politique,NA,NA,,,,1202,
1203,http://www.wikidata.org/entity/Q2898805,personnalité politique,avocat-ou-avocate,NA,,,,1203,
1204,http://www.wikidata.org/entity/Q2899264,personnalité politique,NA,NA,,,,1204,
1205,http://www.wikidata.org/entity/Q2899486,personnalité politique,NA,NA,,,,1205,
1206,http://www.wikidata.org/entity/Q2899529,personnalité politique,ethnologue,explorateur-ou-exploratrice,,,,1206,
1207,http://www.wikidata.org/entity/Q2899535,personnalité politique,NA,NA,,,,1207,
1208,http://www.wikidata.org/entity/Q2899586,personnalité politique,professions-libérales-et-assimilés,avocat-ou-avocate,,,,1208,
1209,http://www.wikidata.org/entity/Q2899644,personnalité politique,chefs-d'entreprise-de-10-salariés-ou-plus,"anciens-artisans,-commerçants,-chefs-d'entreprise",,,,1209,
1210,http://www.wikidata.org/entity/Q29021094,personnalité politique,officiel,NA,,,,1210,
1211,http://www.wikidata.org/entity/Q2908882,personnalité politique,enseignant-ou-enseignante,syndicaliste,,,,1211,
1212,http://www.wikidata.org/entity/Q2913267,personnalité politique,NA,NA,,,,1212,
1213,http://www.wikidata.org/entity/Q2913271,personnalité politique,NA,NA,,,,1213,
1214,http://www.wikidata.org/entity/Q2913287,personnalité politique,"professeurs-des-écoles,-instituteurs-et-assimilés",NA,,,,1214,
1215,http://www.wikidata.org/entity/Q291356,personnalité politique,médecin,NA,,,,1215,
1216,http://www.wikidata.org/entity/Q291385,personnalité politique,NA,NA,,,,1216,
1217,http://www.wikidata.org/entity/Q2918769,personnalité politique,NA,NA,,,,1217,
1218,http://www.wikidata.org/entity/Q29193047,personnalité politique,policier-ou-policière,NA,,,,1218,
1219,http://www.wikidata.org/entity/Q2920819,personnalité politique,juriste,NA,,,,1219,
1220,http://www.wikidata.org/entity/Q2920825,personnalité politique,personnes-diverses-sans-activité-professionnelle-de-60-ans-et-plus-sauf-retraités,fonctionnaire-de-catégorie-a,,,,1220,
1221,http://www.wikidata.org/entity/Q29210910,personnalité politique,NA,NA,,,,1221,
1222,http://www.wikidata.org/entity/Q292458,personnalité politique,juriste,NA,,,,1222,
1223,http://www.wikidata.org/entity/Q2925385,personnalité politique,agriculteur-ou-agricultrice,NA,,,,1223,
1224,http://www.wikidata.org/entity/Q2925398,personnalité politique,professions-libérales-et-assimilés,avocat-ou-avocate,,,,1224,
1225,http://www.wikidata.org/entity/Q2925411,personnalité politique,NA,NA,,,,1225,
1226,http://www.wikidata.org/entity/Q2925440,personnalité politique,personnes-diverses-sans-activité-professionnelle-de-60-ans-et-plus-sauf-retraités,NA,,,,1226,
1227,http://www.wikidata.org/entity/Q2925446,personnalité politique,NA,NA,,,,1227,
1228,http://www.wikidata.org/entity/Q2925493,personnalité politique,NA,NA,,,,1228,
1229,http://www.wikidata.org/entity/Q2926654,personnalité politique,ingénieur-ou-ingénieure,personnalité-du-monde-des-affaires,,,,1229,
1230,http://www.wikidata.org/entity/Q2926662,personnalité politique,NA,NA,,,,1230,
1231,http://www.wikidata.org/entity/Q2926688,personnalité politique,psychologue,NA,,,,1231,
1232,http://www.wikidata.org/entity/Q2926806,personnalité politique,NA,NA,,,,1232,
1233,http://www.wikidata.org/entity/Q2926845,personnalité politique,NA,NA,,,,1233,
1234,http://www.wikidata.org/entity/Q2926861,personnalité politique,NA,NA,,,,1234,
1235,http://www.wikidata.org/entity/Q2926907,personnalité politique,commerçant-ou-commerçante,NA,,,,1235,
1236,http://www.wikidata.org/entity/Q2926942,personnalité politique,permanent-politique,NA,,,,1236,
1237,http://www.wikidata.org/entity/Q2927013,personnalité politique,NA,NA,,,,1237,
1238,http://www.wikidata.org/entity/Q2929462,personnalité politique,officiel,NA,,,,1238,
1239,http://www.wikidata.org/entity/Q2929475,personnalité politique,cadre-supérieur,NA,,,,1239,
1240,http://www.wikidata.org/entity/Q2929478,personnalité politique,anciens-cadres,pensionné,,,,1240,
1241,http://www.wikidata.org/entity/Q2934875,personnalité politique,professeur-d'université,politologue,,,,1241,
1242,http://www.wikidata.org/entity/Q2935125,personnalité politique,NA,NA,,,,1242,
1243,http://www.wikidata.org/entity/Q2939324,personnalité politique,instituteur-ou-institutrice,NA,,,,1243,
1244,http://www.wikidata.org/entity/Q2939880,personnalité politique,fonctionnaire-de-catégorie-a,NA,,,,1244,
1245,http://www.wikidata.org/entity/Q2941825,personnalité politique,NA,NA,,,,1245,
1246,http://www.wikidata.org/entity/Q2941865,personnalité politique,NA,NA,,,,1246,
1247,http://www.wikidata.org/entity/Q2941945,personnalité politique,NA,NA,,,,1247,
1248,http://www.wikidata.org/entity/Q2942018,personnalité politique,NA,NA,,,,1248,
1249,http://www.wikidata.org/entity/Q2942031,personnalité politique,NA,NA,,,,1249,
1250,http://www.wikidata.org/entity/Q2942049,personnalité politique,viticulteur-ou-viticultrice,NA,,,,1250,
1251,http://www.wikidata.org/entity/Q2942078,personnalité politique,NA,NA,,,,1251,
1252,http://www.wikidata.org/entity/Q2942079,personnalité politique,fonctionnaire-de-catégorie-b,NA,,,,1252,
1253,http://www.wikidata.org/entity/Q2942097,personnalité politique,NA,NA,,,,1253,
1254,http://www.wikidata.org/entity/Q29561662,personnalité politique,NA,NA,,,,1254,
1255,http://www.wikidata.org/entity/Q2956260,personnalité politique,NA,NA,,,,1255,
1256,http://www.wikidata.org/entity/Q2956263,personnalité politique,NA,NA,,,,1256,
1257,http://www.wikidata.org/entity/Q2956266,personnalité politique,NA,NA,,,,1257,
1258,http://www.wikidata.org/entity/Q2956288,personnalité politique,NA,NA,,,,1258,
1259,http://www.wikidata.org/entity/Q2956319,personnalité politique,pensionné,NA,,,,1259,
1260,http://www.wikidata.org/entity/Q29570183,personnalité politique,NA,NA,,,,1260,
1261,http://www.wikidata.org/entity/Q29575749,personnalité politique,ingénieurs-et-cadres-techniques-d'entreprise,mathématicien-ou-mathématicienne,,,,1261,
1262,http://www.wikidata.org/entity/Q2958495,personnalité politique,personnalité-du-monde-des-affaires,NA,,,,1262,
1263,http://www.wikidata.org/entity/Q2958585,personnalité politique,NA,NA,,,,1263,
1264,http://www.wikidata.org/entity/Q2958651,personnalité politique,NA,NA,,,,1264,
1265,http://www.wikidata.org/entity/Q2958702,personnalité politique,NA,NA,,,,1265,
1266,http://www.wikidata.org/entity/Q2958806,personnalité politique,NA,NA,,,,1266,
1267,http://www.wikidata.org/entity/Q2959006,personnalité politique,NA,NA,,,,1267,
1268,http://www.wikidata.org/entity/Q2959067,personnalité politique,NA,NA,,,,1268,
1269,http://www.wikidata.org/entity/Q2959143,personnalité politique,NA,NA,,,,1269,
1270,http://www.wikidata.org/entity/Q2959280,personnalité politique,acteur-ou-actrice,NA,,,,1270,
1271,http://www.wikidata.org/entity/Q2959501,personnalité politique,NA,NA,,,,1271,
1272,http://www.wikidata.org/entity/Q2959719,personnalité politique,NA,NA,,,,1272,
1273,http://www.wikidata.org/entity/Q2959726,personnalité politique,NA,NA,,,,1273,
1274,http://www.wikidata.org/entity/Q2959741,personnalité politique,NA,NA,,,,1274,
1275,http://www.wikidata.org/entity/Q2959830,personnalité politique,NA,NA,,,,1275,
1276,http://www.wikidata.org/entity/Q2960021,personnalité politique,NA,NA,,,,1276,
1277,http://www.wikidata.org/entity/Q2960087,personnalité politique,NA,NA,,,,1277,
1278,http://www.wikidata.org/entity/Q2960112,personnalité politique,NA,NA,,,,1278,
1279,http://www.wikidata.org/entity/Q2960546,personnalité politique,NA,NA,,,,1279,
1280,http://www.wikidata.org/entity/Q2960570,personnalité politique,anciens-cadres,pensionné,,,,1280,
1281,http://www.wikidata.org/entity/Q2961751,personnalité politique,NA,NA,,,,1281,
1282,http://www.wikidata.org/entity/Q29634279,personnalité politique,"professeurs,-professions-scientifiques",professeur-d'université,,,,1282,
1283,http://www.wikidata.org/entity/Q2965006,personnalité politique,fonctionnaire-de-catégorie-a,NA,,,,1283,
1284,http://www.wikidata.org/entity/Q2965018,personnalité politique,NA,NA,,,,1284,
1285,http://www.wikidata.org/entity/Q2965058,personnalité politique,officiel,personnalité-du-monde-des-affaires,,,,1285,
1286,http://www.wikidata.org/entity/Q2965060,personnalité politique,NA,NA,,,,1286,
1287,http://www.wikidata.org/entity/Q2965106,personnalité politique,NA,NA,,,,1287,
1288,http://www.wikidata.org/entity/Q2965176,personnalité politique,professeur-d'université,NA,,,,1288,
1289,http://www.wikidata.org/entity/Q2965180,personnalité politique,NA,NA,,,,1289,
1290,http://www.wikidata.org/entity/Q2965213,personnalité politique,anciens-cadres,pensionné,,,,1290,
1291,http://www.wikidata.org/entity/Q2965229,personnalité politique,NA,NA,,,,1291,
1292,http://www.wikidata.org/entity/Q2965234,personnalité politique,NA,NA,,,,1292,
1293,http://www.wikidata.org/entity/Q2965236,personnalité politique,NA,NA,,,,1293,
1294,http://www.wikidata.org/entity/Q2965260,personnalité politique,anciens-cadres,permanent-politique,,,,1294,
1295,http://www.wikidata.org/entity/Q2965296,personnalité politique,NA,NA,,,,1295,
1296,http://www.wikidata.org/entity/Q2965310,personnalité politique,attaché-d'administration-centrale,NA,,,,1296,
1297,http://www.wikidata.org/entity/Q2965349,personnalité politique,NA,NA,,,,1297,
1298,http://www.wikidata.org/entity/Q2965463,personnalité politique,NA,NA,,,,1298,
1299,http://www.wikidata.org/entity/Q2965500,personnalité politique,NA,NA,,,,1299,
1300,http://www.wikidata.org/entity/Q2965505,personnalité politique,NA,NA,,,,1300,
1301,http://www.wikidata.org/entity/Q2965527,personnalité politique,NA,NA,,,,1301,
1302,http://www.wikidata.org/entity/Q2965544,personnalité politique,juriste,professeur-d'université,,,,1302,
1303,http://www.wikidata.org/entity/Q2965547,personnalité politique,NA,NA,,,,1303,
1304,http://www.wikidata.org/entity/Q2965644,personnalité politique,NA,NA,,,,1304,
1305,http://www.wikidata.org/entity/Q2965727,personnalité politique,NA,NA,,,,1305,
1306,http://www.wikidata.org/entity/Q2965787,personnalité politique,historien-ou-historienne,NA,,,,1306,
1307,http://www.wikidata.org/entity/Q2965789,personnalité politique,NA,NA,,,,1307,
1308,http://www.wikidata.org/entity/Q2965938,personnalité politique,juriste,professeur-d'université,,,,1308,
1309,http://www.wikidata.org/entity/Q2965951,personnalité politique,NA,NA,,,,1309,
1310,http://www.wikidata.org/entity/Q2966121,personnalité politique,professions-libérales-et-assimilés,"professeurs,-professions-scientifiques",,,,1310,
1311,http://www.wikidata.org/entity/Q2966137,personnalité politique,NA,NA,,,,1311,
1312,http://www.wikidata.org/entity/Q2966462,personnalité politique,NA,NA,,,,1312,
1313,http://www.wikidata.org/entity/Q2966490,personnalité politique,NA,NA,,,,1313,
1314,http://www.wikidata.org/entity/Q29738515,personnalité politique,officiel,NA,,,,1314,
1315,http://www.wikidata.org/entity/Q2975131,personnalité politique,NA,NA,,,,1315,
1316,http://www.wikidata.org/entity/Q297667,personnalité politique,combattant-ou-combattante-pour-la-liberté,NA,,,,1316,
1317,http://www.wikidata.org/entity/Q2976717,personnalité politique,NA,NA,,,,1317,
1318,http://www.wikidata.org/entity/Q2976946,personnalité politique,NA,NA,,,,1318,
1319,http://www.wikidata.org/entity/Q2977010,personnalité politique,NA,NA,,,,1319,
1320,http://www.wikidata.org/entity/Q2977020,personnalité politique,ingénieur-ou-ingénieure,chimiste,,,,1320,
1321,http://www.wikidata.org/entity/Q2977033,personnalité politique,pensionné,NA,,,,1321,
1322,http://www.wikidata.org/entity/Q2977242,personnalité politique,NA,NA,,,,1322,
1323,http://www.wikidata.org/entity/Q2977278,personnalité politique,NA,NA,,,,1323,
1324,http://www.wikidata.org/entity/Q2977320,personnalité politique,NA,NA,,,,1324,
1325,http://www.wikidata.org/entity/Q2977355,personnalité politique,résistant-ou-résistante,journaliste,,,,1325,
1326,http://www.wikidata.org/entity/Q2977424,personnalité politique,NA,NA,,,,1326,
1327,http://www.wikidata.org/entity/Q2977433,personnalité politique,NA,NA,,,,1327,
1328,http://www.wikidata.org/entity/Q2977451,personnalité politique,vétérinaire,NA,,,,1328,
1329,http://www.wikidata.org/entity/Q2977470,personnalité politique,NA,NA,,,,1329,
1330,http://www.wikidata.org/entity/Q2977503,personnalité politique,permanent-politique,NA,,,,1330,
1331,http://www.wikidata.org/entity/Q2977543,personnalité politique,négociant,NA,,,,1331,
1332,http://www.wikidata.org/entity/Q2977575,personnalité politique,NA,NA,,,,1332,
1333,http://www.wikidata.org/entity/Q2977608,personnalité politique,NA,NA,,,,1333,
1334,http://www.wikidata.org/entity/Q2977627,personnalité politique,NA,NA,,,,1334,
1335,http://www.wikidata.org/entity/Q2977639,personnalité politique,NA,NA,,,,1335,
1336,http://www.wikidata.org/entity/Q2977645,personnalité politique,NA,NA,,,,1336,
1337,http://www.wikidata.org/entity/Q2977782,personnalité politique,rameur,NA,,,,1337,
1338,http://www.wikidata.org/entity/Q2977828,personnalité politique,universitaire,NA,,,,1338,
1339,http://www.wikidata.org/entity/Q2978097,personnalité politique,NA,NA,,,,1339,
1340,http://www.wikidata.org/entity/Q2978175,personnalité politique,chef-ou-cheffe-d'entreprise,"anciens-artisans,-commerçants,-chefs-d'entreprise",,,,1340,
1341,http://www.wikidata.org/entity/Q2978280,personnalité politique,NA,NA,,,,1341,
1342,http://www.wikidata.org/entity/Q2978334,personnalité politique,NA,NA,,,,1342,
1343,http://www.wikidata.org/entity/Q2978384,personnalité politique,avocat-ou-avocate,NA,,,,1343,
1344,http://www.wikidata.org/entity/Q2978491,personnalité politique,NA,NA,,,,1344,
1345,http://www.wikidata.org/entity/Q29791418,personnalité politique,ingénieurs-et-cadres-techniques-d'entreprise,NA,,,,1345,
1346,http://www.wikidata.org/entity/Q2979307,personnalité politique,NA,NA,,,,1346,
1347,http://www.wikidata.org/entity/Q2980575,personnalité politique,NA,NA,,,,1347,
1348,http://www.wikidata.org/entity/Q2980693,personnalité politique,NA,NA,,,,1348,
1349,http://www.wikidata.org/entity/Q2980738,personnalité politique,journaliste,écrivain-ou-écrivaine,,,,1349,
1350,http://www.wikidata.org/entity/Q2982476,personnalité politique,professions-libérales-et-assimilés,avocat-ou-avocate,,,,1350,
1351,http://www.wikidata.org/entity/Q2982494,personnalité politique,instituteur-ou-institutrice,NA,,,,1351,
1352,http://www.wikidata.org/entity/Q2982505,personnalité politique,NA,NA,,,,1352,
1353,http://www.wikidata.org/entity/Q298355,personnalité politique,résistant-ou-résistante,NA,,,,1353,
1354,http://www.wikidata.org/entity/Q29896234,personnalité politique,"professions-de-l'information,-des-arts-et-des-spectacles",NA,,,,1354,
1355,http://www.wikidata.org/entity/Q2991951,personnalité politique,NA,NA,,,,1355,
1356,http://www.wikidata.org/entity/Q2997360,personnalité politique,ingénieur-ou-ingénieure,NA,,,,1356,
1357,http://www.wikidata.org/entity/Q30068067,personnalité politique,diplomate,entrepreneur-ou-entrepreneuse,,,,1357,
1358,http://www.wikidata.org/entity/Q3009736,personnalité politique,vétérinaire,NA,,,,1358,
1359,http://www.wikidata.org/entity/Q3009746,personnalité politique,"professeurs,-professions-scientifiques",professeur-d'université,,,,1359,
1360,http://www.wikidata.org/entity/Q3009791,personnalité politique,anciens-cadres,officiel,,,,1360,
1361,http://www.wikidata.org/entity/Q3010054,personnalité politique,pensionné,NA,,,,1361,
1362,http://www.wikidata.org/entity/Q30103202,personnalité politique,professions-libérales-et-assimilés,avocat-ou-avocate,,,,1362,
1363,http://www.wikidata.org/entity/Q3012732,personnalité politique,pensionné,NA,,,,1363,
1364,http://www.wikidata.org/entity/Q3012817,personnalité politique,cadres-administratifs-et-commerciaux-d'entreprise,cadre-supérieur,,,,1364,
1365,http://www.wikidata.org/entity/Q30130489,personnalité politique,cadres-administratifs-et-commerciaux-d'entreprise,économiste,,,,1365,
1366,http://www.wikidata.org/entity/Q3013673,personnalité politique,NA,NA,,,,1366,
1367,http://www.wikidata.org/entity/Q3013711,personnalité politique,NA,NA,,,,1367,
1368,http://www.wikidata.org/entity/Q3013732,personnalité politique,NA,NA,,,,1368,
1369,http://www.wikidata.org/entity/Q3013769,personnalité politique,anciennes-professions-intermédiaires,architecte,,,,1369,
1370,http://www.wikidata.org/entity/Q3013867,personnalité politique,NA,NA,,,,1370,
1371,http://www.wikidata.org/entity/Q3013872,personnalité politique,NA,NA,,,,1371,
1372,http://www.wikidata.org/entity/Q3013902,personnalité politique,NA,NA,,,,1372,
1373,http://www.wikidata.org/entity/Q3014035,personnalité politique,"professeurs,-professions-scientifiques",juriste,,,,1373,
1374,http://www.wikidata.org/entity/Q3014040,personnalité politique,NA,NA,,,,1374,
1375,http://www.wikidata.org/entity/Q3014074,personnalité politique,NA,NA,,,,1375,
1376,http://www.wikidata.org/entity/Q3014077,personnalité politique,pensionné,parlementaire,,,,1376,
1377,http://www.wikidata.org/entity/Q3014108,personnalité politique,NA,NA,,,,1377,
1378,http://www.wikidata.org/entity/Q3014302,personnalité politique,NA,NA,,,,1378,
1379,http://www.wikidata.org/entity/Q3014392,personnalité politique,NA,NA,,,,1379,
1380,http://www.wikidata.org/entity/Q3014406,personnalité politique,sociologue,NA,,,,1380,
1381,http://www.wikidata.org/entity/Q3014427,personnalité politique,NA,NA,,,,1381,
1382,http://www.wikidata.org/entity/Q3014573,personnalité politique,NA,NA,,,,1382,
1383,http://www.wikidata.org/entity/Q3014577,personnalité politique,NA,NA,,,,1383,
1384,http://www.wikidata.org/entity/Q3014713,personnalité politique,anciens-cadres,pensionné,,,,1384,
1385,http://www.wikidata.org/entity/Q3014769,personnalité politique,NA,NA,,,,1385,
1386,http://www.wikidata.org/entity/Q3014955,personnalité politique,NA,NA,,,,1386,
1387,http://www.wikidata.org/entity/Q3014962,personnalité politique,économiste,militant-ou-militante-pour-les-droits-des-femmes,,,,1387,
1388,http://www.wikidata.org/entity/Q3014983,personnalité politique,NA,NA,,,,1388,
1389,http://www.wikidata.org/entity/Q3015137,personnalité politique,"professeurs,-professions-scientifiques",professeur-des-universités,,,,1389,
1390,http://www.wikidata.org/entity/Q3015141,personnalité politique,NA,NA,,,,1390,
1391,http://www.wikidata.org/entity/Q3015850,personnalité politique,NA,NA,,,,1391,
1392,http://www.wikidata.org/entity/Q3018028,personnalité politique,cadres-administratifs-et-commerciaux-d'entreprise,NA,,,,1392,
1393,http://www.wikidata.org/entity/Q3018926,personnalité politique,NA,NA,,,,1393,
1394,http://www.wikidata.org/entity/Q30223120,personnalité politique,cadres-administratifs-et-commerciaux-d'entreprise,économiste,,,,1394,
1395,http://www.wikidata.org/entity/Q3022540,personnalité politique,personnalité-politique-locale,NA,,,,1395,
1396,http://www.wikidata.org/entity/Q3022746,personnalité politique,médecin,NA,,,,1396,
1397,http://www.wikidata.org/entity/Q3022831,personnalité politique,anciens-cadres,pensionné,,,,1397,
1398,http://www.wikidata.org/entity/Q30229438,personnalité politique,cadres-administratifs-et-commerciaux-d'entreprise,chef-ou-cheffe-d'entreprise,,,,1398,
1399,http://www.wikidata.org/entity/Q30229514,personnalité politique,personnes-diverses-sans-activité-professionnelle-de-moins-de-60-ans-sauf-retraités,fonctionnaire,,,,1399,
1400,http://www.wikidata.org/entity/Q3023417,personnalité politique,avocat-ou-avocate,NA,,,,1400,
1401,http://www.wikidata.org/entity/Q30239185,personnalité politique,chefs-d'entreprise-de-10-salariés-ou-plus,chef-ou-cheffe-d'entreprise,,,,1401,
1402,http://www.wikidata.org/entity/Q3026900,personnalité politique,cadres-administratifs-et-commerciaux-d'entreprise,NA,,,,1402,
1403,http://www.wikidata.org/entity/Q3026913,personnalité politique,pensionné,NA,,,,1403,
1404,http://www.wikidata.org/entity/Q3026940,personnalité politique,NA,NA,,,,1404,
1405,http://www.wikidata.org/entity/Q3026961,personnalité politique,NA,NA,,,,1405,
1406,http://www.wikidata.org/entity/Q3027032,personnalité politique,anciens-cadres,personnes-diverses-sans-activité-professionnelle-de-60-ans-et-plus-sauf-retraités,,,,1406,
1407,http://www.wikidata.org/entity/Q3027066,personnalité politique,professeur-d'université,philosophe,,,,1407,
1408,http://www.wikidata.org/entity/Q3027102,personnalité politique,professeur-des-écoles,NA,,,,1408,
1409,http://www.wikidata.org/entity/Q3027109,personnalité politique,NA,NA,,,,1409,
1410,http://www.wikidata.org/entity/Q3027123,personnalité politique,NA,NA,,,,1410,
1411,http://www.wikidata.org/entity/Q3027191,personnalité politique,cadre-supérieur-des-entreprises-publiques,NA,,,,1411,
1412,http://www.wikidata.org/entity/Q3028388,personnalité politique,pensionné,"anciens-artisans,-commerçants,-chefs-d'entreprise",,,,1412,
1413,http://www.wikidata.org/entity/Q30319402,NA,"professeurs,-professions-scientifiques",historien-ou-historienne-du-droit,,,,1413,
1414,http://www.wikidata.org/entity/Q30331529,personnalité politique,cadres-administratifs-et-commerciaux-d'entreprise,NA,,,,1414,
1415,http://www.wikidata.org/entity/Q30331583,personnalité politique,commerçants-et-assimilés,NA,,,,1415,
1416,http://www.wikidata.org/entity/Q30332919,personnalité politique,"professeurs,-professions-scientifiques",NA,,,,1416,
1417,http://www.wikidata.org/entity/Q30333326,personnalité politique,NA,NA,,,,1417,
1418,http://www.wikidata.org/entity/Q30333733,personnalité politique,cadres-administratifs-et-commerciaux-d'entreprise,NA,,,,1418,
1419,http://www.wikidata.org/entity/Q30334006,personnalité politique,ingénieurs-et-cadres-techniques-d'entreprise,ingénieur-ou-ingénieure,,,,1419,
1420,http://www.wikidata.org/entity/Q30334130,personnalité politique,professions-libérales-et-assimilés,médecin-généraliste,,,,1420,
1421,http://www.wikidata.org/entity/Q30334188,personnalité politique,"professions-de-l'information,-des-arts-et-des-spectacles",professions-intermédiaires-administratives-et-commerciales-des-entreprises,,,,1421,
1422,http://www.wikidata.org/entity/Q30334210,personnalité politique,NA,NA,,,,1422,
1423,http://www.wikidata.org/entity/Q30334244,personnalité politique,personnes-diverses-sans-activité-professionnelle-de-moins-de-60-ans-sauf-retraités,chef-ou-cheffe-d'entreprise,,,,1423,
1424,http://www.wikidata.org/entity/Q30334352,personnalité politique,personnes-diverses-sans-activité-professionnelle-de-moins-de-60-ans-sauf-retraités,NA,,,,1424,
1425,http://www.wikidata.org/entity/Q30334480,personnalité politique,ingénieurs-et-cadres-techniques-d'entreprise,NA,,,,1425,
1426,http://www.wikidata.org/entity/Q30334540,personnalité politique,pensionné,anciennes-professions-intermédiaires,,,,1426,
1427,http://www.wikidata.org/entity/Q30334715,personnalité politique,cadres-administratifs-et-commerciaux-d'entreprise,NA,,,,1427,
1428,http://www.wikidata.org/entity/Q30334718,personnalité politique,professions-libérales-et-assimilés,NA,,,,1428,
1429,http://www.wikidata.org/entity/Q30334791,personnalité politique,NA,NA,,,,1429,
1430,http://www.wikidata.org/entity/Q30334900,personnalité politique,professions-libérales-et-assimilés,médecin,,,,1430,
1431,http://www.wikidata.org/entity/Q30334953,personnalité politique,NA,NA,,,,1431,
1432,http://www.wikidata.org/entity/Q30334974,personnalité politique,"professeurs,-professions-scientifiques",NA,,,,1432,
1433,http://www.wikidata.org/entity/Q30335033,personnalité politique,cadres-administratifs-et-commerciaux-d'entreprise,NA,,,,1433,
1434,http://www.wikidata.org/entity/Q30335035,personnalité politique,policiers-et-militaires,NA,,,,1434,
1435,http://www.wikidata.org/entity/Q30335095,personnalité politique,ingénieurs-et-cadres-techniques-d'entreprise,NA,,,,1435,
1436,http://www.wikidata.org/entity/Q30335160,personnalité politique,personnes-diverses-sans-activité-professionnelle-de-moins-de-60-ans-sauf-retraités,personnel-académique,,,,1436,
1437,http://www.wikidata.org/entity/Q30335328,personnalité politique,NA,NA,,,,1437,
1438,http://www.wikidata.org/entity/Q30335340,personnalité politique,bibliothécaire,NA,,,,1438,
1439,http://www.wikidata.org/entity/Q30335887,personnalité politique,anciens-cadres,économiste,,,,1439,
1440,http://www.wikidata.org/entity/Q30335893,personnalité politique,personnes-diverses-sans-activité-professionnelle-de-moins-de-60-ans-sauf-retraités,chef-ou-cheffe-d'entreprise,,,,1440,
1441,http://www.wikidata.org/entity/Q30335895,personnalité politique,chef-ou-cheffe-d'entreprise,"anciens-artisans,-commerçants,-chefs-d'entreprise",,,,1441,
1442,http://www.wikidata.org/entity/Q30335899,personnalité politique,professions-libérales-et-assimilés,chirurgien-dentiste,,,,1442,
1443,http://www.wikidata.org/entity/Q30335908,personnalité politique,NA,NA,,,,1443,
1444,http://www.wikidata.org/entity/Q30336075,personnalité politique,cadres-administratifs-et-commerciaux-d'entreprise,NA,,,,1444,
1445,http://www.wikidata.org/entity/Q30336818,personnalité politique,professions-libérales-et-assimilés,NA,,,,1445,
1446,http://www.wikidata.org/entity/Q30336862,personnalité politique,ingénieurs-et-cadres-techniques-d'entreprise,ingénieur-ou-ingénieure,,,,1446,
1447,http://www.wikidata.org/entity/Q30336912,personnalité politique,NA,NA,,,,1447,
1448,http://www.wikidata.org/entity/Q30337015,personnalité politique,anciens-cadres,NA,,,,1448,
1449,http://www.wikidata.org/entity/Q30337138,personnalité politique,cadres-administratifs-et-commerciaux-d'entreprise,commerçants-et-assimilés,,,,1449,
1450,http://www.wikidata.org/entity/Q30337139,personnalité politique,professions-libérales-et-assimilés,NA,,,,1450,
1451,http://www.wikidata.org/entity/Q30337171,personnalité politique,professions-libérales-et-assimilés,personnes-diverses-sans-activité-professionnelle-de-moins-de-60-ans-sauf-retraités,,,,1451,
1452,http://www.wikidata.org/entity/Q30337193,personnalité politique,ingénieurs-et-cadres-techniques-d'entreprise,NA,,,,1452,
1453,http://www.wikidata.org/entity/Q30337196,personnalité politique,juriste,NA,,,,1453,
1454,http://www.wikidata.org/entity/Q30337284,personnalité politique,professions-intermédiaires-administratives-et-commerciales-des-entreprises,NA,,,,1454,
1455,http://www.wikidata.org/entity/Q30337397,personnalité politique,chefs-d'entreprise-de-10-salariés-ou-plus,NA,,,,1455,
1456,http://www.wikidata.org/entity/Q30337836,personnalité politique,NA,NA,,,,1456,
1457,http://www.wikidata.org/entity/Q30337897,personnalité politique,"anciens-artisans,-commerçants,-chefs-d'entreprise",NA,,,,1457,
1458,http://www.wikidata.org/entity/Q30337966,personnalité politique,anciens-employés,employés-administratifs-d'entreprise,,,,1458,
1459,http://www.wikidata.org/entity/Q30338651,personnalité politique,diplomate,NA,,,,1459,
1460,http://www.wikidata.org/entity/Q30338805,personnalité politique,commerçants-et-assimilés,NA,,,,1460,
1461,http://www.wikidata.org/entity/Q30338881,personnalité politique,professions-libérales-et-assimilés,professions-intermédiaires-de-la-santé-et-du-travail-social,,,,1461,
1462,http://www.wikidata.org/entity/Q30338888,personnalité politique,NA,NA,,,,1462,
1463,http://www.wikidata.org/entity/Q30339116,personnalité politique,anciens-cadres,physicien-ou-physicienne,,,,1463,
1464,http://www.wikidata.org/entity/Q30339119,personnalité politique,commerçants-et-assimilés,pompier-en-france,,,,1464,
1465,http://www.wikidata.org/entity/Q30339126,personnalité politique,professions-libérales-et-assimilés,NA,,,,1465,
1466,http://www.wikidata.org/entity/Q30339188,personnalité politique,"professeurs-des-écoles,-instituteurs-et-assimilés",NA,,,,1466,
1467,http://www.wikidata.org/entity/Q30339190,personnalité politique,cadres-administratifs-et-commerciaux-d'entreprise,NA,,,,1467,
1468,http://www.wikidata.org/entity/Q30339196,personnalité politique,professions-libérales-et-assimilés,médecin,,,,1468,
1469,http://www.wikidata.org/entity/Q30339198,personnalité politique,"professeurs,-professions-scientifiques",économiste,,,,1469,
1470,http://www.wikidata.org/entity/Q30339200,personnalité politique,personnes-diverses-sans-activité-professionnelle-de-moins-de-60-ans-sauf-retraités,"contremaîtres,-agents-de-maîtrise",,,,1470,
1471,http://www.wikidata.org/entity/Q30339206,personnalité politique,professions-libérales-et-assimilés,NA,,,,1471,
1472,http://www.wikidata.org/entity/Q30339209,personnalité politique,NA,NA,,,,1472,
1473,http://www.wikidata.org/entity/Q30339214,personnalité politique,NA,NA,,,,1473,
1474,http://www.wikidata.org/entity/Q30339222,personnalité politique,fonctionnaire-de-catégorie-a,NA,,,,1474,
1475,http://www.wikidata.org/entity/Q30339229,personnalité politique,NA,NA,,,,1475,
1476,http://www.wikidata.org/entity/Q30339237,personnalité politique,commerçants-et-assimilés,NA,,,,1476,
1477,http://www.wikidata.org/entity/Q30339238,personnalité politique,professions-intermédiaires-administratives-de-la-fonction-publique,NA,,,,1477,
1478,http://www.wikidata.org/entity/Q30339239,personnalité politique,commerçants-et-assimilés,NA,,,,1478,
1479,http://www.wikidata.org/entity/Q30339241,personnalité politique,cadres-administratifs-et-commerciaux-d'entreprise,NA,,,,1479,
1480,http://www.wikidata.org/entity/Q30339242,personnalité politique,cadres-administratifs-et-commerciaux-d'entreprise,personnes-diverses-sans-activité-professionnelle-de-60-ans-et-plus-sauf-retraités,,,,1480,
1481,http://www.wikidata.org/entity/Q30339245,personnalité politique,professions-libérales-et-assimilés,ingénieurs-et-cadres-techniques-d'entreprise,,,,1481,
1482,http://www.wikidata.org/entity/Q30339246,personnalité politique,ingénieurs-et-cadres-techniques-d'entreprise,"anciens-artisans,-commerçants,-chefs-d'entreprise",,,,1482,
1483,http://www.wikidata.org/entity/Q30339248,personnalité politique,"professeurs,-professions-scientifiques",NA,,,,1483,
1484,http://www.wikidata.org/entity/Q30339250,personnalité politique,NA,NA,,,,1484,
1485,http://www.wikidata.org/entity/Q30339260,personnalité politique,professions-libérales-et-assimilés,NA,,,,1485,
1486,http://www.wikidata.org/entity/Q30339272,personnalité politique,"professeurs,-professions-scientifiques",chimiste,,,,1486,
1487,http://www.wikidata.org/entity/Q30339275,personnalité politique,"anciens-artisans,-commerçants,-chefs-d'entreprise",NA,,,,1487,
1488,http://www.wikidata.org/entity/Q30339276,personnalité politique,ingénieurs-et-cadres-techniques-d'entreprise,ingénieur-ou-ingénieure,,,,1488,
1489,http://www.wikidata.org/entity/Q30339280,personnalité politique,NA,NA,,,,1489,
1490,http://www.wikidata.org/entity/Q30339281,personnalité politique,"professeurs,-professions-scientifiques",médecin,,,,1490,
1491,http://www.wikidata.org/entity/Q30339287,personnalité politique,techniciens,technicien-ou-technicienne,,,,1491,
1492,http://www.wikidata.org/entity/Q30339292,personnalité politique,professions-libérales-et-assimilés,kinésithérapeute,,,,1492,
1493,http://www.wikidata.org/entity/Q30339295,personnalité politique,agriculteur-ou-agricultrice,agriculteurs-sur-moyenne-exploitation,,,,1493,
1494,http://www.wikidata.org/entity/Q30339298,personnalité politique,"professeurs,-professions-scientifiques",professeur-agrégé-ou-professeure-agrégée,,,,1494,
1495,http://www.wikidata.org/entity/Q30339307,personnalité politique,NA,NA,,,,1495,
1496,http://www.wikidata.org/entity/Q30339323,personnalité politique,professions-libérales-et-assimilés,NA,,,,1496,
1497,http://www.wikidata.org/entity/Q30339328,personnalité politique,NA,NA,,,,1497,
1498,http://www.wikidata.org/entity/Q30339343,personnalité politique,cadres-administratifs-et-commerciaux-d'entreprise,psychiatre,,,,1498,
1499,http://www.wikidata.org/entity/Q30339344,personnalité politique,profession-libérale,NA,,,,1499,
1500,http://www.wikidata.org/entity/Q30339347,personnalité politique,anciens-cadres,NA,,,,1500,
1501,http://www.wikidata.org/entity/Q30339348,personnalité politique,cadres-administratifs-et-commerciaux-d'entreprise,anciens-cadres,,,,1501,
1502,http://www.wikidata.org/entity/Q30339350,personnalité politique,NA,NA,,,,1502,
1503,http://www.wikidata.org/entity/Q30339351,personnalité politique,professions-libérales-et-assimilés,avocat-ou-avocate,,,,1503,
1504,http://www.wikidata.org/entity/Q30339352,personnalité politique,directeur-ou-directrice-des-ressources-humaines,NA,,,,1504,
1505,http://www.wikidata.org/entity/Q30339354,personnalité politique,"professeurs,-professions-scientifiques",NA,,,,1505,
1506,http://www.wikidata.org/entity/Q30339356,personnalité politique,cadres-administratifs-et-commerciaux-d'entreprise,journaliste,,,,1506,
1507,http://www.wikidata.org/entity/Q30339363,personnalité politique,personnes-diverses-sans-activité-professionnelle-de-moins-de-60-ans-sauf-retraités,NA,,,,1507,
1508,http://www.wikidata.org/entity/Q30339364,personnalité politique,personnes-diverses-sans-activité-professionnelle-de-moins-de-60-ans-sauf-retraités,NA,,,,1508,
1509,http://www.wikidata.org/entity/Q30339370,personnalité politique,attaché-d'administration-centrale,NA,,,,1509,
1510,http://www.wikidata.org/entity/Q30339372,personnalité politique,NA,NA,,,,1510,
1511,http://www.wikidata.org/entity/Q30339375,personnalité politique,"anciens-artisans,-commerçants,-chefs-d'entreprise",NA,,,,1511,
1512,http://www.wikidata.org/entity/Q30339379,personnalité politique,cadres-administratifs-et-commerciaux-d'entreprise,NA,,,,1512,
1513,http://www.wikidata.org/entity/Q30339386,personnalité politique,commerçant-ou-commerçante,inspecteur-général-de-l'administration,,,,1513,
1514,http://www.wikidata.org/entity/Q30339394,personnalité politique,cadres-administratifs-et-commerciaux-d'entreprise,NA,,,,1514,
1515,http://www.wikidata.org/entity/Q30339397,personnalité politique,anciens-cadres,cadre-de-santé,,,,1515,
1516,http://www.wikidata.org/entity/Q30339402,personnalité politique,management-intermédiaire,NA,,,,1516,
1517,http://www.wikidata.org/entity/Q30339410,personnalité politique,profession-libérale,NA,,,,1517,
1518,http://www.wikidata.org/entity/Q30339415,personnalité politique,ingénieurs-et-cadres-techniques-d'entreprise,NA,,,,1518,
1519,http://www.wikidata.org/entity/Q30339419,personnalité politique,professions-intermédiaires-administratives-de-la-fonction-publique,cadre-d'entreprise,,,,1519,
1520,http://www.wikidata.org/entity/Q30339422,personnalité politique,professions-libérales-et-assimilés,avocat-ou-avocate,,,,1520,
1521,http://www.wikidata.org/entity/Q30339476,personnalité politique,personnes-diverses-sans-activité-professionnelle-de-moins-de-60-ans-sauf-retraités,NA,,,,1521,
1522,http://www.wikidata.org/entity/Q30339795,personnalité politique,personnes-diverses-sans-activité-professionnelle-de-moins-de-60-ans-sauf-retraités,professions-intermédiaires-de-la-santé-et-du-travail-social,,,,1522,
1523,http://www.wikidata.org/entity/Q30341493,personnalité politique,professions-libérales-et-assimilés,anciens-cadres,,,,1523,
1524,http://www.wikidata.org/entity/Q30341815,personnalité politique,professions-libérales-et-assimilés,NA,,,,1524,
1525,http://www.wikidata.org/entity/Q30341918,personnalité politique,anciens-employés,NA,,,,1525,
1526,http://www.wikidata.org/entity/Q30342118,personnalité politique,avocat-ou-avocate,personnes-diverses-sans-activité-professionnelle-de-moins-de-60-ans-sauf-retraités,,,,1526,
1527,http://www.wikidata.org/entity/Q30342132,personnalité politique,professions-libérales-et-assimilés,médecin,,,,1527,
1528,http://www.wikidata.org/entity/Q30342359,personnalité politique,anciens-cadres,NA,,,,1528,
1529,http://www.wikidata.org/entity/Q30342372,personnalité politique,cadres-administratifs-et-commerciaux-d'entreprise,NA,,,,1529,
1530,http://www.wikidata.org/entity/Q30342405,personnalité politique,NA,NA,,,,1530,
1531,http://www.wikidata.org/entity/Q30342434,personnalité politique,professions-libérales-et-assimilés,commerçants-et-assimilés,,,,1531,
1532,http://www.wikidata.org/entity/Q30342475,personnalité politique,cadres-administratifs-et-commerciaux-d'entreprise,NA,,,,1532,
1533,http://www.wikidata.org/entity/Q30342487,personnalité politique,anciens-cadres,NA,,,,1533,
1534,http://www.wikidata.org/entity/Q30342506,personnalité politique,cadres-administratifs-et-commerciaux-d'entreprise,anciens-cadres,,,,1534,
1535,http://www.wikidata.org/entity/Q30342530,personnalité politique,"professeurs,-professions-scientifiques",enseignant-ou-enseignante,,,,1535,
1536,http://www.wikidata.org/entity/Q30342547,personnalité politique,NA,NA,,,,1536,
1537,http://www.wikidata.org/entity/Q30342575,personnalité politique,personnes-diverses-sans-activité-professionnelle-de-moins-de-60-ans-sauf-retraités,NA,,,,1537,
1538,http://www.wikidata.org/entity/Q30342777,personnalité politique,cadres-administratifs-et-commerciaux-d'entreprise,personnes-diverses-sans-activité-professionnelle-de-moins-de-60-ans-sauf-retraités,,,,1538,
1539,http://www.wikidata.org/entity/Q30342796,personnalité politique,pensionné,anciennes-professions-intermédiaires,,,,1539,
1540,http://www.wikidata.org/entity/Q30342812,personnalité politique,cadres-administratifs-et-commerciaux-d'entreprise,NA,,,,1540,
1541,http://www.wikidata.org/entity/Q30342869,personnalité politique,cadres-administratifs-et-commerciaux-d'entreprise,NA,,,,1541,
1542,http://www.wikidata.org/entity/Q30342903,personnalité politique,"professeurs,-professions-scientifiques",économiste,,,,1542,
1543,http://www.wikidata.org/entity/Q30342921,personnalité politique,NA,NA,,,,1543,
1544,http://www.wikidata.org/entity/Q30342940,personnalité politique,NA,NA,,,,1544,
1545,http://www.wikidata.org/entity/Q30342954,personnalité politique,employés-civils-et-agents-de-service-de-la-fonction-publique,fonctionnaire-de-catégorie-b,,,,1545,
1546,http://www.wikidata.org/entity/Q30342968,personnalité politique,cadres-administratifs-et-commerciaux-d'entreprise,NA,,,,1546,
1547,http://www.wikidata.org/entity/Q30342982,personnalité politique,professions-libérales-et-assimilés,NA,,,,1547,
1548,http://www.wikidata.org/entity/Q30342993,personnalité politique,personnes-diverses-sans-activité-professionnelle-de-moins-de-60-ans-sauf-retraités,NA,,,,1548,
1549,http://www.wikidata.org/entity/Q30343005,personnalité politique,NA,NA,,,,1549,
1550,http://www.wikidata.org/entity/Q30343030,personnalité politique,NA,NA,,,,1550,
1551,http://www.wikidata.org/entity/Q30343070,personnalité politique,personnes-diverses-sans-activité-professionnelle-de-60-ans-et-plus-sauf-retraités,NA,,,,1551,
1552,http://www.wikidata.org/entity/Q30343074,personnalité politique,professions-libérales-et-assimilés,chercheur-ou-chercheuse,,,,1552,
1553,http://www.wikidata.org/entity/Q30343078,personnalité politique,anciens-employés,NA,,,,1553,
1554,http://www.wikidata.org/entity/Q30343090,personnalité politique,professions-libérales-et-assimilés,NA,,,,1554,
1555,http://www.wikidata.org/entity/Q30343102,personnalité politique,chefs-d'entreprise-de-10-salariés-ou-plus,NA,,,,1555,
1556,http://www.wikidata.org/entity/Q30343112,personnalité politique,chefs-d'entreprise-de-10-salariés-ou-plus,NA,,,,1556,
1557,http://www.wikidata.org/entity/Q30343128,personnalité politique,cadres-administratifs-et-commerciaux-d'entreprise,NA,,,,1557,
1558,http://www.wikidata.org/entity/Q30343140,personnalité politique,NA,NA,,,,1558,
1559,http://www.wikidata.org/entity/Q30343155,personnalité politique,cadres-administratifs-et-commerciaux-d'entreprise,NA,,,,1559,
1560,http://www.wikidata.org/entity/Q30343165,personnalité politique,professions-libérales-et-assimilés,NA,,,,1560,
1561,http://www.wikidata.org/entity/Q30343198,personnalité politique,personnes-diverses-sans-activité-professionnelle-de-moins-de-60-ans-sauf-retraités,NA,,,,1561,
1562,http://www.wikidata.org/entity/Q30343212,personnalité politique,diplomate,professions-intermédiaires-administratives-de-la-fonction-publique,,,,1562,
1563,http://www.wikidata.org/entity/Q30343220,personnalité politique,enseignant-chercheur-ou-enseignante-chercheuse,NA,,,,1563,
1564,http://www.wikidata.org/entity/Q30343245,personnalité politique,cadres-administratifs-et-commerciaux-d'entreprise,NA,,,,1564,
1565,http://www.wikidata.org/entity/Q30343446,personnalité politique,chefs-d'entreprise-de-10-salariés-ou-plus,NA,,,,1565,
1566,http://www.wikidata.org/entity/Q30344304,personnalité politique,professions-libérales-et-assimilés,NA,,,,1566,
1567,http://www.wikidata.org/entity/Q30344380,personnalité politique,NA,NA,,,,1567,
1568,http://www.wikidata.org/entity/Q30344388,personnalité politique,chef-ou-cheffe-d'entreprise,NA,,,,1568,
1569,http://www.wikidata.org/entity/Q30344462,personnalité politique,professions-libérales-et-assimilés,avocat-ou-avocate,,,,1569,
1570,http://www.wikidata.org/entity/Q30344568,personnalité politique,"professions-de-l'information,-des-arts-et-des-spectacles",NA,,,,1570,
1571,http://www.wikidata.org/entity/Q30344625,personnalité politique,NA,NA,,,,1571,
1572,http://www.wikidata.org/entity/Q30344657,personnalité politique,NA,NA,,,,1572,
1573,http://www.wikidata.org/entity/Q30344710,personnalité politique,employés-de-commerce,personnels-des-services-directs-aux-particuliers,,,,1573,
1574,http://www.wikidata.org/entity/Q30345334,personnalité politique,NA,NA,,,,1574,
1575,http://www.wikidata.org/entity/Q30345381,personnalité politique,"anciens-artisans,-commerçants,-chefs-d'entreprise",entrepreneur-ou-entrepreneuse,,,,1575,
1576,http://www.wikidata.org/entity/Q30345412,personnalité politique,chefs-d'entreprise-de-10-salariés-ou-plus,NA,,,,1576,
1577,http://www.wikidata.org/entity/Q30346873,personnalité politique,NA,NA,,,,1577,
1578,http://www.wikidata.org/entity/Q30347171,personnalité politique,"professeurs-des-écoles,-instituteurs-et-assimilés",NA,,,,1578,
1579,http://www.wikidata.org/entity/Q30347481,personnalité politique,NA,NA,,,,1579,
1580,http://www.wikidata.org/entity/Q30348526,personnalité politique,cadres-administratifs-et-commerciaux-d'entreprise,NA,,,,1580,
1581,http://www.wikidata.org/entity/Q30348579,personnalité politique,"professions-de-l'information,-des-arts-et-des-spectacles",NA,,,,1581,
1582,http://www.wikidata.org/entity/Q30348761,personnalité politique,cadres-administratifs-et-commerciaux-d'entreprise,NA,,,,1582,
1583,http://www.wikidata.org/entity/Q30348845,personnalité politique,NA,NA,,,,1583,
1584,http://www.wikidata.org/entity/Q30348849,personnalité politique,chefs-d'entreprise-de-10-salariés-ou-plus,NA,,,,1584,
1585,http://www.wikidata.org/entity/Q30348928,personnalité politique,chef-ou-cheffe-d'entreprise,commerçants-et-assimilés,,,,1585,
1586,http://www.wikidata.org/entity/Q30348935,personnalité politique,professeur-d'éducation-physique-et-sportive,principal-de-collège,,,,1586,
1587,http://www.wikidata.org/entity/Q30348996,personnalité politique,"professeurs,-professions-scientifiques",professeur-des-universités,,,,1587,
1588,http://www.wikidata.org/entity/Q30349019,personnalité politique,médecin-urgentiste,NA,,,,1588,
1589,http://www.wikidata.org/entity/Q30349021,personnalité politique,professions-libérales-et-assimilés,"professeurs,-professions-scientifiques",,,,1589,
1590,http://www.wikidata.org/entity/Q30349049,personnalité politique,NA,NA,,,,1590,
1591,http://www.wikidata.org/entity/Q30349074,personnalité politique,anciens-cadres,NA,,,,1591,
1592,http://www.wikidata.org/entity/Q30349104,personnalité politique,NA,NA,,,,1592,
1593,http://www.wikidata.org/entity/Q30349124,personnalité politique,cadres-administratifs-et-commerciaux-d'entreprise,NA,,,,1593,
1594,http://www.wikidata.org/entity/Q30349130,personnalité politique,professions-intermédiaires-de-la-santé-et-du-travail-social,NA,,,,1594,
1595,http://www.wikidata.org/entity/Q30349168,personnalité politique,NA,NA,,,,1595,
1596,http://www.wikidata.org/entity/Q30349208,personnalité politique,professions-libérales-et-assimilés,médecin,,,,1596,
1597,http://www.wikidata.org/entity/Q30349248,personnalité politique,NA,NA,,,,1597,
1598,http://www.wikidata.org/entity/Q30349257,personnalité politique,cadres-administratifs-et-commerciaux-d'entreprise,employé-du-secteur-privé,,,,1598,
1599,http://www.wikidata.org/entity/Q30349279,personnalité politique,professions-intermédiaires-de-la-santé-et-du-travail-social,aide-soignant-ou-aide-soignante,,,,1599,
1600,http://www.wikidata.org/entity/Q30349293,personnalité politique,employés-civils-et-agents-de-service-de-la-fonction-publique,NA,,,,1600,
1601,http://www.wikidata.org/entity/Q30349298,personnalité politique,anciens-cadres,NA,,,,1601,
1602,http://www.wikidata.org/entity/Q30349300,personnalité politique,professions-libérales-et-assimilés,pharmacien-ou-pharmacienne,,,,1602,
1603,http://www.wikidata.org/entity/Q30349301,personnalité politique,"professeurs,-professions-scientifiques",NA,,,,1603,
1604,http://www.wikidata.org/entity/Q30349303,personnalité politique,professions-intermédiaires-de-la-santé-et-du-travail-social,NA,,,,1604,
1605,http://www.wikidata.org/entity/Q30349307,personnalité politique,NA,NA,,,,1605,
1606,http://www.wikidata.org/entity/Q30349316,personnalité politique,NA,NA,,,,1606,
1607,http://www.wikidata.org/entity/Q30349322,personnalité politique,NA,NA,,,,1607,
1608,http://www.wikidata.org/entity/Q30349328,personnalité politique,ingénieurs-et-cadres-techniques-d'entreprise,NA,,,,1608,
1609,http://www.wikidata.org/entity/Q30349347,personnalité politique,NA,NA,,,,1609,
1610,http://www.wikidata.org/entity/Q30349354,personnalité politique,chefs-d'entreprise-de-10-salariés-ou-plus,chef-ou-cheffe-d'entreprise,,,,1610,
1611,http://www.wikidata.org/entity/Q30349369,personnalité politique,cadres-administratifs-et-commerciaux-d'entreprise,"anciens-artisans,-commerçants,-chefs-d'entreprise",,,,1611,
1612,http://www.wikidata.org/entity/Q30349376,personnalité politique,NA,NA,,,,1612,
1613,http://www.wikidata.org/entity/Q30349381,personnalité politique,cadres-administratifs-et-commerciaux-d'entreprise,ingénieurs-et-cadres-techniques-d'entreprise,,,,1613,
1614,http://www.wikidata.org/entity/Q30349393,personnalité politique,NA,NA,,,,1614,
1615,http://www.wikidata.org/entity/Q30349408,personnalité politique,NA,NA,,,,1615,
1616,http://www.wikidata.org/entity/Q30349429,personnalité politique,"professeurs,-professions-scientifiques",médecin,,,,1616,
1617,http://www.wikidata.org/entity/Q30349437,personnalité politique,"anciens-artisans,-commerçants,-chefs-d'entreprise",pharmacien-ou-pharmacienne,,,,1617,
1618,http://www.wikidata.org/entity/Q30349445,personnalité politique,"professeurs,-professions-scientifiques",NA,,,,1618,
1619,http://www.wikidata.org/entity/Q30349455,personnalité politique,NA,NA,,,,1619,
1620,http://www.wikidata.org/entity/Q30349465,personnalité politique,professions-libérales-et-assimilés,NA,,,,1620,
1621,http://www.wikidata.org/entity/Q30349495,personnalité politique,ingénieurs-et-cadres-techniques-d'entreprise,commerçants-et-assimilés,,,,1621,
1622,http://www.wikidata.org/entity/Q30349518,personnalité politique,anciens-cadres,NA,,,,1622,
1623,http://www.wikidata.org/entity/Q30349529,personnalité politique,NA,NA,,,,1623,
1624,http://www.wikidata.org/entity/Q30349549,personnalité politique,professions-libérales-et-assimilés,NA,,,,1624,
1625,http://www.wikidata.org/entity/Q30349575,personnalité politique,cadres-administratifs-et-commerciaux-d'entreprise,NA,,,,1625,
1626,http://www.wikidata.org/entity/Q30349588,personnalité politique,"professeurs,-professions-scientifiques",ingénieurs-et-cadres-techniques-d'entreprise,,,,1626,
1627,http://www.wikidata.org/entity/Q30349632,personnalité politique,NA,NA,,,,1627,
1628,http://www.wikidata.org/entity/Q30349651,personnalité politique,anciens-cadres,pensionné,,,,1628,
1629,http://www.wikidata.org/entity/Q3034968,personnalité politique,cadres-administratifs-et-commerciaux-d'entreprise,cadre-supérieur-des-entreprises-publiques,,,,1629,
1630,http://www.wikidata.org/entity/Q30349775,personnalité politique,"anciens-artisans,-commerçants,-chefs-d'entreprise",NA,,,,1630,
1631,http://www.wikidata.org/entity/Q30349862,personnalité politique,"professeurs,-professions-scientifiques",enseignant-ou-enseignante-du-secondaire,,,,1631,
1632,http://www.wikidata.org/entity/Q30349870,personnalité politique,personnes-diverses-sans-activité-professionnelle-de-60-ans-et-plus-sauf-retraités,NA,,,,1632,
1633,http://www.wikidata.org/entity/Q30349937,personnalité politique,cadres-administratifs-et-commerciaux-d'entreprise,NA,,,,1633,
1634,http://www.wikidata.org/entity/Q3035016,personnalité politique,pensionné,NA,,,,1634,
1635,http://www.wikidata.org/entity/Q3035041,personnalité politique,NA,NA,,,,1635,
1636,http://www.wikidata.org/entity/Q3035053,personnalité politique,NA,NA,,,,1636,
1637,http://www.wikidata.org/entity/Q30350575,personnalité politique,ingénieurs-et-cadres-techniques-d'entreprise,NA,,,,1637,
1638,http://www.wikidata.org/entity/Q3035061,personnalité politique,NA,NA,,,,1638,
1639,http://www.wikidata.org/entity/Q30350683,personnalité politique,professeur-d'université,NA,,,,1639,
1640,http://www.wikidata.org/entity/Q3035111,personnalité politique,NA,NA,,,,1640,
1641,http://www.wikidata.org/entity/Q30351244,personnalité politique,anciens-ouvriers,NA,,,,1641,
1642,http://www.wikidata.org/entity/Q3035125,personnalité politique,NA,NA,,,,1642,
1643,http://www.wikidata.org/entity/Q30351657,personnalité politique,cadres-administratifs-et-commerciaux-d'entreprise,NA,,,,1643,
1644,http://www.wikidata.org/entity/Q3035166,personnalité politique,syndicaliste,ouvrier-ou-ouvrière,,,,1644,
1645,http://www.wikidata.org/entity/Q30351663,personnalité politique,NA,NA,,,,1645,
1646,http://www.wikidata.org/entity/Q3035175,personnalité politique,anciens-cadres,pensionné,,,,1646,
1647,http://www.wikidata.org/entity/Q3035194,personnalité politique,professeur-des-écoles,NA,,,,1647,
1648,http://www.wikidata.org/entity/Q3035239,personnalité politique,chefs-d'entreprise-de-10-salariés-ou-plus,chef-ou-cheffe-d'entreprise,,,,1648,
1649,http://www.wikidata.org/entity/Q3035270,personnalité politique,anciens-cadres,pensionné,,,,1649,
1650,http://www.wikidata.org/entity/Q3035273,personnalité politique,avocat-ou-avocate,NA,,,,1650,
1651,http://www.wikidata.org/entity/Q3035279,personnalité politique,NA,NA,,,,1651,
1652,http://www.wikidata.org/entity/Q3035367,personnalité politique,ophtalmologue,NA,,,,1652,
1653,http://www.wikidata.org/entity/Q3035368,personnalité politique,NA,NA,,,,1653,
1654,http://www.wikidata.org/entity/Q3035399,personnalité politique,agriculteurs-sur-moyenne-exploitation,NA,,,,1654,
1655,http://www.wikidata.org/entity/Q3035420,personnalité politique,avocat-ou-avocate,NA,,,,1655,
1656,http://www.wikidata.org/entity/Q3035423,personnalité politique,NA,NA,,,,1656,
1657,http://www.wikidata.org/entity/Q3035430,personnalité politique,NA,NA,,,,1657,
1658,http://www.wikidata.org/entity/Q3035447,personnalité politique,avocat-ou-avocate,NA,,,,1658,
1659,http://www.wikidata.org/entity/Q3035481,personnalité politique,économiste,NA,,,,1659,
1660,http://www.wikidata.org/entity/Q3035528,personnalité politique,éditeur-ou-éditrice,NA,,,,1660,
1661,http://www.wikidata.org/entity/Q30375947,personnalité politique,enseignant-ou-enseignante,professions-intermédiaires-administratives-et-commerciales-des-entreprises,,,,1661,
1662,http://www.wikidata.org/entity/Q30376107,personnalité politique,professions-libérales-et-assimilés,avocat-ou-avocate,,,,1662,
1663,http://www.wikidata.org/entity/Q30376256,personnalité politique,NA,NA,,,,1663,
1664,http://www.wikidata.org/entity/Q30376630,personnalité politique,NA,NA,,,,1664,
1665,http://www.wikidata.org/entity/Q30376809,personnalité politique,NA,NA,,,,1665,
1666,http://www.wikidata.org/entity/Q30377001,personnalité politique,NA,NA,,,,1666,
1667,http://www.wikidata.org/entity/Q30377460,personnalité politique,cadres-administratifs-et-commerciaux-d'entreprise,employés-administratifs-d'entreprise,,,,1667,
1668,http://www.wikidata.org/entity/Q30377701,personnalité politique,ingénieurs-et-cadres-techniques-d'entreprise,NA,,,,1668,
1669,http://www.wikidata.org/entity/Q30377920,personnalité politique,policiers-et-militaires,NA,,,,1669,
1670,http://www.wikidata.org/entity/Q30378055,personnalité politique,NA,NA,,,,1670,
1671,http://www.wikidata.org/entity/Q30378193,personnalité politique,professions-libérales-et-assimilés,NA,,,,1671,
1672,http://www.wikidata.org/entity/Q30378312,personnalité politique,professions-libérales-et-assimilés,NA,,,,1672,
1673,http://www.wikidata.org/entity/Q30378425,personnalité politique,juriste,NA,,,,1673,
1674,http://www.wikidata.org/entity/Q30378641,personnalité politique,chef-ou-cheffe-d'entreprise,"anciens-artisans,-commerçants,-chefs-d'entreprise",,,,1674,
1675,http://www.wikidata.org/entity/Q30378762,personnalité politique,professions-libérales-et-assimilés,anciens-cadres,,,,1675,
1676,http://www.wikidata.org/entity/Q30378878,personnalité politique,chefs-d'entreprise-de-10-salariés-ou-plus,NA,,,,1676,
1677,http://www.wikidata.org/entity/Q30379003,personnalité politique,cadres-administratifs-et-commerciaux-d'entreprise,NA,,,,1677,
1678,http://www.wikidata.org/entity/Q30379410,personnalité politique,cadres-administratifs-et-commerciaux-d'entreprise,NA,,,,1678,
1679,http://www.wikidata.org/entity/Q30379650,personnalité politique,professions-libérales-et-assimilés,agriculteurs-sur-grande-exploitation,,,,1679,
1680,http://www.wikidata.org/entity/Q30379800,personnalité politique,professions-libérales-et-assimilés,avocat-ou-avocate,,,,1680,
1681,http://www.wikidata.org/entity/Q30380252,personnalité politique,NA,NA,,,,1681,
1682,http://www.wikidata.org/entity/Q30380724,personnalité politique,anciens-cadres,NA,,,,1682,
1683,http://www.wikidata.org/entity/Q30380891,personnalité politique,employés-administratifs-d'entreprise,NA,,,,1683,
1684,http://www.wikidata.org/entity/Q30384972,personnalité politique,cadres-administratifs-et-commerciaux-d'entreprise,personnes-diverses-sans-activité-professionnelle-de-60-ans-et-plus-sauf-retraités,,,,1684,
1685,http://www.wikidata.org/entity/Q30385534,personnalité politique,cadres-administratifs-et-commerciaux-d'entreprise,NA,,,,1685,
1686,http://www.wikidata.org/entity/Q30385652,personnalité politique,"anciens-artisans,-commerçants,-chefs-d'entreprise",NA,,,,1686,
1687,http://www.wikidata.org/entity/Q30385935,personnalité politique,employés-administratifs-d'entreprise,NA,,,,1687,
1688,http://www.wikidata.org/entity/Q30386100,personnalité politique,personnes-diverses-sans-activité-professionnelle-de-60-ans-et-plus-sauf-retraités,NA,,,,1688,
1689,http://www.wikidata.org/entity/Q30386268,personnalité politique,cadres-administratifs-et-commerciaux-d'entreprise,anciens-cadres,,,,1689,
1690,http://www.wikidata.org/entity/Q30386361,personnalité politique,NA,NA,,,,1690,
1691,http://www.wikidata.org/entity/Q30386520,personnalité politique,professions-libérales-et-assimilés,profession-libérale,,,,1691,
1692,http://www.wikidata.org/entity/Q30386710,personnalité politique,personnes-diverses-sans-activité-professionnelle-de-moins-de-60-ans-sauf-retraités,NA,,,,1692,
1693,http://www.wikidata.org/entity/Q30386813,personnalité politique,NA,NA,,,,1693,
1694,http://www.wikidata.org/entity/Q30386985,personnalité politique,employés-civils-et-agents-de-service-de-la-fonction-publique,NA,,,,1694,
1695,http://www.wikidata.org/entity/Q30387980,personnalité politique,NA,NA,,,,1695,
1696,http://www.wikidata.org/entity/Q30388169,personnalité politique,chefs-d'entreprise-de-10-salariés-ou-plus,NA,,,,1696,
1697,http://www.wikidata.org/entity/Q30388327,personnalité politique,professions-libérales-et-assimilés,personnes-diverses-sans-activité-professionnelle-de-moins-de-60-ans-sauf-retraités,,,,1697,
1698,http://www.wikidata.org/entity/Q30388588,personnalité politique,NA,NA,,,,1698,
1699,http://www.wikidata.org/entity/Q30388733,personnalité politique,cadres-administratifs-et-commerciaux-d'entreprise,personnes-diverses-sans-activité-professionnelle-de-moins-de-60-ans-sauf-retraités,,,,1699,
1700,http://www.wikidata.org/entity/Q30388848,personnalité politique,NA,NA,,,,1700,
1701,http://www.wikidata.org/entity/Q30389070,personnalité politique,anciens-cadres,délégué-médical-ou-déléguée-médicale,,,,1701,
1702,http://www.wikidata.org/entity/Q30389178,personnalité politique,NA,NA,,,,1702,
1703,http://www.wikidata.org/entity/Q30389297,personnalité politique,soldat,militaires-du-contingent,,,,1703,
1704,http://www.wikidata.org/entity/Q30389422,personnalité politique,"professeurs,-professions-scientifiques",NA,,,,1704,
1705,http://www.wikidata.org/entity/Q30389524,personnalité politique,médecin,personnes-diverses-sans-activité-professionnelle-de-60-ans-et-plus-sauf-retraités,,,,1705,
1706,http://www.wikidata.org/entity/Q30389738,personnalité politique,personnes-diverses-sans-activité-professionnelle-de-moins-de-60-ans-sauf-retraités,NA,,,,1706,
1707,http://www.wikidata.org/entity/Q30390033,personnalité politique,professions-intermédiaires-de-la-santé-et-du-travail-social,NA,,,,1707,
1708,http://www.wikidata.org/entity/Q30390218,personnalité politique,"professeurs,-professions-scientifiques",NA,,,,1708,
1709,http://www.wikidata.org/entity/Q30390327,personnalité politique,professions-libérales-et-assimilés,expert-comptable,,,,1709,
1710,http://www.wikidata.org/entity/Q30390636,personnalité politique,"professeurs-des-écoles,-instituteurs-et-assimilés",NA,,,,1710,
1711,http://www.wikidata.org/entity/Q30390791,personnalité politique,professions-libérales-et-assimilés,NA,,,,1711,
1712,http://www.wikidata.org/entity/Q30390884,personnalité politique,NA,NA,,,,1712,
1713,http://www.wikidata.org/entity/Q30391048,personnalité politique,chefs-d'entreprise-de-10-salariés-ou-plus,personnalité-du-monde-des-affaires,,,,1713,
1714,http://www.wikidata.org/entity/Q30391203,personnalité politique,professions-libérales-et-assimilés,NA,,,,1714,
1715,http://www.wikidata.org/entity/Q30391338,personnalité politique,"professeurs-des-écoles,-instituteurs-et-assimilés",NA,,,,1715,
1716,http://www.wikidata.org/entity/Q30391746,personnalité politique,avocat-ou-avocate,juriste,,,,1716,
1717,http://www.wikidata.org/entity/Q30392038,personnalité politique,agriculteur-ou-agricultrice,agriculteurs-sur-grande-exploitation,,,,1717,
1718,http://www.wikidata.org/entity/Q30392260,personnalité politique,"professeurs,-professions-scientifiques",professeur-d'histoire-géographie,,,,1718,
1719,http://www.wikidata.org/entity/Q30392574,personnalité politique,professions-libérales-et-assimilés,"professeurs,-professions-scientifiques",,,,1719,
1720,http://www.wikidata.org/entity/Q30392870,personnalité politique,"anciens-artisans,-commerçants,-chefs-d'entreprise",NA,,,,1720,
1721,http://www.wikidata.org/entity/Q30393009,personnalité politique,"anciens-artisans,-commerçants,-chefs-d'entreprise",NA,,,,1721,
1722,http://www.wikidata.org/entity/Q30395630,personnalité politique,anciens-cadres,NA,,,,1722,
1723,http://www.wikidata.org/entity/Q30395666,personnalité politique,"professeurs,-professions-scientifiques",mathématicien-ou-mathématicienne,,,,1723,
1724,http://www.wikidata.org/entity/Q30404445,personnalité politique,NA,NA,,,,1724,
1725,http://www.wikidata.org/entity/Q30408131,personnalité politique,NA,NA,,,,1725,
1726,http://www.wikidata.org/entity/Q30414335,personnalité politique,"anciens-artisans,-commerçants,-chefs-d'entreprise",agriculteurs-sur-grande-exploitation,,,,1726,
1727,http://www.wikidata.org/entity/Q30414734,personnalité politique,NA,NA,,,,1727,
1728,http://www.wikidata.org/entity/Q30414896,personnalité politique,NA,NA,,,,1728,
1729,http://www.wikidata.org/entity/Q30416664,personnalité politique,proviseur-ou-proviseure,NA,,,,1729,
1730,http://www.wikidata.org/entity/Q30417849,personnalité politique,anciens-cadres,ingénieur-ou-ingénieure,,,,1730,
1731,http://www.wikidata.org/entity/Q30419094,personnalité politique,cadres-administratifs-et-commerciaux-d'entreprise,NA,,,,1731,
1732,http://www.wikidata.org/entity/Q30419664,personnalité politique,acteur-ou-actrice,NA,,,,1732,
1733,http://www.wikidata.org/entity/Q30420910,personnalité politique,NA,NA,,,,1733,
1734,http://www.wikidata.org/entity/Q30430460,personnalité politique,NA,NA,,,,1734,
1735,http://www.wikidata.org/entity/Q30431548,personnalité politique,"professeurs,-professions-scientifiques",NA,,,,1735,
1736,http://www.wikidata.org/entity/Q30433642,personnalité politique,personnes-diverses-sans-activité-professionnelle-de-moins-de-60-ans-sauf-retraités,NA,,,,1736,
1737,http://www.wikidata.org/entity/Q30433890,personnalité politique,fonctionnaire-de-catégorie-a,NA,,,,1737,
1738,http://www.wikidata.org/entity/Q30435197,personnalité politique,anciennes-professions-intermédiaires,NA,,,,1738,
1739,http://www.wikidata.org/entity/Q30435693,personnalité politique,cadres-administratifs-et-commerciaux-d'entreprise,écrivain-ou-écrivaine,,,,1739,
1740,http://www.wikidata.org/entity/Q30435836,personnalité politique,agriculteur-ou-agricultrice,agriculteurs-sur-moyenne-exploitation,,,,1740,
1741,http://www.wikidata.org/entity/Q30436200,personnalité politique,ingénieurs-et-cadres-techniques-d'entreprise,NA,,,,1741,
1742,http://www.wikidata.org/entity/Q30440777,personnalité politique,personnes-diverses-sans-activité-professionnelle-de-moins-de-60-ans-sauf-retraités,NA,,,,1742,
1743,http://www.wikidata.org/entity/Q30447134,personnalité politique,anciens-cadres,pensionné,,,,1743,
1744,http://www.wikidata.org/entity/Q30448094,personnalité politique,cadres-administratifs-et-commerciaux-d'entreprise,NA,,,,1744,
1745,http://www.wikidata.org/entity/Q30449710,personnalité politique,NA,NA,,,,1745,
1746,http://www.wikidata.org/entity/Q30450097,personnalité politique,anciens-cadres,pensionné,,,,1746,
1747,http://www.wikidata.org/entity/Q30451909,personnalité politique,cadres-administratifs-et-commerciaux-d'entreprise,anciens-cadres,,,,1747,
1748,http://www.wikidata.org/entity/Q30453472,personnalité politique,chefs-d'entreprise-de-10-salariés-ou-plus,chef-ou-cheffe-d'entreprise,,,,1748,
1749,http://www.wikidata.org/entity/Q30453870,personnalité politique,NA,NA,,,,1749,
1750,http://www.wikidata.org/entity/Q30456455,personnalité politique,"professeurs,-professions-scientifiques",médecin,,,,1750,
1751,http://www.wikidata.org/entity/Q30458608,personnalité politique,NA,NA,,,,1751,
1752,http://www.wikidata.org/entity/Q30458783,personnalité politique,juriste,NA,,,,1752,
1753,http://www.wikidata.org/entity/Q30459009,personnalité politique,NA,NA,,,,1753,
1754,http://www.wikidata.org/entity/Q3047630,personnalité politique,pensionné,NA,,,,1754,
1755,http://www.wikidata.org/entity/Q3047730,personnalité politique,économiste,NA,,,,1755,
1756,http://www.wikidata.org/entity/Q3047759,personnalité politique,résistant-ou-résistante,NA,,,,1756,
1757,http://www.wikidata.org/entity/Q3047765,personnalité politique,NA,NA,,,,1757,
1758,http://www.wikidata.org/entity/Q3047801,personnalité politique,directeur-ou-directrice,NA,,,,1758,
1759,http://www.wikidata.org/entity/Q3047809,personnalité politique,NA,NA,,,,1759,
1760,http://www.wikidata.org/entity/Q3047842,personnalité politique,NA,NA,,,,1760,
1761,http://www.wikidata.org/entity/Q3048010,personnalité politique,NA,NA,,,,1761,
1762,http://www.wikidata.org/entity/Q3048368,personnalité politique,NA,NA,,,,1762,
1763,http://www.wikidata.org/entity/Q3048744,personnalité politique,médecin,NA,,,,1763,
1764,http://www.wikidata.org/entity/Q3048745,personnalité politique,NA,NA,,,,1764,
1765,http://www.wikidata.org/entity/Q30490415,personnalité politique,personnes-diverses-sans-activité-professionnelle-de-60-ans-et-plus-sauf-retraités,NA,,,,1765,
1766,http://www.wikidata.org/entity/Q30493489,personnalité politique,anciens-cadres,député-français,,,,1766,
1767,http://www.wikidata.org/entity/Q30496487,personnalité politique,NA,NA,,,,1767,
1768,http://www.wikidata.org/entity/Q30496556,personnalité politique,NA,NA,,,,1768,
1769,http://www.wikidata.org/entity/Q30496891,personnalité politique,"professeurs,-professions-scientifiques",juriste,,,,1769,
1770,http://www.wikidata.org/entity/Q30497082,personnalité politique,cadres-administratifs-et-commerciaux-d'entreprise,consultant-ou-consultante,,,,1770,
1771,http://www.wikidata.org/entity/Q30497440,personnalité politique,médecin-généraliste,NA,,,,1771,
1772,http://www.wikidata.org/entity/Q30497590,personnalité politique,personnes-diverses-sans-activité-professionnelle-de-moins-de-60-ans-sauf-retraités,NA,,,,1772,
1773,http://www.wikidata.org/entity/Q30497954,personnalité politique,personnes-diverses-sans-activité-professionnelle-de-moins-de-60-ans-sauf-retraités,NA,,,,1773,
1774,http://www.wikidata.org/entity/Q30498482,personnalité politique,professions-libérales-et-assimilés,ostéopathe,,,,1774,
1775,http://www.wikidata.org/entity/Q30503206,personnalité politique,professions-libérales-et-assimilés,avocat-ou-avocate,,,,1775,
1776,http://www.wikidata.org/entity/Q30503261,personnalité politique,"professions-de-l'information,-des-arts-et-des-spectacles",NA,,,,1776,
1777,http://www.wikidata.org/entity/Q30503939,personnalité politique,professions-libérales-et-assimilés,management-intermédiaire,,,,1777,
1778,http://www.wikidata.org/entity/Q30504358,personnalité politique,personnes-diverses-sans-activité-professionnelle-de-moins-de-60-ans-sauf-retraités,NA,,,,1778,
1779,http://www.wikidata.org/entity/Q30505626,personnalité politique,NA,NA,,,,1779,
1780,http://www.wikidata.org/entity/Q30505632,personnalité politique,commerçants-et-assimilés,NA,,,,1780,
1781,http://www.wikidata.org/entity/Q30505891,personnalité politique,personnes-diverses-sans-activité-professionnelle-de-moins-de-60-ans-sauf-retraités,NA,,,,1781,
1782,http://www.wikidata.org/entity/Q30506159,personnalité politique,cadres-administratifs-et-commerciaux-d'entreprise,ingénieurs-et-cadres-techniques-d'entreprise,,,,1782,
1783,http://www.wikidata.org/entity/Q30506332,personnalité politique,NA,NA,,,,1783,
1784,http://www.wikidata.org/entity/Q30506341,personnalité politique,cadres-administratifs-et-commerciaux-d'entreprise,collaborateur-parlementaire,,,,1784,
1785,http://www.wikidata.org/entity/Q30506365,personnalité politique,professions-libérales-et-assimilés,personnes-diverses-sans-activité-professionnelle-de-moins-de-60-ans-sauf-retraités,,,,1785,
1786,http://www.wikidata.org/entity/Q30506490,personnalité politique,cadres-administratifs-et-commerciaux-d'entreprise,professions-intermédiaires-administratives-et-commerciales-des-entreprises,,,,1786,
1787,http://www.wikidata.org/entity/Q30509432,personnalité politique,anciens-employés,employés-administratifs-d'entreprise,,,,1787,
1788,http://www.wikidata.org/entity/Q30509463,personnalité politique,professions-libérales-et-assimilés,avocat-ou-avocate,,,,1788,
1789,http://www.wikidata.org/entity/Q3050956,personnalité politique,NA,NA,,,,1789,
1790,http://www.wikidata.org/entity/Q30510266,personnalité politique,NA,NA,,,,1790,
1791,http://www.wikidata.org/entity/Q30511578,personnalité politique,professeur-des-écoles,NA,,,,1791,
1792,http://www.wikidata.org/entity/Q30511580,personnalité politique,cadres-administratifs-et-commerciaux-d'entreprise,anciens-cadres,,,,1792,
1793,http://www.wikidata.org/entity/Q30512286,personnalité politique,NA,NA,,,,1793,
1794,http://www.wikidata.org/entity/Q30512501,personnalité politique,cadres-administratifs-et-commerciaux-d'entreprise,NA,,,,1794,
1795,http://www.wikidata.org/entity/Q30512608,personnalité politique,anciens-cadres,NA,,,,1795,
1796,http://www.wikidata.org/entity/Q30513127,personnalité politique,cadres-administratifs-et-commerciaux-d'entreprise,personnes-diverses-sans-activité-professionnelle-de-moins-de-60-ans-sauf-retraités,,,,1796,
1797,http://www.wikidata.org/entity/Q30513192,personnalité politique,"professeurs-des-écoles,-instituteurs-et-assimilés",NA,,,,1797,
1798,http://www.wikidata.org/entity/Q30517132,personnalité politique,cadres-administratifs-et-commerciaux-d'entreprise,NA,,,,1798,
1799,http://www.wikidata.org/entity/Q30519525,personnalité politique,cadres-administratifs-et-commerciaux-d'entreprise,NA,,,,1799,
1800,http://www.wikidata.org/entity/Q30525074,personnalité politique,anciens-cadres,NA,,,,1800,
1801,http://www.wikidata.org/entity/Q30525139,personnalité politique,personnes-diverses-sans-activité-professionnelle-de-moins-de-60-ans-sauf-retraités,NA,,,,1801,
1802,http://www.wikidata.org/entity/Q30525143,personnalité politique,"professeurs,-professions-scientifiques",professeur-d'université,,,,1802,
1803,http://www.wikidata.org/entity/Q30526465,personnalité politique,journaliste,chefs-d'entreprise-de-10-salariés-ou-plus,,,,1803,
1804,http://www.wikidata.org/entity/Q3052676,personnalité politique,avocat-ou-avocate,NA,,,,1804,
1805,http://www.wikidata.org/entity/Q30527240,personnalité politique,NA,NA,,,,1805,
1806,http://www.wikidata.org/entity/Q3052726,personnalité politique,NA,NA,,,,1806,
1807,http://www.wikidata.org/entity/Q3052729,personnalité politique,NA,NA,,,,1807,
1808,http://www.wikidata.org/entity/Q3052795,personnalité politique,"professeurs,-professions-scientifiques",NA,,,,1808,
1809,http://www.wikidata.org/entity/Q30528083,personnalité politique,anciens-agriculteurs-exploitants,NA,,,,1809,
1810,http://www.wikidata.org/entity/Q30528115,personnalité politique,anciens-cadres,journaliste,,,,1810,
1811,http://www.wikidata.org/entity/Q3052889,personnalité politique,NA,NA,,,,1811,
1812,http://www.wikidata.org/entity/Q3052938,personnalité politique,NA,NA,,,,1812,
1813,http://www.wikidata.org/entity/Q30530164,personnalité politique,chefs-d'entreprise-de-10-salariés-ou-plus,NA,,,,1813,
1814,http://www.wikidata.org/entity/Q30530300,personnalité politique,personnes-diverses-sans-activité-professionnelle-de-moins-de-60-ans-sauf-retraités,NA,,,,1814,
1815,http://www.wikidata.org/entity/Q30530581,personnalité politique,professions-intermédiaires-administratives-de-la-fonction-publique,NA,,,,1815,
1816,http://www.wikidata.org/entity/Q30538517,personnalité politique,"professeurs,-professions-scientifiques",enseignant-ou-enseignante,,,,1816,
1817,http://www.wikidata.org/entity/Q30540280,personnalité politique,"professeurs-des-écoles,-instituteurs-et-assimilés",professeur-des-écoles,,,,1817,
1818,http://www.wikidata.org/entity/Q3056510,personnalité politique,avocat-ou-avocate,NA,,,,1818,
1819,http://www.wikidata.org/entity/Q3057096,personnalité politique,écrivain-ou-écrivaine,essayiste,,,,1819,
1820,http://www.wikidata.org/entity/Q3057159,personnalité politique,NA,NA,,,,1820,
1821,http://www.wikidata.org/entity/Q3057538,personnalité politique,fonctionnaire-de-catégorie-a,NA,,,,1821,
1822,http://www.wikidata.org/entity/Q3059723,personnalité politique,NA,NA,,,,1822,
1823,http://www.wikidata.org/entity/Q3059775,personnalité politique,résistant-ou-résistante,ministre,,,,1823,
1824,http://www.wikidata.org/entity/Q3059871,personnalité politique,agriculteur-ou-agricultrice,NA,,,,1824,
1825,http://www.wikidata.org/entity/Q3060188,personnalité politique,NA,NA,,,,1825,
1826,http://www.wikidata.org/entity/Q3063661,personnalité politique,NA,NA,,,,1826,
1827,http://www.wikidata.org/entity/Q3063700,personnalité politique,professions-libérales-et-assimilés,"anciens-artisans,-commerçants,-chefs-d'entreprise",,,,1827,
1828,http://www.wikidata.org/entity/Q3066450,personnalité politique,"anciens-artisans,-commerçants,-chefs-d'entreprise",NA,,,,1828,
1829,http://www.wikidata.org/entity/Q3069053,personnalité politique,NA,NA,,,,1829,
1830,http://www.wikidata.org/entity/Q3069103,personnalité politique,NA,NA,,,,1830,
1831,http://www.wikidata.org/entity/Q3069133,personnalité politique,instituteur-ou-institutrice,NA,,,,1831,
1832,http://www.wikidata.org/entity/Q3069182,personnalité politique,NA,NA,,,,1832,
1833,http://www.wikidata.org/entity/Q3069258,personnalité politique,résistant-ou-résistante,NA,,,,1833,
1834,http://www.wikidata.org/entity/Q3069301,personnalité politique,NA,NA,,,,1834,
1835,http://www.wikidata.org/entity/Q3069328,personnalité politique,NA,NA,,,,1835,
1836,http://www.wikidata.org/entity/Q3069340,personnalité politique,NA,NA,,,,1836,
1837,http://www.wikidata.org/entity/Q3072867,personnalité politique,NA,NA,,,,1837,
1838,http://www.wikidata.org/entity/Q30729075,personnalité politique,commerçants-et-assimilés,employés-de-commerce,,,,1838,
1839,http://www.wikidata.org/entity/Q30729334,personnalité politique,personnes-diverses-sans-activité-professionnelle-de-60-ans-et-plus-sauf-retraités,technicien-ou-technicienne,,,,1839,
1840,http://www.wikidata.org/entity/Q30729390,personnalité politique,professions-libérales-et-assimilés,NA,,,,1840,
1841,http://www.wikidata.org/entity/Q30729394,personnalité politique,personnes-diverses-sans-activité-professionnelle-de-moins-de-60-ans-sauf-retraités,NA,,,,1841,
1842,http://www.wikidata.org/entity/Q30729409,personnalité politique,ingénieurs-et-cadres-techniques-d'entreprise,NA,,,,1842,
1843,http://www.wikidata.org/entity/Q30729462,personnalité politique,NA,NA,,,,1843,
1844,http://www.wikidata.org/entity/Q3073960,personnalité politique,NA,NA,,,,1844,
1845,http://www.wikidata.org/entity/Q3074292,personnalité politique,résistant-ou-résistante,NA,,,,1845,
1846,http://www.wikidata.org/entity/Q3079081,personnalité politique,NA,NA,,,,1846,
1847,http://www.wikidata.org/entity/Q3081384,personnalité politique,NA,NA,,,,1847,
1848,http://www.wikidata.org/entity/Q3081443,personnalité politique,NA,NA,,,,1848,
1849,http://www.wikidata.org/entity/Q3081453,personnalité politique,NA,NA,,,,1849,
1850,http://www.wikidata.org/entity/Q3081474,personnalité politique,NA,NA,,,,1850,
1851,http://www.wikidata.org/entity/Q3081480,personnalité politique,NA,NA,,,,1851,
1852,http://www.wikidata.org/entity/Q3081488,personnalité politique,pensionné,anciens-employés,,,,1852,
1853,http://www.wikidata.org/entity/Q3081673,personnalité politique,NA,NA,,,,1853,
1854,http://www.wikidata.org/entity/Q3081676,personnalité politique,anciens-cadres,NA,,,,1854,
1855,http://www.wikidata.org/entity/Q3081722,personnalité politique,joueur-ou-joueuse-de-rugby-à-xv,NA,,,,1855,
1856,http://www.wikidata.org/entity/Q3081737,personnalité politique,ingénieurs-et-cadres-techniques-d'entreprise,NA,,,,1856,
1857,http://www.wikidata.org/entity/Q3082008,personnalité politique,NA,NA,,,,1857,
1858,http://www.wikidata.org/entity/Q3082124,personnalité politique,professions-libérales-et-assimilés,chef-ou-cheffe-d'entreprise,,,,1858,
1859,http://www.wikidata.org/entity/Q3082207,personnalité politique,NA,NA,,,,1859,
1860,http://www.wikidata.org/entity/Q3082294,personnalité politique,cardiologue,NA,,,,1860,
1861,http://www.wikidata.org/entity/Q3082745,personnalité politique,journaliste,chefs-d'entreprise-de-10-salariés-ou-plus,,,,1861,
1862,http://www.wikidata.org/entity/Q3082845,personnalité politique,grand-corps-de-l'État,NA,,,,1862,
1863,http://www.wikidata.org/entity/Q3083060,personnalité politique,anciens-cadres,NA,,,,1863,
1864,http://www.wikidata.org/entity/Q3083097,personnalité politique,NA,NA,,,,1864,
1865,http://www.wikidata.org/entity/Q3083236,personnalité politique,NA,NA,,,,1865,
1866,http://www.wikidata.org/entity/Q3083582,personnalité politique,anciens-cadres,pensionné,,,,1866,
1867,http://www.wikidata.org/entity/Q3083588,personnalité politique,NA,NA,,,,1867,
1868,http://www.wikidata.org/entity/Q3083773,personnalité politique,NA,NA,,,,1868,
1869,http://www.wikidata.org/entity/Q3083802,personnalité politique,NA,NA,,,,1869,
1870,http://www.wikidata.org/entity/Q3083854,personnalité politique,permanent-politique,personnes-diverses-sans-activité-professionnelle-de-60-ans-et-plus-sauf-retraités,,,,1870,
1871,http://www.wikidata.org/entity/Q3083878,personnalité politique,NA,NA,,,,1871,
1872,http://www.wikidata.org/entity/Q3083995,personnalité politique,NA,NA,,,,1872,
1873,http://www.wikidata.org/entity/Q3084113,personnalité politique,journaliste,animateur-ou-animatrice-de-radio,,,,1873,
1874,http://www.wikidata.org/entity/Q3084176,personnalité politique,avocat-ou-avocate,juriste,,,,1874,
1875,http://www.wikidata.org/entity/Q3084292,personnalité politique,magistrat-ou-magistrate,NA,,,,1875,
1876,http://www.wikidata.org/entity/Q3084310,personnalité politique,anciens-cadres,NA,,,,1876,
1877,http://www.wikidata.org/entity/Q3084338,personnalité politique,NA,NA,,,,1877,
1878,http://www.wikidata.org/entity/Q3084411,personnalité politique,avocat-ou-avocate,historien-ou-historienne,,,,1878,
1879,http://www.wikidata.org/entity/Q3084768,personnalité politique,NA,NA,,,,1879,
1880,http://www.wikidata.org/entity/Q3084783,personnalité politique,anciens-cadres,NA,,,,1880,
1881,http://www.wikidata.org/entity/Q3084787,personnalité politique,NA,NA,,,,1881,
1882,http://www.wikidata.org/entity/Q3084796,personnalité politique,syndicaliste,agriculteur-ou-agricultrice,,,,1882,
1883,http://www.wikidata.org/entity/Q3084884,personnalité politique,pensionné,NA,,,,1883,
1884,http://www.wikidata.org/entity/Q3085111,personnalité politique,NA,NA,,,,1884,
1885,http://www.wikidata.org/entity/Q3085187,personnalité politique,NA,NA,,,,1885,
1886,http://www.wikidata.org/entity/Q3085196,personnalité politique,journaliste,NA,,,,1886,
1887,http://www.wikidata.org/entity/Q3085328,personnalité politique,NA,NA,,,,1887,
1888,http://www.wikidata.org/entity/Q3085413,personnalité politique,NA,NA,,,,1888,
1889,http://www.wikidata.org/entity/Q3085525,personnalité politique,vétérinaire,auteur-ou-autrice-de-non-fiction,,,,1889,
1890,http://www.wikidata.org/entity/Q3085532,personnalité politique,NA,NA,,,,1890,
1891,http://www.wikidata.org/entity/Q3085538,personnalité politique,NA,NA,,,,1891,
1892,http://www.wikidata.org/entity/Q3085621,personnalité politique,NA,NA,,,,1892,
1893,http://www.wikidata.org/entity/Q3085724,personnalité politique,NA,NA,,,,1893,
1894,http://www.wikidata.org/entity/Q3085751,personnalité politique,anciennes-professions-intermédiaires,vétérinaire,,,,1894,
1895,http://www.wikidata.org/entity/Q3085763,personnalité politique,journaliste,"professions-de-l'information,-des-arts-et-des-spectacles",,,,1895,
1896,http://www.wikidata.org/entity/Q3085814,personnalité politique,NA,NA,,,,1896,
1897,http://www.wikidata.org/entity/Q3085816,personnalité politique,journaliste,permanent-politique,,,,1897,
1898,http://www.wikidata.org/entity/Q3085898,personnalité politique,résistant-ou-résistante,NA,,,,1898,
1899,http://www.wikidata.org/entity/Q3085975,personnalité politique,NA,NA,,,,1899,
1900,http://www.wikidata.org/entity/Q3085979,personnalité politique,NA,NA,,,,1900,
1901,http://www.wikidata.org/entity/Q3086090,personnalité politique,fonctionnaire,inspecteur-des-impôts,,,,1901,
1902,http://www.wikidata.org/entity/Q3086255,personnalité politique,officiel,maire,,,,1902,
1903,http://www.wikidata.org/entity/Q3086418,personnalité politique,NA,NA,,,,1903,
1904,http://www.wikidata.org/entity/Q3086424,personnalité politique,NA,NA,,,,1904,
1905,http://www.wikidata.org/entity/Q3086430,personnalité politique,NA,NA,,,,1905,
1906,http://www.wikidata.org/entity/Q3086455,personnalité politique,NA,NA,,,,1906,
1907,http://www.wikidata.org/entity/Q3086465,personnalité politique,instituteur-ou-institutrice,professeur-des-écoles,,,,1907,
1908,http://www.wikidata.org/entity/Q3086490,personnalité politique,professeur-d'université,sociologue,,,,1908,
1909,http://www.wikidata.org/entity/Q3086507,personnalité politique,permanent-politique,NA,,,,1909,
1910,http://www.wikidata.org/entity/Q3086522,personnalité politique,NA,NA,,,,1910,
1911,http://www.wikidata.org/entity/Q3086528,personnalité politique,NA,NA,,,,1911,
1912,http://www.wikidata.org/entity/Q3086616,personnalité politique,NA,NA,,,,1912,
1913,http://www.wikidata.org/entity/Q3086643,personnalité politique,NA,NA,,,,1913,
1914,http://www.wikidata.org/entity/Q3086906,personnalité politique,militaire,soldat,,,,1914,
1915,http://www.wikidata.org/entity/Q3087025,personnalité politique,NA,NA,,,,1915,
1916,http://www.wikidata.org/entity/Q3088070,personnalité politique,NA,NA,,,,1916,
1917,http://www.wikidata.org/entity/Q3089599,personnalité politique,anciens-cadres,cadre-des-entreprises-publiques,,,,1917,
1918,http://www.wikidata.org/entity/Q3089777,personnalité politique,NA,NA,,,,1918,
1919,http://www.wikidata.org/entity/Q3089918,personnalité politique,médecin-généraliste,NA,,,,1919,
1920,http://www.wikidata.org/entity/Q3089967,personnalité politique,NA,NA,,,,1920,
1921,http://www.wikidata.org/entity/Q3090,personnalité politique,NA,NA,,,,1921,
1922,http://www.wikidata.org/entity/Q3090161,personnalité politique,NA,NA,,,,1922,
1923,http://www.wikidata.org/entity/Q3090165,personnalité politique,permanent-politique,NA,,,,1923,
1924,http://www.wikidata.org/entity/Q3090213,personnalité politique,personnes-diverses-sans-activité-professionnelle-de-moins-de-60-ans-sauf-retraités,cadre-supérieur,,,,1924,
1925,http://www.wikidata.org/entity/Q3090320,personnalité politique,dirigeant-de-football,NA,,,,1925,
1926,http://www.wikidata.org/entity/Q3090356,personnalité politique,NA,NA,,,,1926,
1927,http://www.wikidata.org/entity/Q3090377,personnalité politique,chef-ou-cheffe-d'entreprise,producteur-ou-productrice-de-cinéma,,,,1927,
1928,http://www.wikidata.org/entity/Q3090390,personnalité politique,NA,NA,,,,1928,
1929,http://www.wikidata.org/entity/Q3090643,personnalité politique,NA,NA,,,,1929,
1930,http://www.wikidata.org/entity/Q3092507,personnalité politique,NA,NA,,,,1930,
1931,http://www.wikidata.org/entity/Q3092628,personnalité politique,NA,NA,,,,1931,
1932,http://www.wikidata.org/entity/Q3093583,personnalité politique,cadres-administratifs-et-commerciaux-d'entreprise,NA,,,,1932,
1933,http://www.wikidata.org/entity/Q3093628,personnalité politique,NA,NA,,,,1933,
1934,http://www.wikidata.org/entity/Q3093730,personnalité politique,NA,NA,,,,1934,
1935,http://www.wikidata.org/entity/Q3093805,personnalité politique,résistant-ou-résistante,NA,,,,1935,
1936,http://www.wikidata.org/entity/Q3093879,personnalité politique,NA,NA,,,,1936,
1937,http://www.wikidata.org/entity/Q3093884,personnalité politique,NA,NA,,,,1937,
1938,http://www.wikidata.org/entity/Q3093959,personnalité politique,NA,NA,,,,1938,
1939,http://www.wikidata.org/entity/Q3094024,personnalité politique,agriculteur-ou-agricultrice,NA,,,,1939,
1940,http://www.wikidata.org/entity/Q3094138,personnalité politique,pensionné,anciens-employés,,,,1940,
1941,http://www.wikidata.org/entity/Q3099138,personnalité politique,NA,NA,,,,1941,
1942,http://www.wikidata.org/entity/Q3099507,personnalité politique,NA,NA,,,,1942,
1943,http://www.wikidata.org/entity/Q3099884,personnalité politique,NA,NA,,,,1943,
1944,http://www.wikidata.org/entity/Q3099918,personnalité politique,NA,NA,,,,1944,
1945,http://www.wikidata.org/entity/Q3100615,personnalité politique,professions-libérales-et-assimilés,médecin,,,,1945,
1946,http://www.wikidata.org/entity/Q3100620,personnalité politique,pensionné,NA,,,,1946,
1947,http://www.wikidata.org/entity/Q3100641,personnalité politique,NA,NA,,,,1947,
1948,http://www.wikidata.org/entity/Q3100672,personnalité politique,NA,NA,,,,1948,
1949,http://www.wikidata.org/entity/Q3101372,personnalité politique,NA,NA,,,,1949,
1950,http://www.wikidata.org/entity/Q3102136,personnalité politique,avocat-ou-avocate,journaliste,,,,1950,
1951,http://www.wikidata.org/entity/Q3102236,personnalité politique,NA,NA,,,,1951,
1952,http://www.wikidata.org/entity/Q3102266,personnalité politique,botaniste,mycologue,,,,1952,
1953,http://www.wikidata.org/entity/Q3102315,personnalité politique,NA,NA,,,,1953,
1954,http://www.wikidata.org/entity/Q3102350,personnalité politique,NA,NA,,,,1954,
1955,http://www.wikidata.org/entity/Q3102399,personnalité politique,NA,NA,,,,1955,
1956,http://www.wikidata.org/entity/Q3102427,personnalité politique,NA,NA,,,,1956,
1957,http://www.wikidata.org/entity/Q3102465,personnalité politique,ingénieur-ou-ingénieure,directeur-ou-directrice,,,,1957,
1958,http://www.wikidata.org/entity/Q3102479,personnalité politique,NA,NA,,,,1958,
1959,http://www.wikidata.org/entity/Q3102502,personnalité politique,NA,NA,,,,1959,
1960,http://www.wikidata.org/entity/Q3102558,personnalité politique,NA,NA,,,,1960,
1961,http://www.wikidata.org/entity/Q3102659,personnalité politique,NA,NA,,,,1961,
1962,http://www.wikidata.org/entity/Q3102780,personnalité politique,NA,NA,,,,1962,
1963,http://www.wikidata.org/entity/Q3102791,personnalité politique,NA,NA,,,,1963,
1964,http://www.wikidata.org/entity/Q3102849,personnalité politique,NA,NA,,,,1964,
1965,http://www.wikidata.org/entity/Q3102956,personnalité politique,résistant-ou-résistante,NA,,,,1965,
1966,http://www.wikidata.org/entity/Q3102984,personnalité politique,NA,NA,,,,1966,
1967,http://www.wikidata.org/entity/Q3103080,personnalité politique,professeur-d'université,NA,,,,1967,
1968,http://www.wikidata.org/entity/Q3103191,personnalité politique,officiel,photographe,,,,1968,
1969,http://www.wikidata.org/entity/Q3103241,personnalité politique,anciens-cadres,pensionné,,,,1969,
1970,http://www.wikidata.org/entity/Q3103306,personnalité politique,NA,NA,,,,1970,
1971,http://www.wikidata.org/entity/Q3103332,personnalité politique,avocat-ou-avocate,NA,,,,1971,
1972,http://www.wikidata.org/entity/Q3103367,personnalité politique,NA,NA,,,,1972,
1973,http://www.wikidata.org/entity/Q3103414,personnalité politique,NA,NA,,,,1973,
1974,http://www.wikidata.org/entity/Q3103459,personnalité politique,pharmacien-ou-pharmacienne,NA,,,,1974,
1975,http://www.wikidata.org/entity/Q3103462,personnalité politique,ingénieur-ou-ingénieure,NA,,,,1975,
1976,http://www.wikidata.org/entity/Q3103479,personnalité politique,NA,NA,,,,1976,
1977,http://www.wikidata.org/entity/Q3103490,personnalité politique,NA,NA,,,,1977,
1978,http://www.wikidata.org/entity/Q3103572,personnalité politique,professions-libérales-et-assimilés,avocat-ou-avocate,,,,1978,
1979,http://www.wikidata.org/entity/Q3103788,personnalité politique,NA,NA,,,,1979,
1980,http://www.wikidata.org/entity/Q3104115,personnalité politique,NA,NA,,,,1980,
1981,http://www.wikidata.org/entity/Q3104145,personnalité politique,NA,NA,,,,1981,
1982,http://www.wikidata.org/entity/Q3104867,personnalité politique,NA,NA,,,,1982,
1983,http://www.wikidata.org/entity/Q3104903,personnalité politique,NA,NA,,,,1983,
1984,http://www.wikidata.org/entity/Q3105594,personnalité politique,NA,NA,,,,1984,
1985,http://www.wikidata.org/entity/Q3105602,personnalité politique,NA,NA,,,,1985,
1986,http://www.wikidata.org/entity/Q3105612,personnalité politique,dessinateur-industriel-ou-dessinatrice-industrielle,NA,,,,1986,
1987,http://www.wikidata.org/entity/Q3105685,personnalité politique,résistant-ou-résistante,NA,,,,1987,
1988,http://www.wikidata.org/entity/Q3105719,personnalité politique,NA,NA,,,,1988,
1989,http://www.wikidata.org/entity/Q3105773,personnalité politique,NA,NA,,,,1989,
1990,http://www.wikidata.org/entity/Q3105786,personnalité politique,NA,NA,,,,1990,
1991,http://www.wikidata.org/entity/Q3105790,personnalité politique,NA,NA,,,,1991,
1992,http://www.wikidata.org/entity/Q3105792,personnalité politique,NA,NA,,,,1992,
1993,http://www.wikidata.org/entity/Q3105845,personnalité politique,NA,NA,,,,1993,
1994,http://www.wikidata.org/entity/Q3105870,personnalité politique,NA,NA,,,,1994,
1995,http://www.wikidata.org/entity/Q3105923,personnalité politique,NA,NA,,,,1995,
1996,http://www.wikidata.org/entity/Q3106061,personnalité politique,NA,NA,,,,1996,
1997,http://www.wikidata.org/entity/Q3106130,personnalité politique,professions-libérales-et-assimilés,avocat-ou-avocate,,,,1997,
1998,http://www.wikidata.org/entity/Q3106149,personnalité politique,NA,NA,,,,1998,
1999,http://www.wikidata.org/entity/Q3106167,personnalité politique,NA,NA,,,,1999,
2000,http://www.wikidata.org/entity/Q3106366,personnalité politique,anciens-cadres,personnes-diverses-sans-activité-professionnelle-de-60-ans-et-plus-sauf-retraités,,,,2000,
2001,http://www.wikidata.org/entity/Q3106559,personnalité politique,permanent-politique,NA,,,,2001,
2002,http://www.wikidata.org/entity/Q3107809,personnalité politique,permanent-politique,NA,,,,2002,
2003,http://www.wikidata.org/entity/Q3107823,personnalité politique,NA,NA,,,,2003,
2004,http://www.wikidata.org/entity/Q3115694,personnalité politique,NA,NA,,,,2004,
2005,http://www.wikidata.org/entity/Q3118439,personnalité politique,anciens-cadres,pensionné,,,,2005,
2006,http://www.wikidata.org/entity/Q3119647,personnalité politique,NA,NA,,,,2006,
2007,http://www.wikidata.org/entity/Q3119753,personnalité politique,NA,NA,,,,2007,
2008,http://www.wikidata.org/entity/Q3119861,personnalité politique,cadre-des-entreprises-publiques,NA,,,,2008,
2009,http://www.wikidata.org/entity/Q3120008,personnalité politique,professions-libérales-et-assimilés,officiel,,,,2009,
2010,http://www.wikidata.org/entity/Q3120121,personnalité politique,personnes-diverses-sans-activité-professionnelle-de-moins-de-60-ans-sauf-retraités,cadre-d'entreprise,,,,2010,
2011,http://www.wikidata.org/entity/Q312026,personnalité politique,résistant-ou-résistante,diplomate,,,,2011,
2012,http://www.wikidata.org/entity/Q312034,personnalité politique,diplomate,fonctionnaire,,,,2012,
2013,http://www.wikidata.org/entity/Q3121476,personnalité politique,pensionné,NA,,,,2013,
2014,http://www.wikidata.org/entity/Q3121483,personnalité politique,NA,NA,,,,2014,
2015,http://www.wikidata.org/entity/Q3121540,personnalité politique,NA,NA,,,,2015,
2016,http://www.wikidata.org/entity/Q3121607,personnalité politique,NA,NA,,,,2016,
2017,http://www.wikidata.org/entity/Q3121619,personnalité politique,NA,NA,,,,2017,
2018,http://www.wikidata.org/entity/Q3121636,personnalité politique,NA,NA,,,,2018,
2019,http://www.wikidata.org/entity/Q3121648,personnalité politique,NA,NA,,,,2019,
2020,http://www.wikidata.org/entity/Q3121724,personnalité politique,NA,NA,,,,2020,
2021,http://www.wikidata.org/entity/Q3121735,personnalité politique,journaliste,enseignant-ou-enseignante,,,,2021,
2022,http://www.wikidata.org/entity/Q3121742,personnalité politique,NA,NA,,,,2022,
2023,http://www.wikidata.org/entity/Q3121753,personnalité politique,NA,NA,,,,2023,
2024,http://www.wikidata.org/entity/Q3121792,personnalité politique,NA,NA,,,,2024,
2025,http://www.wikidata.org/entity/Q3121808,personnalité politique,"professeurs,-professions-scientifiques",profession-rattachée-à-l'enseignement,,,,2025,
2026,http://www.wikidata.org/entity/Q3121817,personnalité politique,officiel,NA,,,,2026,
2027,http://www.wikidata.org/entity/Q3121831,personnalité politique,NA,NA,,,,2027,
2028,http://www.wikidata.org/entity/Q3121926,personnalité politique,NA,NA,,,,2028,
2029,http://www.wikidata.org/entity/Q3121941,personnalité politique,professions-libérales-et-assimilés,médecin,,,,2029,
2030,http://www.wikidata.org/entity/Q3121953,personnalité politique,enseignant-ou-enseignante,NA,,,,2030,
2031,http://www.wikidata.org/entity/Q3121977,personnalité politique,NA,NA,,,,2031,
2032,http://www.wikidata.org/entity/Q3122001,personnalité politique,NA,NA,,,,2032,
2033,http://www.wikidata.org/entity/Q3122093,personnalité politique,NA,NA,,,,2033,
2034,http://www.wikidata.org/entity/Q3122123,personnalité politique,juriste,NA,,,,2034,
2035,http://www.wikidata.org/entity/Q3122197,personnalité politique,NA,NA,,,,2035,
2036,http://www.wikidata.org/entity/Q3122257,personnalité politique,NA,NA,,,,2036,
2037,http://www.wikidata.org/entity/Q3122307,personnalité politique,médecin,NA,,,,2037,
2038,http://www.wikidata.org/entity/Q3122425,personnalité politique,NA,NA,,,,2038,
2039,http://www.wikidata.org/entity/Q3122538,personnalité politique,NA,NA,,,,2039,
2040,http://www.wikidata.org/entity/Q3123610,personnalité politique,cadres-administratifs-et-commerciaux-d'entreprise,cadre-d'entreprise,,,,2040,
2041,http://www.wikidata.org/entity/Q3123721,personnalité politique,NA,NA,,,,2041,
2042,http://www.wikidata.org/entity/Q3123772,personnalité politique,NA,NA,,,,2042,
2043,http://www.wikidata.org/entity/Q3123794,personnalité politique,pharmacien-ou-pharmacienne,NA,,,,2043,
2044,http://www.wikidata.org/entity/Q3123831,personnalité politique,officiel,NA,,,,2044,
2045,http://www.wikidata.org/entity/Q3123839,personnalité politique,pharmacien-ou-pharmacienne,NA,,,,2045,
2046,http://www.wikidata.org/entity/Q3123859,personnalité politique,audioprothésiste,opticien-lunetier-ou-opticienne-lunetière,,,,2046,
2047,http://www.wikidata.org/entity/Q3123874,personnalité politique,exploitant-ou-exploitante-agricole,NA,,,,2047,
2048,http://www.wikidata.org/entity/Q3123921,personnalité politique,pharmacien-ou-pharmacienne,NA,,,,2048,
2049,http://www.wikidata.org/entity/Q3123923,personnalité politique,NA,NA,,,,2049,
2050,http://www.wikidata.org/entity/Q3123968,personnalité politique,NA,NA,,,,2050,
2051,http://www.wikidata.org/entity/Q3123986,personnalité politique,géologue,NA,,,,2051,
2052,http://www.wikidata.org/entity/Q3124001,personnalité politique,NA,NA,,,,2052,
2053,http://www.wikidata.org/entity/Q3124014,personnalité politique,NA,NA,,,,2053,
2054,http://www.wikidata.org/entity/Q3124019,personnalité politique,pensionné,NA,,,,2054,
2055,http://www.wikidata.org/entity/Q3124042,personnalité politique,NA,NA,,,,2055,
2056,http://www.wikidata.org/entity/Q3124049,personnalité politique,NA,NA,,,,2056,
2057,http://www.wikidata.org/entity/Q3124065,personnalité politique,NA,NA,,,,2057,
2058,http://www.wikidata.org/entity/Q3124082,personnalité politique,avocat-ou-avocate,NA,,,,2058,
2059,http://www.wikidata.org/entity/Q3124120,personnalité politique,NA,NA,,,,2059,
2060,http://www.wikidata.org/entity/Q3124133,personnalité politique,NA,NA,,,,2060,
2061,http://www.wikidata.org/entity/Q3124173,personnalité politique,NA,NA,,,,2061,
2062,http://www.wikidata.org/entity/Q3124182,personnalité politique,NA,NA,,,,2062,
2063,http://www.wikidata.org/entity/Q3124273,personnalité politique,NA,NA,,,,2063,
2064,http://www.wikidata.org/entity/Q3124296,personnalité politique,économiste,NA,,,,2064,
2065,http://www.wikidata.org/entity/Q3124302,personnalité politique,NA,NA,,,,2065,
2066,http://www.wikidata.org/entity/Q3124305,personnalité politique,NA,NA,,,,2066,
2067,http://www.wikidata.org/entity/Q3124323,personnalité politique,NA,NA,,,,2067,
2068,http://www.wikidata.org/entity/Q3124340,personnalité politique,professions-libérales-et-assimilés,pensionné,,,,2068,
2069,http://www.wikidata.org/entity/Q3124371,personnalité politique,garagiste,NA,,,,2069,
2070,http://www.wikidata.org/entity/Q3124373,personnalité politique,NA,NA,,,,2070,
2071,http://www.wikidata.org/entity/Q3124376,personnalité politique,avocat-ou-avocate,NA,,,,2071,
2072,http://www.wikidata.org/entity/Q3127848,personnalité politique,NA,NA,,,,2072,
2073,http://www.wikidata.org/entity/Q3129275,personnalité politique,avocat-ou-avocate,NA,,,,2073,
2074,http://www.wikidata.org/entity/Q3129278,personnalité politique,entrepreneur-ou-entrepreneuse,poète-ou-poétesse,,,,2074,
2075,http://www.wikidata.org/entity/Q3130375,personnalité politique,NA,NA,,,,2075,
2076,http://www.wikidata.org/entity/Q3130402,personnalité politique,NA,NA,,,,2076,
2077,http://www.wikidata.org/entity/Q3130637,personnalité politique,NA,NA,,,,2077,
2078,http://www.wikidata.org/entity/Q3130640,personnalité politique,NA,NA,,,,2078,
2079,http://www.wikidata.org/entity/Q3130651,personnalité politique,NA,NA,,,,2079,
2080,http://www.wikidata.org/entity/Q3130674,personnalité politique,NA,NA,,,,2080,
2081,http://www.wikidata.org/entity/Q3130693,personnalité politique,NA,NA,,,,2081,
2082,http://www.wikidata.org/entity/Q3130774,personnalité politique,NA,NA,,,,2082,
2083,http://www.wikidata.org/entity/Q3130826,personnalité politique,NA,NA,,,,2083,
2084,http://www.wikidata.org/entity/Q3130913,personnalité politique,NA,NA,,,,2084,
2085,http://www.wikidata.org/entity/Q3130987,personnalité politique,NA,NA,,,,2085,
2086,http://www.wikidata.org/entity/Q3131008,personnalité politique,NA,NA,,,,2086,
2087,http://www.wikidata.org/entity/Q3131083,personnalité politique,NA,NA,,,,2087,
2088,http://www.wikidata.org/entity/Q3131134,personnalité politique,historien-ou-historienne,NA,,,,2088,
2089,http://www.wikidata.org/entity/Q3131183,personnalité politique,NA,NA,,,,2089,
2090,http://www.wikidata.org/entity/Q3131235,personnalité politique,professeur-d'université,fonctionnaire,,,,2090,
2091,http://www.wikidata.org/entity/Q3131281,personnalité politique,NA,NA,,,,2091,
2092,http://www.wikidata.org/entity/Q3131358,personnalité politique,NA,NA,,,,2092,
2093,http://www.wikidata.org/entity/Q3131371,personnalité politique,NA,NA,,,,2093,
2094,http://www.wikidata.org/entity/Q3131405,personnalité politique,NA,NA,,,,2094,
2095,http://www.wikidata.org/entity/Q3131422,personnalité politique,NA,NA,,,,2095,
2096,http://www.wikidata.org/entity/Q3131622,personnalité politique,résistant-ou-résistante,NA,,,,2096,
2097,http://www.wikidata.org/entity/Q3131642,personnalité politique,NA,NA,,,,2097,
2098,http://www.wikidata.org/entity/Q3131653,personnalité politique,NA,NA,,,,2098,
2099,http://www.wikidata.org/entity/Q3131699,personnalité politique,journaliste,NA,,,,2099,
2100,http://www.wikidata.org/entity/Q3131840,personnalité politique,NA,NA,,,,2100,
2101,http://www.wikidata.org/entity/Q3131902,personnalité politique,NA,NA,,,,2101,
2102,http://www.wikidata.org/entity/Q3132013,personnalité politique,NA,NA,,,,2102,
2103,http://www.wikidata.org/entity/Q3132061,personnalité politique,NA,NA,,,,2103,
2104,http://www.wikidata.org/entity/Q3132080,personnalité politique,NA,NA,,,,2104,
2105,http://www.wikidata.org/entity/Q3132100,personnalité politique,NA,NA,,,,2105,
2106,http://www.wikidata.org/entity/Q3132185,personnalité politique,NA,NA,,,,2106,
2107,http://www.wikidata.org/entity/Q3132271,personnalité politique,NA,NA,,,,2107,
2108,http://www.wikidata.org/entity/Q3132356,personnalité politique,professions-libérales-et-assimilés,avocat-ou-avocate,,,,2108,
2109,http://www.wikidata.org/entity/Q3132482,personnalité politique,NA,NA,,,,2109,
2110,http://www.wikidata.org/entity/Q3132671,personnalité politique,NA,NA,,,,2110,
2111,http://www.wikidata.org/entity/Q3132682,personnalité politique,personnalité-du-monde-des-affaires,NA,,,,2111,
2112,http://www.wikidata.org/entity/Q3132985,personnalité politique,chef-ou-cheffe-d'entreprise,NA,,,,2112,
2113,http://www.wikidata.org/entity/Q3133065,personnalité politique,NA,NA,,,,2113,
2114,http://www.wikidata.org/entity/Q3134497,personnalité politique,professions-libérales-et-assimilés,artiste,,,,2114,
2115,http://www.wikidata.org/entity/Q3134552,personnalité politique,prêtre-catholique,NA,,,,2115,
2116,http://www.wikidata.org/entity/Q3134593,personnalité politique,grand-corps-de-l'État,NA,,,,2116,
2117,http://www.wikidata.org/entity/Q3134607,personnalité politique,NA,NA,,,,2117,
2118,http://www.wikidata.org/entity/Q3134616,personnalité politique,NA,NA,,,,2118,
2119,http://www.wikidata.org/entity/Q3134662,personnalité politique,NA,NA,,,,2119,
2120,http://www.wikidata.org/entity/Q3136053,personnalité politique,NA,NA,,,,2120,
2121,http://www.wikidata.org/entity/Q3141928,personnalité politique,écrivain-ou-écrivaine,NA,,,,2121,
2122,http://www.wikidata.org/entity/Q3141993,personnalité politique,maire,NA,,,,2122,
2123,http://www.wikidata.org/entity/Q3141994,personnalité politique,NA,NA,,,,2123,
2124,http://www.wikidata.org/entity/Q3142009,personnalité politique,résistant-ou-résistante,soldat,,,,2124,
2125,http://www.wikidata.org/entity/Q3142016,personnalité politique,NA,NA,,,,2125,
2126,http://www.wikidata.org/entity/Q3142020,personnalité politique,NA,NA,,,,2126,
2127,http://www.wikidata.org/entity/Q314265,personnalité politique,résistant-ou-résistante,juriste,,,,2127,
2128,http://www.wikidata.org/entity/Q3142774,personnalité politique,pensionné,"professeurs,-professions-scientifiques",,,,2128,
2129,http://www.wikidata.org/entity/Q3142783,personnalité politique,professeur-de-philosophie,éditeur-ou-éditrice,,,,2129,
2130,http://www.wikidata.org/entity/Q3144821,personnalité politique,NA,NA,,,,2130,
2131,http://www.wikidata.org/entity/Q3144865,personnalité politique,NA,NA,,,,2131,
2132,http://www.wikidata.org/entity/Q3144871,personnalité politique,NA,NA,,,,2132,
2133,http://www.wikidata.org/entity/Q314545,personnalité politique,diplomate,chef-de-gouvernement,,,,2133,
2134,http://www.wikidata.org/entity/Q3147481,personnalité politique,NA,NA,,,,2134,
2135,http://www.wikidata.org/entity/Q3154666,personnalité politique,NA,NA,,,,2135,
2136,http://www.wikidata.org/entity/Q3154689,personnalité politique,NA,NA,,,,2136,
2137,http://www.wikidata.org/entity/Q3154879,personnalité politique,NA,NA,,,,2137,
2138,http://www.wikidata.org/entity/Q3154961,personnalité politique,cadres-administratifs-et-commerciaux-d'entreprise,cadre-supérieur,,,,2138,
2139,http://www.wikidata.org/entity/Q3155048,personnalité politique,NA,NA,,,,2139,
2140,http://www.wikidata.org/entity/Q3155325,personnalité politique,NA,NA,,,,2140,
2141,http://www.wikidata.org/entity/Q3157296,personnalité politique,journaliste,NA,,,,2141,
2142,http://www.wikidata.org/entity/Q3157468,personnalité politique,pensionné,NA,,,,2142,
2143,http://www.wikidata.org/entity/Q3157667,personnalité politique,NA,NA,,,,2143,
2144,http://www.wikidata.org/entity/Q3157694,personnalité politique,NA,NA,,,,2144,
2145,http://www.wikidata.org/entity/Q3157718,personnalité politique,acteur-ou-actrice,auteur-compositeur-interprète,,,,2145,
2146,http://www.wikidata.org/entity/Q3157725,personnalité politique,médecin,cardiologue,,,,2146,
2147,http://www.wikidata.org/entity/Q3157741,personnalité politique,NA,NA,,,,2147,
2148,http://www.wikidata.org/entity/Q3157745,personnalité politique,permanent-politique,anciennes-professions-intermédiaires,,,,2148,
2149,http://www.wikidata.org/entity/Q3157749,personnalité politique,NA,NA,,,,2149,
2150,http://www.wikidata.org/entity/Q3157761,personnalité politique,anciens-cadres,NA,,,,2150,
2151,http://www.wikidata.org/entity/Q3157809,personnalité politique,NA,NA,,,,2151,
2152,http://www.wikidata.org/entity/Q3157844,personnalité politique,cadre-d'entreprise,NA,,,,2152,
2153,http://www.wikidata.org/entity/Q3157869,personnalité politique,NA,NA,,,,2153,
2154,http://www.wikidata.org/entity/Q3158052,personnalité politique,NA,NA,,,,2154,
2155,http://www.wikidata.org/entity/Q3158067,personnalité politique,NA,NA,,,,2155,
2156,http://www.wikidata.org/entity/Q3158176,personnalité politique,NA,NA,,,,2156,
2157,http://www.wikidata.org/entity/Q3158199,personnalité politique,NA,NA,,,,2157,
2158,http://www.wikidata.org/entity/Q3158226,personnalité politique,NA,NA,,,,2158,
2159,http://www.wikidata.org/entity/Q3158273,personnalité politique,NA,NA,,,,2159,
2160,http://www.wikidata.org/entity/Q3158295,personnalité politique,pensionné,médecin,,,,2160,
2161,http://www.wikidata.org/entity/Q3158299,personnalité politique,NA,NA,,,,2161,
2162,http://www.wikidata.org/entity/Q3158379,personnalité politique,officiel,NA,,,,2162,
2163,http://www.wikidata.org/entity/Q3158381,personnalité politique,NA,NA,,,,2163,
2164,http://www.wikidata.org/entity/Q3158400,personnalité politique,pharmacien-ou-pharmacienne,NA,,,,2164,
2165,http://www.wikidata.org/entity/Q3158409,personnalité politique,pensionné,NA,,,,2165,
2166,http://www.wikidata.org/entity/Q3158444,personnalité politique,NA,NA,,,,2166,
2167,http://www.wikidata.org/entity/Q3158452,personnalité politique,NA,NA,,,,2167,
2168,http://www.wikidata.org/entity/Q3158488,personnalité politique,historien-ou-historienne,NA,,,,2168,
2169,http://www.wikidata.org/entity/Q3158517,personnalité politique,officiel,NA,,,,2169,
2170,http://www.wikidata.org/entity/Q3158522,personnalité politique,NA,NA,,,,2170,
2171,http://www.wikidata.org/entity/Q3158601,personnalité politique,NA,NA,,,,2171,
2172,http://www.wikidata.org/entity/Q3158603,personnalité politique,pensionné,NA,,,,2172,
2173,http://www.wikidata.org/entity/Q3158681,personnalité politique,NA,NA,,,,2173,
2174,http://www.wikidata.org/entity/Q3158751,personnalité politique,résistant-ou-résistante,journaliste,,,,2174,
2175,http://www.wikidata.org/entity/Q3158752,personnalité politique,NA,NA,,,,2175,
2176,http://www.wikidata.org/entity/Q3158753,personnalité politique,NA,NA,,,,2176,
2177,http://www.wikidata.org/entity/Q3158801,personnalité politique,résistant-ou-résistante,NA,,,,2177,
2178,http://www.wikidata.org/entity/Q3158866,personnalité politique,NA,NA,,,,2178,
2179,http://www.wikidata.org/entity/Q3158872,personnalité politique,NA,NA,,,,2179,
2180,http://www.wikidata.org/entity/Q3158891,personnalité politique,NA,NA,,,,2180,
2181,http://www.wikidata.org/entity/Q3158892,personnalité politique,NA,NA,,,,2181,
2182,http://www.wikidata.org/entity/Q3158906,personnalité politique,vétérinaire,NA,,,,2182,
2183,http://www.wikidata.org/entity/Q3158949,personnalité politique,NA,NA,,,,2183,
2184,http://www.wikidata.org/entity/Q3158985,personnalité politique,NA,NA,,,,2184,
2185,http://www.wikidata.org/entity/Q3159004,personnalité politique,NA,NA,,,,2185,
2186,http://www.wikidata.org/entity/Q3159042,personnalité politique,NA,NA,,,,2186,
2187,http://www.wikidata.org/entity/Q3159062,personnalité politique,NA,NA,,,,2187,
2188,http://www.wikidata.org/entity/Q3159102,personnalité politique,pilote-de-course-automobile,NA,,,,2188,
2189,http://www.wikidata.org/entity/Q3159122,personnalité politique,NA,NA,,,,2189,
2190,http://www.wikidata.org/entity/Q3159123,personnalité politique,chef-ou-cheffe-d'entreprise,commerçants-et-assimilés,,,,2190,
2191,http://www.wikidata.org/entity/Q3159130,personnalité politique,NA,NA,,,,2191,
2192,http://www.wikidata.org/entity/Q3159132,personnalité politique,médecin,NA,,,,2192,
2193,http://www.wikidata.org/entity/Q3159251,personnalité politique,vétérinaire,NA,,,,2193,
2194,http://www.wikidata.org/entity/Q3159281,personnalité politique,NA,NA,,,,2194,
2195,http://www.wikidata.org/entity/Q3159309,personnalité politique,NA,NA,,,,2195,
2196,http://www.wikidata.org/entity/Q3159317,personnalité politique,NA,NA,,,,2196,
2197,http://www.wikidata.org/entity/Q3159326,personnalité politique,syndicaliste,NA,,,,2197,
2198,http://www.wikidata.org/entity/Q3159355,personnalité politique,NA,NA,,,,2198,
2199,http://www.wikidata.org/entity/Q3159399,personnalité politique,NA,NA,,,,2199,
2200,http://www.wikidata.org/entity/Q315944,personnalité politique,enseignant-ou-enseignante,NA,,,,2200,
2201,http://www.wikidata.org/entity/Q3159460,personnalité politique,pensionné,NA,,,,2201,
2202,http://www.wikidata.org/entity/Q3159469,personnalité politique,NA,NA,,,,2202,
2203,http://www.wikidata.org/entity/Q3159489,personnalité politique,résistant-ou-résistante,journaliste,,,,2203,
2204,http://www.wikidata.org/entity/Q3159495,personnalité politique,officiel,NA,,,,2204,
2205,http://www.wikidata.org/entity/Q3159512,personnalité politique,NA,NA,,,,2205,
2206,http://www.wikidata.org/entity/Q3159545,personnalité politique,NA,NA,,,,2206,
2207,http://www.wikidata.org/entity/Q3159548,personnalité politique,NA,NA,,,,2207,
2208,http://www.wikidata.org/entity/Q3159555,personnalité politique,NA,NA,,,,2208,
2209,http://www.wikidata.org/entity/Q3159571,personnalité politique,NA,NA,,,,2209,
2210,http://www.wikidata.org/entity/Q3159586,personnalité politique,anciens-cadres,pensionné,,,,2210,
2211,http://www.wikidata.org/entity/Q3159627,personnalité politique,anciens-cadres,grand-corps-de-l'État,,,,2211,
2212,http://www.wikidata.org/entity/Q3159697,personnalité politique,NA,NA,,,,2212,
2213,http://www.wikidata.org/entity/Q3159754,personnalité politique,avocat-ou-avocate,NA,,,,2213,
2214,http://www.wikidata.org/entity/Q3159773,personnalité politique,NA,NA,,,,2214,
2215,http://www.wikidata.org/entity/Q3159822,personnalité politique,avocat-ou-avocate,NA,,,,2215,
2216,http://www.wikidata.org/entity/Q3159846,personnalité politique,NA,NA,,,,2216,
2217,http://www.wikidata.org/entity/Q3159850,personnalité politique,NA,NA,,,,2217,
2218,http://www.wikidata.org/entity/Q3159871,personnalité politique,NA,NA,,,,2218,
2219,http://www.wikidata.org/entity/Q3159874,personnalité politique,NA,NA,,,,2219,
2220,http://www.wikidata.org/entity/Q3159878,personnalité politique,NA,NA,,,,2220,
2221,http://www.wikidata.org/entity/Q3159902,personnalité politique,NA,NA,,,,2221,
2222,http://www.wikidata.org/entity/Q3159966,personnalité politique,joueur-ou-joueuse-de-tennis,NA,,,,2222,
2223,http://www.wikidata.org/entity/Q3159970,personnalité politique,NA,NA,,,,2223,
2224,http://www.wikidata.org/entity/Q3160025,personnalité politique,résistant-ou-résistante,NA,,,,2224,
2225,http://www.wikidata.org/entity/Q3160124,personnalité politique,NA,NA,,,,2225,
2226,http://www.wikidata.org/entity/Q3160161,personnalité politique,ingénieur-ou-ingénieure-des-mines,NA,,,,2226,
2227,http://www.wikidata.org/entity/Q3160195,personnalité politique,NA,NA,,,,2227,
2228,http://www.wikidata.org/entity/Q3163882,personnalité politique,avocat-ou-avocate,résistant-ou-résistante,,,,2228,
2229,http://www.wikidata.org/entity/Q3164383,personnalité politique,permanent-politique,NA,,,,2229,
2230,http://www.wikidata.org/entity/Q3164701,personnalité politique,"anciens-artisans,-commerçants,-chefs-d'entreprise",NA,,,,2230,
2231,http://www.wikidata.org/entity/Q3164746,personnalité politique,cadres-administratifs-et-commerciaux-d'entreprise,"professeurs,-professions-scientifiques",,,,2231,
2232,http://www.wikidata.org/entity/Q3164758,personnalité politique,NA,NA,,,,2232,
2233,http://www.wikidata.org/entity/Q3164813,personnalité politique,directeur-commercial,NA,,,,2233,
2234,http://www.wikidata.org/entity/Q3164821,personnalité politique,NA,NA,,,,2234,
2235,http://www.wikidata.org/entity/Q3164828,personnalité politique,enseignant-ou-enseignante,NA,,,,2235,
2236,http://www.wikidata.org/entity/Q3164832,personnalité politique,NA,NA,,,,2236,
2237,http://www.wikidata.org/entity/Q3164834,personnalité politique,chirurgien-ou-chirurgienne,NA,,,,2237,
2238,http://www.wikidata.org/entity/Q3164851,personnalité politique,NA,NA,,,,2238,
2239,http://www.wikidata.org/entity/Q3164854,personnalité politique,NA,NA,,,,2239,
2240,http://www.wikidata.org/entity/Q3164858,personnalité politique,officiel,écrivain-ou-écrivaine,,,,2240,
2241,http://www.wikidata.org/entity/Q3164877,personnalité politique,pensionné,NA,,,,2241,
2242,http://www.wikidata.org/entity/Q3164895,personnalité politique,NA,NA,,,,2242,
2243,http://www.wikidata.org/entity/Q3164904,personnalité politique,NA,NA,,,,2243,
2244,http://www.wikidata.org/entity/Q3164927,personnalité politique,NA,NA,,,,2244,
2245,http://www.wikidata.org/entity/Q3164934,personnalité politique,NA,NA,,,,2245,
2246,http://www.wikidata.org/entity/Q3164943,personnalité politique,NA,NA,,,,2246,
2247,http://www.wikidata.org/entity/Q3164967,personnalité politique,professions-libérales-et-assimilés,profession-libérale,,,,2247,
2248,http://www.wikidata.org/entity/Q3164968,personnalité politique,diplomate,NA,,,,2248,
2249,http://www.wikidata.org/entity/Q3164979,personnalité politique,pensionné,NA,,,,2249,
2250,http://www.wikidata.org/entity/Q3164998,personnalité politique,NA,NA,,,,2250,
2251,http://www.wikidata.org/entity/Q3165004,personnalité politique,anciens-cadres,pensionné,,,,2251,
2252,http://www.wikidata.org/entity/Q3165038,personnalité politique,NA,NA,,,,2252,
2253,http://www.wikidata.org/entity/Q3165066,personnalité politique,NA,NA,,,,2253,
2254,http://www.wikidata.org/entity/Q3165071,personnalité politique,NA,NA,,,,2254,
2255,http://www.wikidata.org/entity/Q3165074,personnalité politique,NA,NA,,,,2255,
2256,http://www.wikidata.org/entity/Q3165099,personnalité politique,"professeurs,-professions-scientifiques",juriste,,,,2256,
2257,http://www.wikidata.org/entity/Q3165101,personnalité politique,NA,NA,,,,2257,
2258,http://www.wikidata.org/entity/Q3165150,personnalité politique,NA,NA,,,,2258,
2259,http://www.wikidata.org/entity/Q3165169,personnalité politique,enseignant-ou-enseignante-du-secondaire,professeur-de-physique,,,,2259,
2260,http://www.wikidata.org/entity/Q3165170,personnalité politique,NA,NA,,,,2260,
2261,http://www.wikidata.org/entity/Q3165180,personnalité politique,NA,NA,,,,2261,
2262,http://www.wikidata.org/entity/Q3165220,personnalité politique,NA,NA,,,,2262,
2263,http://www.wikidata.org/entity/Q3165226,personnalité politique,résistant-ou-résistante,journaliste,,,,2263,
2264,http://www.wikidata.org/entity/Q3165229,personnalité politique,médecin,NA,,,,2264,
2265,http://www.wikidata.org/entity/Q3165243,personnalité politique,NA,NA,,,,2265,
2266,http://www.wikidata.org/entity/Q3165261,personnalité politique,NA,NA,,,,2266,
2267,http://www.wikidata.org/entity/Q3165509,personnalité politique,NA,NA,,,,2267,
2268,http://www.wikidata.org/entity/Q3165540,personnalité politique,NA,NA,,,,2268,
2269,http://www.wikidata.org/entity/Q3165565,personnalité politique,NA,NA,,,,2269,
2270,http://www.wikidata.org/entity/Q3165663,personnalité politique,avocat-ou-avocate,juriste,,,,2270,
2271,http://www.wikidata.org/entity/Q3165682,personnalité politique,journaliste,NA,,,,2271,
2272,http://www.wikidata.org/entity/Q3165759,personnalité politique,NA,NA,,,,2272,
2273,http://www.wikidata.org/entity/Q3165988,personnalité politique,NA,NA,,,,2273,
2274,http://www.wikidata.org/entity/Q3166047,personnalité politique,NA,NA,,,,2274,
2275,http://www.wikidata.org/entity/Q3166069,personnalité politique,NA,NA,,,,2275,
2276,http://www.wikidata.org/entity/Q3166149,personnalité politique,NA,NA,,,,2276,
2277,http://www.wikidata.org/entity/Q3166151,personnalité politique,pensionné,NA,,,,2277,
2278,http://www.wikidata.org/entity/Q3166172,personnalité politique,instituteur-ou-institutrice,NA,,,,2278,
2279,http://www.wikidata.org/entity/Q3166181,personnalité politique,NA,NA,,,,2279,
2280,http://www.wikidata.org/entity/Q3166197,personnalité politique,NA,NA,,,,2280,
2281,http://www.wikidata.org/entity/Q3166219,personnalité politique,"professeurs,-professions-scientifiques",permanent-politique,,,,2281,
2282,http://www.wikidata.org/entity/Q3166227,personnalité politique,médecin,NA,,,,2282,
2283,http://www.wikidata.org/entity/Q3166228,personnalité politique,NA,NA,,,,2283,
2284,http://www.wikidata.org/entity/Q3166230,personnalité politique,NA,NA,,,,2284,
2285,http://www.wikidata.org/entity/Q3166254,personnalité politique,NA,NA,,,,2285,
2286,http://www.wikidata.org/entity/Q3166272,personnalité politique,professions-libérales-et-assimilés,NA,,,,2286,
2287,http://www.wikidata.org/entity/Q3166286,personnalité politique,pensionné,chefs-d'entreprise-de-10-salariés-ou-plus,,,,2287,
2288,http://www.wikidata.org/entity/Q3166300,personnalité politique,anciens-cadres,administrateur-territorial,,,,2288,
2289,http://www.wikidata.org/entity/Q3166308,personnalité politique,NA,NA,,,,2289,
2290,http://www.wikidata.org/entity/Q3166441,personnalité politique,"professeurs,-professions-scientifiques",NA,,,,2290,
2291,http://www.wikidata.org/entity/Q3166465,personnalité politique,NA,NA,,,,2291,
2292,http://www.wikidata.org/entity/Q3166626,personnalité politique,médecin,NA,,,,2292,
2293,http://www.wikidata.org/entity/Q3166631,personnalité politique,NA,NA,,,,2293,
2294,http://www.wikidata.org/entity/Q3166655,personnalité politique,anciens-cadres,NA,,,,2294,
2295,http://www.wikidata.org/entity/Q3166710,personnalité politique,pensionné,"anciens-artisans,-commerçants,-chefs-d'entreprise",,,,2295,
2296,http://www.wikidata.org/entity/Q3166737,personnalité politique,NA,NA,,,,2296,
2297,http://www.wikidata.org/entity/Q3166748,personnalité politique,NA,NA,,,,2297,
2298,http://www.wikidata.org/entity/Q3166775,personnalité politique,NA,NA,,,,2298,
2299,http://www.wikidata.org/entity/Q3166795,personnalité politique,aviculteur-ou-avicultrice,NA,,,,2299,
2300,http://www.wikidata.org/entity/Q3166824,personnalité politique,NA,NA,,,,2300,
2301,http://www.wikidata.org/entity/Q3166872,personnalité politique,pensionné,NA,,,,2301,
2302,http://www.wikidata.org/entity/Q3166993,personnalité politique,professions-libérales-et-assimilés,avocat-ou-avocate,,,,2302,
2303,http://www.wikidata.org/entity/Q3167130,personnalité politique,fonctionnaire-de-catégorie-b,NA,,,,2303,
2304,http://www.wikidata.org/entity/Q3167184,personnalité politique,NA,NA,,,,2304,
2305,http://www.wikidata.org/entity/Q3167235,personnalité politique,"professeurs-des-écoles,-instituteurs-et-assimilés",NA,,,,2305,
2306,http://www.wikidata.org/entity/Q3167239,personnalité politique,médecin,NA,,,,2306,
2307,http://www.wikidata.org/entity/Q3167246,personnalité politique,NA,NA,,,,2307,
2308,http://www.wikidata.org/entity/Q3167344,personnalité politique,NA,NA,,,,2308,
2309,http://www.wikidata.org/entity/Q3167347,personnalité politique,NA,NA,,,,2309,
2310,http://www.wikidata.org/entity/Q3167390,personnalité politique,officiel,économiste,,,,2310,
2311,http://www.wikidata.org/entity/Q3167413,personnalité politique,"anciens-artisans,-commerçants,-chefs-d'entreprise",NA,,,,2311,
2312,http://www.wikidata.org/entity/Q3167448,personnalité politique,anciens-cadres,permanent-politique,,,,2312,
2313,http://www.wikidata.org/entity/Q3167450,personnalité politique,NA,NA,,,,2313,
2314,http://www.wikidata.org/entity/Q3167474,personnalité politique,NA,NA,,,,2314,
2315,http://www.wikidata.org/entity/Q3167538,personnalité politique,NA,NA,,,,2315,
2316,http://www.wikidata.org/entity/Q3167547,personnalité politique,NA,NA,,,,2316,
2317,http://www.wikidata.org/entity/Q3167574,personnalité politique,NA,NA,,,,2317,
2318,http://www.wikidata.org/entity/Q3167594,personnalité politique,NA,NA,,,,2318,
2319,http://www.wikidata.org/entity/Q3167626,personnalité politique,diplomate,NA,,,,2319,
2320,http://www.wikidata.org/entity/Q3167676,personnalité politique,NA,NA,,,,2320,
2321,http://www.wikidata.org/entity/Q3167686,personnalité politique,NA,NA,,,,2321,
2322,http://www.wikidata.org/entity/Q3167719,personnalité politique,NA,NA,,,,2322,
2323,http://www.wikidata.org/entity/Q3167729,personnalité politique,NA,NA,,,,2323,
2324,http://www.wikidata.org/entity/Q3167778,personnalité politique,NA,NA,,,,2324,
2325,http://www.wikidata.org/entity/Q3167809,personnalité politique,NA,NA,,,,2325,
2326,http://www.wikidata.org/entity/Q3167821,personnalité politique,NA,NA,,,,2326,
2327,http://www.wikidata.org/entity/Q3167849,personnalité politique,anciens-cadres,pensionné,,,,2327,
2328,http://www.wikidata.org/entity/Q3167962,personnalité politique,NA,NA,,,,2328,
2329,http://www.wikidata.org/entity/Q3167963,personnalité politique,NA,NA,,,,2329,
2330,http://www.wikidata.org/entity/Q3167990,personnalité politique,professions-libérales-et-assimilés,anciennes-professions-intermédiaires,,,,2330,
2331,http://www.wikidata.org/entity/Q3168006,personnalité politique,professeur-d'université,chirurgien-ou-chirurgienne,,,,2331,
2332,http://www.wikidata.org/entity/Q3168020,personnalité politique,NA,NA,,,,2332,
2333,http://www.wikidata.org/entity/Q3168024,personnalité politique,chefs-d'entreprise-de-10-salariés-ou-plus,chef-ou-cheffe-d'entreprise,,,,2333,
2334,http://www.wikidata.org/entity/Q3168073,personnalité politique,NA,NA,,,,2334,
2335,http://www.wikidata.org/entity/Q3168155,personnalité politique,NA,NA,,,,2335,
2336,http://www.wikidata.org/entity/Q3168176,personnalité politique,NA,NA,,,,2336,
2337,http://www.wikidata.org/entity/Q3168237,personnalité politique,cadres-administratifs-et-commerciaux-d'entreprise,cadre-d'entreprise,,,,2337,
2338,http://www.wikidata.org/entity/Q3168250,personnalité politique,dessinateur-industriel-ou-dessinatrice-industrielle,NA,,,,2338,
2339,http://www.wikidata.org/entity/Q3168334,personnalité politique,NA,NA,,,,2339,
2340,http://www.wikidata.org/entity/Q3168350,personnalité politique,pensionné,NA,,,,2340,
2341,http://www.wikidata.org/entity/Q3168380,personnalité politique,anciens-cadres,professeur-d'université,,,,2341,
2342,http://www.wikidata.org/entity/Q3168396,personnalité politique,avocat-ou-avocate,NA,,,,2342,
2343,http://www.wikidata.org/entity/Q3168410,personnalité politique,NA,NA,,,,2343,
2344,http://www.wikidata.org/entity/Q3168439,personnalité politique,résistant-ou-résistante,NA,,,,2344,
2345,http://www.wikidata.org/entity/Q3168448,personnalité politique,chef-ou-cheffe-d'entreprise,NA,,,,2345,
2346,http://www.wikidata.org/entity/Q3168457,personnalité politique,NA,NA,,,,2346,
2347,http://www.wikidata.org/entity/Q3168469,personnalité politique,technicien-ou-technicienne,NA,,,,2347,
2348,http://www.wikidata.org/entity/Q3168485,personnalité politique,NA,NA,,,,2348,
2349,http://www.wikidata.org/entity/Q3168587,personnalité politique,NA,NA,,,,2349,
2350,http://www.wikidata.org/entity/Q3168597,personnalité politique,pensionné,NA,,,,2350,
2351,http://www.wikidata.org/entity/Q3168620,personnalité politique,NA,NA,,,,2351,
2352,http://www.wikidata.org/entity/Q3168630,personnalité politique,NA,NA,,,,2352,
2353,http://www.wikidata.org/entity/Q3168634,personnalité politique,avocat-ou-avocate,NA,,,,2353,
2354,http://www.wikidata.org/entity/Q3168651,personnalité politique,pensionné,NA,,,,2354,
2355,http://www.wikidata.org/entity/Q3168702,personnalité politique,NA,NA,,,,2355,
2356,http://www.wikidata.org/entity/Q3168726,personnalité politique,NA,NA,,,,2356,
2357,http://www.wikidata.org/entity/Q3168817,personnalité politique,officiel,NA,,,,2357,
2358,http://www.wikidata.org/entity/Q3168829,personnalité politique,NA,NA,,,,2358,
2359,http://www.wikidata.org/entity/Q3168847,personnalité politique,anciens-cadres,personnes-diverses-sans-activité-professionnelle-de-moins-de-60-ans-sauf-retraités,,,,2359,
2360,http://www.wikidata.org/entity/Q3168928,personnalité politique,NA,NA,,,,2360,
2361,http://www.wikidata.org/entity/Q3168956,personnalité politique,NA,NA,,,,2361,
2362,http://www.wikidata.org/entity/Q3168963,personnalité politique,syndicaliste,NA,,,,2362,
2363,http://www.wikidata.org/entity/Q3168969,personnalité politique,NA,NA,,,,2363,
2364,http://www.wikidata.org/entity/Q3168971,personnalité politique,chef-ou-cheffe-d'entreprise,pharmacien-ou-pharmacienne,,,,2364,
2365,http://www.wikidata.org/entity/Q3168990,personnalité politique,membre-du-conseil-d'administration,NA,,,,2365,
2366,http://www.wikidata.org/entity/Q3169028,personnalité politique,pensionné,anciens-employés,,,,2366,
2367,http://www.wikidata.org/entity/Q3169054,personnalité politique,anciens-cadres,fonctionnaire-de-catégorie-a,,,,2367,
2368,http://www.wikidata.org/entity/Q3169073,personnalité politique,NA,NA,,,,2368,
2369,http://www.wikidata.org/entity/Q3169087,personnalité politique,NA,NA,,,,2369,
2370,http://www.wikidata.org/entity/Q3169100,personnalité politique,pensionné,"anciens-artisans,-commerçants,-chefs-d'entreprise",,,,2370,
2371,http://www.wikidata.org/entity/Q3169107,personnalité politique,NA,NA,,,,2371,
2372,http://www.wikidata.org/entity/Q3169113,personnalité politique,chirurgien-ou-chirurgienne,NA,,,,2372,
2373,http://www.wikidata.org/entity/Q3169143,personnalité politique,NA,NA,,,,2373,
2374,http://www.wikidata.org/entity/Q3169178,personnalité politique,professeur-de-mathématiques,NA,,,,2374,
2375,http://www.wikidata.org/entity/Q3169187,personnalité politique,NA,NA,,,,2375,
2376,http://www.wikidata.org/entity/Q3169211,personnalité politique,NA,NA,,,,2376,
2377,http://www.wikidata.org/entity/Q3169226,personnalité politique,NA,NA,,,,2377,
2378,http://www.wikidata.org/entity/Q3169237,personnalité politique,NA,NA,,,,2378,
2379,http://www.wikidata.org/entity/Q3169246,personnalité politique,NA,NA,,,,2379,
2380,http://www.wikidata.org/entity/Q3169299,personnalité politique,NA,NA,,,,2380,
2381,http://www.wikidata.org/entity/Q3169302,personnalité politique,NA,NA,,,,2381,
2382,http://www.wikidata.org/entity/Q3169347,personnalité politique,"professeurs,-professions-scientifiques",professeur-d'université,,,,2382,
2383,http://www.wikidata.org/entity/Q3169360,personnalité politique,anciens-cadres,cadre-supérieur,,,,2383,
2384,http://www.wikidata.org/entity/Q3169366,personnalité politique,NA,NA,,,,2384,
2385,http://www.wikidata.org/entity/Q3169447,personnalité politique,NA,NA,,,,2385,
2386,http://www.wikidata.org/entity/Q3169458,personnalité politique,NA,NA,,,,2386,
2387,http://www.wikidata.org/entity/Q3169477,personnalité politique,NA,NA,,,,2387,
2388,http://www.wikidata.org/entity/Q3169488,personnalité politique,NA,NA,,,,2388,
2389,http://www.wikidata.org/entity/Q3169491,personnalité politique,NA,NA,,,,2389,
2390,http://www.wikidata.org/entity/Q3169523,personnalité politique,NA,NA,,,,2390,
2391,http://www.wikidata.org/entity/Q3169550,personnalité politique,NA,NA,,,,2391,
2392,http://www.wikidata.org/entity/Q3169552,personnalité politique,pensionné,NA,,,,2392,
2393,http://www.wikidata.org/entity/Q3169573,personnalité politique,magistrat-ou-magistrate,NA,,,,2393,
2394,http://www.wikidata.org/entity/Q3169610,personnalité politique,NA,NA,,,,2394,
2395,http://www.wikidata.org/entity/Q3169631,personnalité politique,NA,NA,,,,2395,
2396,http://www.wikidata.org/entity/Q3169640,personnalité politique,NA,NA,,,,2396,
2397,http://www.wikidata.org/entity/Q3169645,personnalité politique,journaliste,NA,,,,2397,
2398,http://www.wikidata.org/entity/Q3169663,personnalité politique,professions-libérales-et-assimilés,médecin,,,,2398,
2399,http://www.wikidata.org/entity/Q3169674,personnalité politique,NA,NA,,,,2399,
2400,http://www.wikidata.org/entity/Q3169697,personnalité politique,personnalité-du-monde-des-affaires,NA,,,,2400,
2401,http://www.wikidata.org/entity/Q3169726,personnalité politique,NA,NA,,,,2401,
2402,http://www.wikidata.org/entity/Q3169743,personnalité politique,NA,NA,,,,2402,
2403,http://www.wikidata.org/entity/Q3169755,personnalité politique,NA,NA,,,,2403,
2404,http://www.wikidata.org/entity/Q3169756,personnalité politique,pensionné,NA,,,,2404,
2405,http://www.wikidata.org/entity/Q3169778,personnalité politique,NA,NA,,,,2405,
2406,http://www.wikidata.org/entity/Q3169783,personnalité politique,personnalité-du-monde-des-affaires,NA,,,,2406,
2407,http://www.wikidata.org/entity/Q3169815,personnalité politique,NA,NA,,,,2407,
2408,http://www.wikidata.org/entity/Q3169833,personnalité politique,sociologue,NA,,,,2408,
2409,http://www.wikidata.org/entity/Q3169921,personnalité politique,NA,NA,,,,2409,
2410,http://www.wikidata.org/entity/Q3169946,personnalité politique,médecin,NA,,,,2410,
2411,http://www.wikidata.org/entity/Q3169958,personnalité politique,militaire,NA,,,,2411,
2412,http://www.wikidata.org/entity/Q3170031,personnalité politique,pharmacien-ou-pharmacienne,NA,,,,2412,
2413,http://www.wikidata.org/entity/Q3170096,personnalité politique,NA,NA,,,,2413,
2414,http://www.wikidata.org/entity/Q3170097,personnalité politique,NA,NA,,,,2414,
2415,http://www.wikidata.org/entity/Q3170101,personnalité politique,agriculteurs-sur-moyenne-exploitation,exploitant-ou-exploitante-agricole,,,,2415,
2416,http://www.wikidata.org/entity/Q3170107,personnalité politique,grand-corps-de-l'État,NA,,,,2416,
2417,http://www.wikidata.org/entity/Q3170111,personnalité politique,NA,NA,,,,2417,
2418,http://www.wikidata.org/entity/Q3170113,personnalité politique,NA,NA,,,,2418,
2419,http://www.wikidata.org/entity/Q3170123,personnalité politique,NA,NA,,,,2419,
2420,http://www.wikidata.org/entity/Q3170127,personnalité politique,NA,NA,,,,2420,
2421,http://www.wikidata.org/entity/Q3170153,personnalité politique,pensionné,NA,,,,2421,
2422,http://www.wikidata.org/entity/Q3170161,personnalité politique,avocat-ou-avocate,NA,,,,2422,
2423,http://www.wikidata.org/entity/Q3170164,personnalité politique,NA,NA,,,,2423,
2424,http://www.wikidata.org/entity/Q3170245,personnalité politique,NA,NA,,,,2424,
2425,http://www.wikidata.org/entity/Q3170303,personnalité politique,NA,NA,,,,2425,
2426,http://www.wikidata.org/entity/Q3170309,personnalité politique,NA,NA,,,,2426,
2427,http://www.wikidata.org/entity/Q3170337,personnalité politique,avocat-ou-avocate,journaliste,,,,2427,
2428,http://www.wikidata.org/entity/Q3170360,personnalité politique,auteur-de-manuel,professeur-d'économie-politique,,,,2428,
2429,http://www.wikidata.org/entity/Q3170464,personnalité politique,NA,NA,,,,2429,
2430,http://www.wikidata.org/entity/Q3170502,personnalité politique,NA,NA,,,,2430,
2431,http://www.wikidata.org/entity/Q3170596,personnalité politique,cardiologue,NA,,,,2431,
2432,http://www.wikidata.org/entity/Q3170599,personnalité politique,instituteur-ou-institutrice,NA,,,,2432,
2433,http://www.wikidata.org/entity/Q3170604,personnalité politique,NA,NA,,,,2433,
2434,http://www.wikidata.org/entity/Q3170631,personnalité politique,résistant-ou-résistante,médecin,,,,2434,
2435,http://www.wikidata.org/entity/Q3170656,personnalité politique,officiel,NA,,,,2435,
2436,http://www.wikidata.org/entity/Q3170717,personnalité politique,juriste,NA,,,,2436,
2437,http://www.wikidata.org/entity/Q3170722,personnalité politique,NA,NA,,,,2437,
2438,http://www.wikidata.org/entity/Q3170754,personnalité politique,NA,NA,,,,2438,
2439,http://www.wikidata.org/entity/Q3170762,personnalité politique,NA,NA,,,,2439,
2440,http://www.wikidata.org/entity/Q3170818,personnalité politique,NA,NA,,,,2440,
2441,http://www.wikidata.org/entity/Q3170946,personnalité politique,NA,NA,,,,2441,
2442,http://www.wikidata.org/entity/Q3170965,personnalité politique,NA,NA,,,,2442,
2443,http://www.wikidata.org/entity/Q3170974,personnalité politique,officiel,NA,,,,2443,
2444,http://www.wikidata.org/entity/Q3170982,personnalité politique,NA,NA,,,,2444,
2445,http://www.wikidata.org/entity/Q3171049,personnalité politique,NA,NA,,,,2445,
2446,http://www.wikidata.org/entity/Q3171059,personnalité politique,NA,NA,,,,2446,
2447,http://www.wikidata.org/entity/Q3171116,personnalité politique,ingénieur-ou-ingénieure,NA,,,,2447,
2448,http://www.wikidata.org/entity/Q3171203,personnalité politique,NA,NA,,,,2448,
2449,http://www.wikidata.org/entity/Q3171209,personnalité politique,avocat-ou-avocate,juge,,,,2449,
2450,http://www.wikidata.org/entity/Q3171228,personnalité politique,NA,NA,,,,2450,
2451,http://www.wikidata.org/entity/Q3171364,personnalité politique,avocat-ou-avocate,juriste,,,,2451,
2452,http://www.wikidata.org/entity/Q3171394,personnalité politique,NA,NA,,,,2452,
2453,http://www.wikidata.org/entity/Q3171625,personnalité politique,NA,NA,,,,2453,
2454,http://www.wikidata.org/entity/Q3171628,personnalité politique,NA,NA,,,,2454,
2455,http://www.wikidata.org/entity/Q3171690,personnalité politique,vétérinaire,NA,,,,2455,
2456,http://www.wikidata.org/entity/Q3171713,personnalité politique,NA,NA,,,,2456,
2457,http://www.wikidata.org/entity/Q3171740,personnalité politique,NA,NA,,,,2457,
2458,http://www.wikidata.org/entity/Q3171755,personnalité politique,ingénieur-ou-ingénieure,NA,,,,2458,
2459,http://www.wikidata.org/entity/Q3171946,personnalité politique,NA,NA,,,,2459,
2460,http://www.wikidata.org/entity/Q3171951,personnalité politique,NA,NA,,,,2460,
2461,http://www.wikidata.org/entity/Q3172239,personnalité politique,NA,NA,,,,2461,
2462,http://www.wikidata.org/entity/Q3172248,personnalité politique,agriculteur-ou-agricultrice,NA,,,,2462,
2463,http://www.wikidata.org/entity/Q3172266,personnalité politique,NA,NA,,,,2463,
2464,http://www.wikidata.org/entity/Q3172294,personnalité politique,NA,NA,,,,2464,
2465,http://www.wikidata.org/entity/Q3172307,personnalité politique,dirigeant-sportif,footballeur-ou-footballeuse,,,,2465,
2466,http://www.wikidata.org/entity/Q3172322,personnalité politique,avocat-ou-avocate,officiel,,,,2466,
2467,http://www.wikidata.org/entity/Q3172345,personnalité politique,NA,NA,,,,2467,
2468,http://www.wikidata.org/entity/Q3172378,personnalité politique,NA,NA,,,,2468,
2469,http://www.wikidata.org/entity/Q3172381,personnalité politique,NA,NA,,,,2469,
2470,http://www.wikidata.org/entity/Q3172386,personnalité politique,médecin,NA,,,,2470,
2471,http://www.wikidata.org/entity/Q3172394,personnalité politique,NA,NA,,,,2471,
2472,http://www.wikidata.org/entity/Q3172477,personnalité politique,footballeur-ou-footballeuse,NA,,,,2472,
2473,http://www.wikidata.org/entity/Q3172567,personnalité politique,NA,NA,,,,2473,
2474,http://www.wikidata.org/entity/Q3172689,personnalité politique,universitaire,NA,,,,2474,
2475,http://www.wikidata.org/entity/Q3172869,personnalité politique,NA,NA,,,,2475,
2476,http://www.wikidata.org/entity/Q3172920,personnalité politique,NA,NA,,,,2476,
2477,http://www.wikidata.org/entity/Q3173022,personnalité politique,professions-libérales-et-assimilés,NA,,,,2477,
2478,http://www.wikidata.org/entity/Q3173030,personnalité politique,officiel,parlementaire,,,,2478,
2479,http://www.wikidata.org/entity/Q3173089,personnalité politique,NA,NA,,,,2479,
2480,http://www.wikidata.org/entity/Q3173146,personnalité politique,résistant-ou-résistante,NA,,,,2480,
2481,http://www.wikidata.org/entity/Q3173174,personnalité politique,NA,NA,,,,2481,
2482,http://www.wikidata.org/entity/Q3173239,personnalité politique,NA,NA,,,,2482,
2483,http://www.wikidata.org/entity/Q3173270,personnalité politique,ingénieur-ou-ingénieure,NA,,,,2483,
2484,http://www.wikidata.org/entity/Q3173279,personnalité politique,NA,NA,,,,2484,
2485,http://www.wikidata.org/entity/Q3173339,personnalité politique,anciens-cadres,NA,,,,2485,
2486,http://www.wikidata.org/entity/Q3173419,personnalité politique,NA,NA,,,,2486,
2487,http://www.wikidata.org/entity/Q3173511,personnalité politique,avocat-ou-avocate,NA,,,,2487,
2488,http://www.wikidata.org/entity/Q3173583,personnalité politique,résistant-ou-résistante,pharmacien-ou-pharmacienne,,,,2488,
2489,http://www.wikidata.org/entity/Q3173601,personnalité politique,NA,NA,,,,2489,
2490,http://www.wikidata.org/entity/Q3173625,personnalité politique,NA,NA,,,,2490,
2491,http://www.wikidata.org/entity/Q3173634,personnalité politique,vétérinaire,NA,,,,2491,
2492,http://www.wikidata.org/entity/Q3173675,personnalité politique,NA,NA,,,,2492,
2493,http://www.wikidata.org/entity/Q3173680,personnalité politique,NA,NA,,,,2493,
2494,http://www.wikidata.org/entity/Q3173754,personnalité politique,NA,NA,,,,2494,
2495,http://www.wikidata.org/entity/Q3173856,personnalité politique,NA,NA,,,,2495,
2496,http://www.wikidata.org/entity/Q3173942,personnalité politique,NA,NA,,,,2496,
2497,http://www.wikidata.org/entity/Q3174076,personnalité politique,NA,NA,,,,2497,
2498,http://www.wikidata.org/entity/Q3174079,personnalité politique,historien-ou-historienne,NA,,,,2498,
2499,http://www.wikidata.org/entity/Q3174088,personnalité politique,NA,NA,,,,2499,
2500,http://www.wikidata.org/entity/Q3174126,personnalité politique,pensionné,NA,,,,2500,
2501,http://www.wikidata.org/entity/Q3174130,personnalité politique,enseignant-chercheur-ou-enseignante-chercheuse,NA,,,,2501,
2502,http://www.wikidata.org/entity/Q3174131,personnalité politique,NA,NA,,,,2502,
2503,http://www.wikidata.org/entity/Q3174326,personnalité politique,NA,NA,,,,2503,
2504,http://www.wikidata.org/entity/Q3174350,personnalité politique,NA,NA,,,,2504,
2505,http://www.wikidata.org/entity/Q3174423,personnalité politique,pensionné,NA,,,,2505,
2506,http://www.wikidata.org/entity/Q3174434,personnalité politique,NA,NA,,,,2506,
2507,http://www.wikidata.org/entity/Q3174450,personnalité politique,NA,NA,,,,2507,
2508,http://www.wikidata.org/entity/Q3174500,personnalité politique,NA,NA,,,,2508,
2509,http://www.wikidata.org/entity/Q3174528,personnalité politique,diplomate,ambassadeur,,,,2509,
2510,http://www.wikidata.org/entity/Q3174532,personnalité politique,NA,NA,,,,2510,
2511,http://www.wikidata.org/entity/Q3174605,personnalité politique,avocat-ou-avocate,NA,,,,2511,
2512,http://www.wikidata.org/entity/Q3174868,personnalité politique,horticulteur-ou-horticultrice,NA,,,,2512,
2513,http://www.wikidata.org/entity/Q3174872,personnalité politique,NA,NA,,,,2513,
2514,http://www.wikidata.org/entity/Q3174880,personnalité politique,chirurgien-dentiste,NA,,,,2514,
2515,http://www.wikidata.org/entity/Q3174887,personnalité politique,pensionné,NA,,,,2515,
2516,http://www.wikidata.org/entity/Q3174934,personnalité politique,NA,NA,,,,2516,
2517,http://www.wikidata.org/entity/Q3174945,personnalité politique,NA,NA,,,,2517,
2518,http://www.wikidata.org/entity/Q3174966,personnalité politique,NA,NA,,,,2518,
2519,http://www.wikidata.org/entity/Q3175036,personnalité politique,anciens-cadres,pensionné,,,,2519,
2520,http://www.wikidata.org/entity/Q3175142,personnalité politique,NA,NA,,,,2520,
2521,http://www.wikidata.org/entity/Q3175288,personnalité politique,universitaire,NA,,,,2521,
2522,http://www.wikidata.org/entity/Q3175309,personnalité politique,NA,NA,,,,2522,
2523,http://www.wikidata.org/entity/Q3175427,personnalité politique,NA,NA,,,,2523,
2524,http://www.wikidata.org/entity/Q3175651,personnalité politique,NA,NA,,,,2524,
2525,http://www.wikidata.org/entity/Q3175895,personnalité politique,NA,NA,,,,2525,
2526,http://www.wikidata.org/entity/Q3175899,personnalité politique,NA,NA,,,,2526,
2527,http://www.wikidata.org/entity/Q3176304,personnalité politique,anciens-cadres,pensionné,,,,2527,
2528,http://www.wikidata.org/entity/Q3176764,personnalité politique,NA,NA,,,,2528,
2529,http://www.wikidata.org/entity/Q3179100,personnalité politique,"professions-de-l'information,-des-arts-et-des-spectacles",skipper,,,,2529,
2530,http://www.wikidata.org/entity/Q3179736,personnalité politique,anciens-cadres,NA,,,,2530,
2531,http://www.wikidata.org/entity/Q3182341,personnalité politique,commerçants-et-assimilés,commercial,,,,2531,
2532,http://www.wikidata.org/entity/Q3183290,personnalité politique,NA,NA,,,,2532,
2533,http://www.wikidata.org/entity/Q3184299,personnalité politique,NA,NA,,,,2533,
2534,http://www.wikidata.org/entity/Q3184638,personnalité politique,NA,NA,,,,2534,
2535,http://www.wikidata.org/entity/Q3184778,personnalité politique,médecin,chirurgien-ou-chirurgienne,,,,2535,
2536,http://www.wikidata.org/entity/Q3184853,personnalité politique,NA,NA,,,,2536,
2537,http://www.wikidata.org/entity/Q3184959,personnalité politique,NA,NA,,,,2537,
2538,http://www.wikidata.org/entity/Q3185030,personnalité politique,NA,NA,,,,2538,
2539,http://www.wikidata.org/entity/Q3185481,personnalité politique,NA,NA,,,,2539,
2540,http://www.wikidata.org/entity/Q3185492,personnalité politique,NA,NA,,,,2540,
2541,http://www.wikidata.org/entity/Q3185495,personnalité politique,NA,NA,,,,2541,
2542,http://www.wikidata.org/entity/Q3185498,personnalité politique,NA,NA,,,,2542,
2543,http://www.wikidata.org/entity/Q3185581,personnalité politique,NA,NA,,,,2543,
2544,http://www.wikidata.org/entity/Q3185582,personnalité politique,NA,NA,,,,2544,
2545,http://www.wikidata.org/entity/Q3185696,personnalité politique,NA,NA,,,,2545,
2546,http://www.wikidata.org/entity/Q3185939,personnalité politique,NA,NA,,,,2546,
2547,http://www.wikidata.org/entity/Q3185940,personnalité politique,NA,NA,,,,2547,
2548,http://www.wikidata.org/entity/Q3186052,personnalité politique,NA,NA,,,,2548,
2549,http://www.wikidata.org/entity/Q3186558,personnalité politique,avocat-ou-avocate,NA,,,,2549,
2550,http://www.wikidata.org/entity/Q3187411,personnalité politique,NA,NA,,,,2550,
2551,http://www.wikidata.org/entity/Q3187428,personnalité politique,journaliste,agent-du-soe,,,,2551,
2552,http://www.wikidata.org/entity/Q3187452,personnalité politique,NA,NA,,,,2552,
2553,http://www.wikidata.org/entity/Q3187459,personnalité politique,vétérinaire,NA,,,,2553,
2554,http://www.wikidata.org/entity/Q3187503,personnalité politique,NA,NA,,,,2554,
2555,http://www.wikidata.org/entity/Q3188578,personnalité politique,NA,NA,,,,2555,
2556,http://www.wikidata.org/entity/Q3189121,personnalité politique,NA,NA,,,,2556,
2557,http://www.wikidata.org/entity/Q3189272,personnalité politique,agent-ou-agente-immobilier,NA,,,,2557,
2558,http://www.wikidata.org/entity/Q3189355,personnalité politique,professions-libérales-et-assimilés,cadre-supérieur,,,,2558,
2559,http://www.wikidata.org/entity/Q3189415,personnalité politique,résistant-ou-résistante,NA,,,,2559,
2560,http://www.wikidata.org/entity/Q3189473,personnalité politique,cadre-supérieur,NA,,,,2560,
2561,http://www.wikidata.org/entity/Q3189677,personnalité politique,NA,NA,,,,2561,
2562,http://www.wikidata.org/entity/Q3190421,personnalité politique,NA,NA,,,,2562,
2563,http://www.wikidata.org/entity/Q3190819,personnalité politique,NA,NA,,,,2563,
2564,http://www.wikidata.org/entity/Q3190850,personnalité politique,chef-ou-cheffe-d'entreprise,consultant-ou-consultante,,,,2564,
2565,http://www.wikidata.org/entity/Q3190925,personnalité politique,professions-libérales-et-assimilés,officiel,,,,2565,
2566,http://www.wikidata.org/entity/Q3191042,personnalité politique,avocat-ou-avocate,NA,,,,2566,
2567,http://www.wikidata.org/entity/Q3193433,personnalité politique,journaliste,chefs-d'entreprise-de-10-salariés-ou-plus,,,,2567,
2568,http://www.wikidata.org/entity/Q3196125,personnalité politique,NA,NA,,,,2568,
2569,http://www.wikidata.org/entity/Q3197944,personnalité politique,pensionné,NA,,,,2569,
2570,http://www.wikidata.org/entity/Q3215951,personnalité politique,NA,NA,,,,2570,
2571,http://www.wikidata.org/entity/Q3218809,personnalité politique,chef-ou-cheffe-d'entreprise,ingénieur-ou-ingénieure,,,,2571,
2572,http://www.wikidata.org/entity/Q3218844,personnalité politique,NA,NA,,,,2572,
2573,http://www.wikidata.org/entity/Q3219028,personnalité politique,politologue,NA,,,,2573,
2574,http://www.wikidata.org/entity/Q3219106,personnalité politique,anciens-cadres,pensionné,,,,2574,
2575,http://www.wikidata.org/entity/Q3219188,personnalité politique,diplomate,NA,,,,2575,
2576,http://www.wikidata.org/entity/Q3219235,personnalité politique,NA,NA,,,,2576,
2577,http://www.wikidata.org/entity/Q3219304,personnalité politique,pensionné,NA,,,,2577,
2578,http://www.wikidata.org/entity/Q322924,personnalité politique,NA,NA,,,,2578,
2579,http://www.wikidata.org/entity/Q3240812,personnalité politique,NA,NA,,,,2579,
2580,http://www.wikidata.org/entity/Q3240848,personnalité politique,NA,NA,,,,2580,
2581,http://www.wikidata.org/entity/Q3241340,personnalité politique,NA,NA,,,,2581,
2582,http://www.wikidata.org/entity/Q3241953,personnalité politique,commerçants-et-assimilés,NA,,,,2582,
2583,http://www.wikidata.org/entity/Q3241971,personnalité politique,NA,NA,,,,2583,
2584,http://www.wikidata.org/entity/Q325235,personnalité politique,résistant-ou-résistante,NA,,,,2584,
2585,http://www.wikidata.org/entity/Q32557023,personnalité politique,ingénieurs-et-cadres-techniques-d'entreprise,NA,,,,2585,
2586,http://www.wikidata.org/entity/Q3260652,personnalité politique,NA,NA,,,,2586,
2587,http://www.wikidata.org/entity/Q3261014,personnalité politique,professions-libérales-et-assimilés,avocat-ou-avocate,,,,2587,
2588,http://www.wikidata.org/entity/Q3261158,personnalité politique,NA,NA,,,,2588,
2589,http://www.wikidata.org/entity/Q3261257,personnalité politique,NA,NA,,,,2589,
2590,http://www.wikidata.org/entity/Q3261293,personnalité politique,NA,NA,,,,2590,
2591,http://www.wikidata.org/entity/Q3261600,personnalité politique,"anciens-artisans,-commerçants,-chefs-d'entreprise",agent-général-ou-agente-générale-d'assurance,,,,2591,
2592,http://www.wikidata.org/entity/Q3261650,personnalité politique,pharmacien-ou-pharmacienne,collectionneur-ou-collectionneuse-d'œuvres-d'art,,,,2592,
2593,http://www.wikidata.org/entity/Q3261713,personnalité politique,NA,NA,,,,2593,
2594,http://www.wikidata.org/entity/Q3261750,personnalité politique,NA,NA,,,,2594,
2595,http://www.wikidata.org/entity/Q3261849,personnalité politique,NA,NA,,,,2595,
2596,http://www.wikidata.org/entity/Q3261917,personnalité politique,NA,NA,,,,2596,
2597,http://www.wikidata.org/entity/Q3262045,personnalité politique,chefs-d'entreprise-de-10-salariés-ou-plus,commerçants-et-assimilés,,,,2597,
2598,http://www.wikidata.org/entity/Q3262132,personnalité politique,pharmacien-ou-pharmacienne,NA,,,,2598,
2599,http://www.wikidata.org/entity/Q3262479,personnalité politique,NA,NA,,,,2599,
2600,http://www.wikidata.org/entity/Q3262549,personnalité politique,NA,NA,,,,2600,
2601,http://www.wikidata.org/entity/Q3262587,personnalité politique,NA,NA,,,,2601,
2602,http://www.wikidata.org/entity/Q3262594,personnalité politique,NA,NA,,,,2602,
2603,http://www.wikidata.org/entity/Q3262692,personnalité politique,ministre,auteur-ou-autrice-de-non-fiction,,,,2603,
2604,http://www.wikidata.org/entity/Q3262695,personnalité politique,NA,NA,,,,2604,
2605,http://www.wikidata.org/entity/Q3262756,personnalité politique,NA,NA,,,,2605,
2606,http://www.wikidata.org/entity/Q3262816,personnalité politique,NA,NA,,,,2606,
2607,http://www.wikidata.org/entity/Q3262827,personnalité politique,NA,NA,,,,2607,
2608,http://www.wikidata.org/entity/Q3262905,personnalité politique,NA,NA,,,,2608,
2609,http://www.wikidata.org/entity/Q3262923,personnalité politique,officiel,NA,,,,2609,
2610,http://www.wikidata.org/entity/Q3263031,personnalité politique,NA,NA,,,,2610,
2611,http://www.wikidata.org/entity/Q3263036,personnalité politique,NA,NA,,,,2611,
2612,http://www.wikidata.org/entity/Q3263250,personnalité politique,économiste,NA,,,,2612,
2613,http://www.wikidata.org/entity/Q3263401,personnalité politique,NA,NA,,,,2613,
2614,http://www.wikidata.org/entity/Q3264490,personnalité politique,résistant-ou-résistante,NA,,,,2614,
2615,http://www.wikidata.org/entity/Q3264729,personnalité politique,NA,NA,,,,2615,
2616,http://www.wikidata.org/entity/Q3264768,personnalité politique,personnes-diverses-sans-activité-professionnelle-de-moins-de-60-ans-sauf-retraités,NA,,,,2616,
2617,http://www.wikidata.org/entity/Q3265107,personnalité politique,anciennes-professions-intermédiaires,fonctionnaire-de-catégorie-a,,,,2617,
2618,http://www.wikidata.org/entity/Q3265132,personnalité politique,NA,NA,,,,2618,
2619,http://www.wikidata.org/entity/Q3265133,personnalité politique,NA,NA,,,,2619,
2620,http://www.wikidata.org/entity/Q3265402,personnalité politique,NA,NA,,,,2620,
2621,http://www.wikidata.org/entity/Q3265419,personnalité politique,NA,NA,,,,2621,
2622,http://www.wikidata.org/entity/Q3265441,personnalité politique,médecin,NA,,,,2622,
2623,http://www.wikidata.org/entity/Q3265461,personnalité politique,pensionné,anciens-employés,,,,2623,
2624,http://www.wikidata.org/entity/Q3265486,personnalité politique,NA,NA,,,,2624,
2625,http://www.wikidata.org/entity/Q3265535,personnalité politique,NA,NA,,,,2625,
2626,http://www.wikidata.org/entity/Q3265555,personnalité politique,NA,NA,,,,2626,
2627,http://www.wikidata.org/entity/Q3265640,personnalité politique,résistant-ou-résistante,NA,,,,2627,
2628,http://www.wikidata.org/entity/Q3265654,personnalité politique,résistant-ou-résistante,NA,,,,2628,
2629,http://www.wikidata.org/entity/Q3265689,personnalité politique,NA,NA,,,,2629,
2630,http://www.wikidata.org/entity/Q3265690,personnalité politique,NA,NA,,,,2630,
2631,http://www.wikidata.org/entity/Q3265736,personnalité politique,NA,NA,,,,2631,
2632,http://www.wikidata.org/entity/Q327013,personnalité politique,avocat-ou-avocate,diplomate,,,,2632,
2633,http://www.wikidata.org/entity/Q3270427,personnalité politique,NA,NA,,,,2633,
2634,http://www.wikidata.org/entity/Q3270478,personnalité politique,NA,NA,,,,2634,
2635,http://www.wikidata.org/entity/Q3270480,personnalité politique,résistant-ou-résistante,politologue,,,,2635,
2636,http://www.wikidata.org/entity/Q3270677,personnalité politique,NA,NA,,,,2636,
2637,http://www.wikidata.org/entity/Q3270693,personnalité politique,NA,NA,,,,2637,
2638,http://www.wikidata.org/entity/Q3270740,personnalité politique,NA,NA,,,,2638,
2639,http://www.wikidata.org/entity/Q3270871,personnalité politique,vétérinaire,NA,,,,2639,
2640,http://www.wikidata.org/entity/Q3270891,personnalité politique,NA,NA,,,,2640,
2641,http://www.wikidata.org/entity/Q3270958,personnalité politique,NA,NA,,,,2641,
2642,http://www.wikidata.org/entity/Q3271583,personnalité politique,NA,NA,,,,2642,
2643,http://www.wikidata.org/entity/Q3271797,personnalité politique,NA,NA,,,,2643,
2644,http://www.wikidata.org/entity/Q3271821,personnalité politique,NA,NA,,,,2644,
2645,http://www.wikidata.org/entity/Q3271823,personnalité politique,NA,NA,,,,2645,
2646,http://www.wikidata.org/entity/Q3276018,personnalité politique,cadres-administratifs-et-commerciaux-d'entreprise,NA,,,,2646,
2647,http://www.wikidata.org/entity/Q3281828,personnalité politique,NA,NA,,,,2647,
2648,http://www.wikidata.org/entity/Q3286565,personnalité politique,professions-libérales-et-assimilés,NA,,,,2648,
2649,http://www.wikidata.org/entity/Q3286733,personnalité politique,professions-libérales-et-assimilés,avocat-ou-avocate,,,,2649,
2650,http://www.wikidata.org/entity/Q3287815,personnalité politique,NA,NA,,,,2650,
2651,http://www.wikidata.org/entity/Q3287865,personnalité politique,NA,NA,,,,2651,
2652,http://www.wikidata.org/entity/Q3287966,personnalité politique,NA,NA,,,,2652,
2653,http://www.wikidata.org/entity/Q3288040,personnalité politique,banquier,NA,,,,2653,
2654,http://www.wikidata.org/entity/Q3288044,personnalité politique,commerçants-et-assimilés,NA,,,,2654,
2655,http://www.wikidata.org/entity/Q3288084,personnalité politique,anciens-cadres,pensionné,,,,2655,
2656,http://www.wikidata.org/entity/Q3288128,personnalité politique,militaire,NA,,,,2656,
2657,http://www.wikidata.org/entity/Q3288141,personnalité politique,permanent-politique,NA,,,,2657,
2658,http://www.wikidata.org/entity/Q3288161,personnalité politique,médecin,NA,,,,2658,
2659,http://www.wikidata.org/entity/Q3288176,personnalité politique,NA,NA,,,,2659,
2660,http://www.wikidata.org/entity/Q3288193,personnalité politique,grand-corps-de-l'État,NA,,,,2660,
2661,http://www.wikidata.org/entity/Q3288238,personnalité politique,NA,NA,,,,2661,
2662,http://www.wikidata.org/entity/Q3288247,personnalité politique,NA,NA,,,,2662,
2663,http://www.wikidata.org/entity/Q3288374,personnalité politique,NA,NA,,,,2663,
2664,http://www.wikidata.org/entity/Q3288458,personnalité politique,NA,NA,,,,2664,
2665,http://www.wikidata.org/entity/Q3288613,personnalité politique,NA,NA,,,,2665,
2666,http://www.wikidata.org/entity/Q3288709,personnalité politique,NA,NA,,,,2666,
2667,http://www.wikidata.org/entity/Q3288718,personnalité politique,NA,NA,,,,2667,
2668,http://www.wikidata.org/entity/Q3288791,personnalité politique,NA,NA,,,,2668,
2669,http://www.wikidata.org/entity/Q3288806,personnalité politique,NA,NA,,,,2669,
2670,http://www.wikidata.org/entity/Q3289013,personnalité politique,NA,NA,,,,2670,
2671,http://www.wikidata.org/entity/Q3289032,personnalité politique,NA,NA,,,,2671,
2672,http://www.wikidata.org/entity/Q3289038,personnalité politique,NA,NA,,,,2672,
2673,http://www.wikidata.org/entity/Q3289135,personnalité politique,résistant-ou-résistante,NA,,,,2673,
2674,http://www.wikidata.org/entity/Q3289210,personnalité politique,NA,NA,,,,2674,
2675,http://www.wikidata.org/entity/Q3289235,personnalité politique,NA,NA,,,,2675,
2676,http://www.wikidata.org/entity/Q3289302,personnalité politique,avocat-ou-avocate,NA,,,,2676,
2677,http://www.wikidata.org/entity/Q3289315,personnalité politique,NA,NA,,,,2677,
2678,http://www.wikidata.org/entity/Q3289323,personnalité politique,NA,NA,,,,2678,
2679,http://www.wikidata.org/entity/Q3289334,personnalité politique,journaliste,syndicaliste,,,,2679,
2680,http://www.wikidata.org/entity/Q3289338,personnalité politique,résistant-ou-résistante,NA,,,,2680,
2681,http://www.wikidata.org/entity/Q3289343,personnalité politique,cadre-supérieur,NA,,,,2681,
2682,http://www.wikidata.org/entity/Q3289347,personnalité politique,NA,NA,,,,2682,
2683,http://www.wikidata.org/entity/Q3289511,personnalité politique,NA,NA,,,,2683,
2684,http://www.wikidata.org/entity/Q3289543,personnalité politique,NA,NA,,,,2684,
2685,http://www.wikidata.org/entity/Q3289546,personnalité politique,résistant-ou-résistante,NA,,,,2685,
2686,http://www.wikidata.org/entity/Q3289572,personnalité politique,NA,NA,,,,2686,
2687,http://www.wikidata.org/entity/Q329,personnalité politique,avocat-ou-avocate,juriste,,,,2687,
2688,http://www.wikidata.org/entity/Q329044,personnalité politique,NA,NA,,,,2688,
2689,http://www.wikidata.org/entity/Q3290711,personnalité politique,personnes-diverses-sans-activité-professionnelle-de-60-ans-et-plus-sauf-retraités,salarié,,,,2689,
2690,http://www.wikidata.org/entity/Q329083,personnalité politique,NA,NA,,,,2690,
2691,http://www.wikidata.org/entity/Q3291298,personnalité politique,NA,NA,,,,2691,
2692,http://www.wikidata.org/entity/Q3291512,personnalité politique,NA,NA,,,,2692,
2693,http://www.wikidata.org/entity/Q3291527,personnalité politique,NA,NA,,,,2693,
2694,http://www.wikidata.org/entity/Q3291640,personnalité politique,personnes-diverses-sans-activité-professionnelle-de-60-ans-et-plus-sauf-retraités,NA,,,,2694,
2695,http://www.wikidata.org/entity/Q3291716,personnalité politique,NA,NA,,,,2695,
2696,http://www.wikidata.org/entity/Q3291717,personnalité politique,NA,NA,,,,2696,
2697,http://www.wikidata.org/entity/Q3291792,personnalité politique,NA,NA,,,,2697,
2698,http://www.wikidata.org/entity/Q3291808,personnalité politique,officiel,NA,,,,2698,
2699,http://www.wikidata.org/entity/Q3291817,personnalité politique,NA,NA,,,,2699,
2700,http://www.wikidata.org/entity/Q3291821,personnalité politique,NA,NA,,,,2700,
2701,http://www.wikidata.org/entity/Q3291832,personnalité politique,NA,NA,,,,2701,
2702,http://www.wikidata.org/entity/Q3291872,personnalité politique,NA,NA,,,,2702,
2703,http://www.wikidata.org/entity/Q3291901,personnalité politique,anciens-cadres,cadre-supérieur,,,,2703,
2704,http://www.wikidata.org/entity/Q3291909,personnalité politique,avocat-ou-avocate,anciennes-professions-intermédiaires,,,,2704,
2705,http://www.wikidata.org/entity/Q3291958,personnalité politique,NA,NA,,,,2705,
2706,http://www.wikidata.org/entity/Q3292021,personnalité politique,professeur-de-lettres,NA,,,,2706,
2707,http://www.wikidata.org/entity/Q3292045,personnalité politique,NA,NA,,,,2707,
2708,http://www.wikidata.org/entity/Q3292063,personnalité politique,personnes-diverses-sans-activité-professionnelle-de-60-ans-et-plus-sauf-retraités,NA,,,,2708,
2709,http://www.wikidata.org/entity/Q3292113,personnalité politique,NA,NA,,,,2709,
2710,http://www.wikidata.org/entity/Q3292114,personnalité politique,NA,NA,,,,2710,
2711,http://www.wikidata.org/entity/Q3292122,personnalité politique,NA,NA,,,,2711,
2712,http://www.wikidata.org/entity/Q3292131,personnalité politique,agriculteur-ou-agricultrice,NA,,,,2712,
2713,http://www.wikidata.org/entity/Q3292159,personnalité politique,anciens-cadres,personnes-diverses-sans-activité-professionnelle-de-60-ans-et-plus-sauf-retraités,,,,2713,
2714,http://www.wikidata.org/entity/Q3292251,personnalité politique,NA,NA,,,,2714,
2715,http://www.wikidata.org/entity/Q3292260,personnalité politique,NA,NA,,,,2715,
2716,http://www.wikidata.org/entity/Q3292560,personnalité politique,personnes-diverses-sans-activité-professionnelle-de-moins-de-60-ans-sauf-retraités,NA,,,,2716,
2717,http://www.wikidata.org/entity/Q3292586,personnalité politique,NA,NA,,,,2717,
2718,http://www.wikidata.org/entity/Q3292773,personnalité politique,professions-libérales-et-assimilés,NA,,,,2718,
2719,http://www.wikidata.org/entity/Q3293018,personnalité politique,"professeurs,-professions-scientifiques",NA,,,,2719,
2720,http://www.wikidata.org/entity/Q3293796,personnalité politique,NA,NA,,,,2720,
2721,http://www.wikidata.org/entity/Q3295273,personnalité politique,NA,NA,,,,2721,
2722,http://www.wikidata.org/entity/Q3295275,personnalité politique,NA,NA,,,,2722,
2723,http://www.wikidata.org/entity/Q3295540,personnalité politique,journaliste,NA,,,,2723,
2724,http://www.wikidata.org/entity/Q3295734,personnalité politique,NA,NA,,,,2724,
2725,http://www.wikidata.org/entity/Q3295753,personnalité politique,NA,NA,,,,2725,
2726,http://www.wikidata.org/entity/Q3295761,personnalité politique,historien-ou-historienne,essayiste,,,,2726,
2727,http://www.wikidata.org/entity/Q3295765,personnalité politique,NA,NA,,,,2727,
2728,http://www.wikidata.org/entity/Q3295773,personnalité politique,NA,NA,,,,2728,
2729,http://www.wikidata.org/entity/Q3295803,personnalité politique,géographe,NA,,,,2729,
2730,http://www.wikidata.org/entity/Q3295812,personnalité politique,NA,NA,,,,2730,
2731,http://www.wikidata.org/entity/Q3295826,personnalité politique,pensionné,NA,,,,2731,
2732,http://www.wikidata.org/entity/Q3296357,personnalité politique,NA,NA,,,,2732,
2733,http://www.wikidata.org/entity/Q32979246,personnalité politique,personnes-diverses-sans-activité-professionnelle-de-moins-de-60-ans-sauf-retraités,salarié,,,,2733,
2734,http://www.wikidata.org/entity/Q3298752,personnalité politique,fonctionnaire-de-catégorie-a,NA,,,,2734,
2735,http://www.wikidata.org/entity/Q3299831,personnalité politique,avocat-ou-avocate,magistrat-ou-magistrate,,,,2735,
2736,http://www.wikidata.org/entity/Q3300119,personnalité politique,NA,NA,,,,2736,
2737,http://www.wikidata.org/entity/Q3300301,personnalité politique,NA,NA,,,,2737,
2738,http://www.wikidata.org/entity/Q3300337,personnalité politique,NA,NA,,,,2738,
2739,http://www.wikidata.org/entity/Q3300436,personnalité politique,NA,NA,,,,2739,
2740,http://www.wikidata.org/entity/Q3300485,personnalité politique,NA,NA,,,,2740,
2741,http://www.wikidata.org/entity/Q3300496,personnalité politique,NA,NA,,,,2741,
2742,http://www.wikidata.org/entity/Q3300532,personnalité politique,NA,NA,,,,2742,
2743,http://www.wikidata.org/entity/Q3300553,personnalité politique,avocat-ou-avocate,NA,,,,2743,
2744,http://www.wikidata.org/entity/Q3300675,personnalité politique,NA,NA,,,,2744,
2745,http://www.wikidata.org/entity/Q3300708,personnalité politique,NA,NA,,,,2745,
2746,http://www.wikidata.org/entity/Q3300713,personnalité politique,NA,NA,,,,2746,
2747,http://www.wikidata.org/entity/Q3300775,personnalité politique,résistant-ou-résistante,diplomate,,,,2747,
2748,http://www.wikidata.org/entity/Q3300839,personnalité politique,NA,NA,,,,2748,
2749,http://www.wikidata.org/entity/Q3300946,personnalité politique,NA,NA,,,,2749,
2750,http://www.wikidata.org/entity/Q3300952,personnalité politique,NA,NA,,,,2750,
2751,http://www.wikidata.org/entity/Q3301062,personnalité politique,juriste,parlementaire,,,,2751,
2752,http://www.wikidata.org/entity/Q3301142,personnalité politique,NA,NA,,,,2752,
2753,http://www.wikidata.org/entity/Q3301208,personnalité politique,NA,NA,,,,2753,
2754,http://www.wikidata.org/entity/Q3301260,personnalité politique,NA,NA,,,,2754,
2755,http://www.wikidata.org/entity/Q3301274,personnalité politique,NA,NA,,,,2755,
2756,http://www.wikidata.org/entity/Q3301281,personnalité politique,NA,NA,,,,2756,
2757,http://www.wikidata.org/entity/Q3301342,personnalité politique,NA,NA,,,,2757,
2758,http://www.wikidata.org/entity/Q3301398,personnalité politique,NA,NA,,,,2758,
2759,http://www.wikidata.org/entity/Q3302200,personnalité politique,résistant-ou-résistante,NA,,,,2759,
2760,http://www.wikidata.org/entity/Q3302267,personnalité politique,journaliste,NA,,,,2760,
2761,http://www.wikidata.org/entity/Q3302307,personnalité politique,pensionné,anciennes-professions-intermédiaires,,,,2761,
2762,http://www.wikidata.org/entity/Q3302581,personnalité politique,NA,NA,,,,2762,
2763,http://www.wikidata.org/entity/Q33026911,personnalité politique,profession-libérale,NA,,,,2763,
2764,http://www.wikidata.org/entity/Q3308849,personnalité politique,NA,NA,,,,2764,
2765,http://www.wikidata.org/entity/Q3308916,personnalité politique,avocat-ou-avocate,officiel,,,,2765,
2766,http://www.wikidata.org/entity/Q3309003,personnalité politique,NA,NA,,,,2766,
2767,http://www.wikidata.org/entity/Q3309030,personnalité politique,pensionné,NA,,,,2767,
2768,http://www.wikidata.org/entity/Q3309057,personnalité politique,résistant-ou-résistante,NA,,,,2768,
2769,http://www.wikidata.org/entity/Q3309098,personnalité politique,magistrat-ou-magistrate,NA,,,,2769,
2770,http://www.wikidata.org/entity/Q3309143,personnalité politique,NA,NA,,,,2770,
2771,http://www.wikidata.org/entity/Q3309152,personnalité politique,NA,NA,,,,2771,
2772,http://www.wikidata.org/entity/Q3309173,personnalité politique,NA,NA,,,,2772,
2773,http://www.wikidata.org/entity/Q3309210,personnalité politique,NA,NA,,,,2773,
2774,http://www.wikidata.org/entity/Q3309252,personnalité politique,NA,NA,,,,2774,
2775,http://www.wikidata.org/entity/Q3309293,personnalité politique,NA,NA,,,,2775,
2776,http://www.wikidata.org/entity/Q3309301,personnalité politique,essayiste,ingénieur-agronome,,,,2776,
2777,http://www.wikidata.org/entity/Q3309331,personnalité politique,NA,NA,,,,2777,
2778,http://www.wikidata.org/entity/Q3309350,personnalité politique,NA,NA,,,,2778,
2779,http://www.wikidata.org/entity/Q3309391,personnalité politique,NA,NA,,,,2779,
2780,http://www.wikidata.org/entity/Q3309408,personnalité politique,NA,NA,,,,2780,
2781,http://www.wikidata.org/entity/Q3309437,personnalité politique,NA,NA,,,,2781,
2782,http://www.wikidata.org/entity/Q3309485,personnalité politique,officiel,NA,,,,2782,
2783,http://www.wikidata.org/entity/Q3309506,personnalité politique,NA,NA,,,,2783,
2784,http://www.wikidata.org/entity/Q3309549,personnalité politique,NA,NA,,,,2784,
2785,http://www.wikidata.org/entity/Q3309604,personnalité politique,médecin,NA,,,,2785,
2786,http://www.wikidata.org/entity/Q3309676,personnalité politique,NA,NA,,,,2786,
2787,http://www.wikidata.org/entity/Q3309684,personnalité politique,pensionné,NA,,,,2787,
2788,http://www.wikidata.org/entity/Q3309775,personnalité politique,NA,NA,,,,2788,
2789,http://www.wikidata.org/entity/Q3309809,personnalité politique,NA,NA,,,,2789,
2790,http://www.wikidata.org/entity/Q3309832,personnalité politique,technicien-ou-technicienne,NA,,,,2790,
2791,http://www.wikidata.org/entity/Q3309848,personnalité politique,NA,NA,,,,2791,
2792,http://www.wikidata.org/entity/Q3309872,personnalité politique,médecin,NA,,,,2792,
2793,http://www.wikidata.org/entity/Q3309891,personnalité politique,NA,NA,,,,2793,
2794,http://www.wikidata.org/entity/Q3309935,personnalité politique,avocat-ou-avocate,enseignant-ou-enseignante,,,,2794,
2795,http://www.wikidata.org/entity/Q3309956,personnalité politique,économiste,banquier,,,,2795,
2796,http://www.wikidata.org/entity/Q3309959,personnalité politique,maire,NA,,,,2796,
2797,http://www.wikidata.org/entity/Q3309965,personnalité politique,NA,NA,,,,2797,
2798,http://www.wikidata.org/entity/Q3309972,personnalité politique,NA,NA,,,,2798,
2799,http://www.wikidata.org/entity/Q3310009,personnalité politique,officiel,NA,,,,2799,
2800,http://www.wikidata.org/entity/Q3310053,personnalité politique,poète-ou-poétesse,chanteur-ou-chanteuse,,,,2800,
2801,http://www.wikidata.org/entity/Q3310167,personnalité politique,pensionné,NA,,,,2801,
2802,http://www.wikidata.org/entity/Q3310168,personnalité politique,NA,NA,,,,2802,
2803,http://www.wikidata.org/entity/Q3310194,personnalité politique,NA,NA,,,,2803,
2804,http://www.wikidata.org/entity/Q3310197,personnalité politique,anciens-cadres,fonctionnaire-de-catégorie-a,,,,2804,
2805,http://www.wikidata.org/entity/Q3310273,personnalité politique,NA,NA,,,,2805,
2806,http://www.wikidata.org/entity/Q33103094,personnalité politique,officiel,NA,,,,2806,
2807,http://www.wikidata.org/entity/Q3310322,personnalité politique,résistant-ou-résistante,NA,,,,2807,
2808,http://www.wikidata.org/entity/Q3310347,personnalité politique,NA,NA,,,,2808,
2809,http://www.wikidata.org/entity/Q3310446,personnalité politique,professeur-des-écoles,NA,,,,2809,
2810,http://www.wikidata.org/entity/Q33104478,personnalité politique,officiel,grand-corps-de-l'État,,,,2810,
2811,http://www.wikidata.org/entity/Q33104483,personnalité politique,NA,NA,,,,2811,
2812,http://www.wikidata.org/entity/Q3310469,personnalité politique,enseignant-ou-enseignante,politologue,,,,2812,
2813,http://www.wikidata.org/entity/Q3310508,personnalité politique,NA,NA,,,,2813,
2814,http://www.wikidata.org/entity/Q3310603,personnalité politique,NA,NA,,,,2814,
2815,http://www.wikidata.org/entity/Q3310625,personnalité politique,NA,NA,,,,2815,
2816,http://www.wikidata.org/entity/Q3310640,personnalité politique,journaliste,NA,,,,2816,
2817,http://www.wikidata.org/entity/Q33106414,personnalité politique,cadres-administratifs-et-commerciaux-d'entreprise,chef-ou-cheffe-d'entreprise,,,,2817,
2818,http://www.wikidata.org/entity/Q3310649,personnalité politique,NA,NA,,,,2818,
2819,http://www.wikidata.org/entity/Q3310658,personnalité politique,NA,NA,,,,2819,
2820,http://www.wikidata.org/entity/Q3310755,personnalité politique,anciens-cadres,pensionné,,,,2820,
2821,http://www.wikidata.org/entity/Q3310764,personnalité politique,vétérinaire,NA,,,,2821,
2822,http://www.wikidata.org/entity/Q3310806,personnalité politique,NA,NA,,,,2822,
2823,http://www.wikidata.org/entity/Q3310886,personnalité politique,anciens-cadres,ingénieurs-et-cadres-techniques-d'entreprise,,,,2823,
2824,http://www.wikidata.org/entity/Q3310914,personnalité politique,diplomate,NA,,,,2824,
2825,http://www.wikidata.org/entity/Q3310921,personnalité politique,NA,NA,,,,2825,
2826,http://www.wikidata.org/entity/Q3311053,personnalité politique,NA,NA,,,,2826,
2827,http://www.wikidata.org/entity/Q3311073,personnalité politique,cadres-administratifs-et-commerciaux-d'entreprise,NA,,,,2827,
2828,http://www.wikidata.org/entity/Q3311094,personnalité politique,NA,NA,,,,2828,
2829,http://www.wikidata.org/entity/Q3311098,personnalité politique,NA,NA,,,,2829,
2830,http://www.wikidata.org/entity/Q33111018,personnalité politique,anciens-cadres,enseignant-ou-enseignante,,,,2830,
2831,http://www.wikidata.org/entity/Q3311135,personnalité politique,personnes-diverses-sans-activité-professionnelle-de-moins-de-60-ans-sauf-retraités,NA,,,,2831,
2832,http://www.wikidata.org/entity/Q3311175,personnalité politique,NA,NA,,,,2832,
2833,http://www.wikidata.org/entity/Q33112205,personnalité politique,anciens-cadres,journaliste,,,,2833,
2834,http://www.wikidata.org/entity/Q3311566,personnalité politique,gynécologue,psychanalyste,,,,2834,
2835,http://www.wikidata.org/entity/Q3311571,personnalité politique,journaliste,NA,,,,2835,
2836,http://www.wikidata.org/entity/Q3311582,personnalité politique,NA,NA,,,,2836,
2837,http://www.wikidata.org/entity/Q3311616,personnalité politique,NA,NA,,,,2837,
2838,http://www.wikidata.org/entity/Q33172434,personnalité politique,officiel,secrétaire-d'État,,,,2838,
2839,http://www.wikidata.org/entity/Q3320833,personnalité politique,NA,NA,,,,2839,
2840,http://www.wikidata.org/entity/Q3320860,personnalité politique,anciens-cadres,NA,,,,2840,
2841,http://www.wikidata.org/entity/Q3320904,personnalité politique,"professeurs-des-écoles,-instituteurs-et-assimilés",NA,,,,2841,
2842,http://www.wikidata.org/entity/Q3320908,personnalité politique,NA,NA,,,,2842,
2843,http://www.wikidata.org/entity/Q3320916,personnalité politique,NA,NA,,,,2843,
2844,http://www.wikidata.org/entity/Q3320921,personnalité politique,NA,NA,,,,2844,
2845,http://www.wikidata.org/entity/Q3320937,personnalité politique,NA,NA,,,,2845,
2846,http://www.wikidata.org/entity/Q33230494,personnalité politique,NA,NA,,,,2846,
2847,http://www.wikidata.org/entity/Q3327471,personnalité politique,NA,NA,,,,2847,
2848,http://www.wikidata.org/entity/Q3328120,personnalité politique,NA,NA,,,,2848,
2849,http://www.wikidata.org/entity/Q3332699,personnalité politique,neurologue,NA,,,,2849,
2850,http://www.wikidata.org/entity/Q3334944,personnalité politique,NA,NA,,,,2850,
2851,http://www.wikidata.org/entity/Q3335034,personnalité politique,NA,NA,,,,2851,
2852,http://www.wikidata.org/entity/Q3336553,personnalité politique,NA,NA,,,,2852,
2853,http://www.wikidata.org/entity/Q3337925,personnalité politique,NA,NA,,,,2853,
2854,http://www.wikidata.org/entity/Q3340014,personnalité politique,NA,NA,,,,2854,
2855,http://www.wikidata.org/entity/Q3340026,personnalité politique,NA,NA,,,,2855,
2856,http://www.wikidata.org/entity/Q3340260,personnalité politique,médecin,NA,,,,2856,
2857,http://www.wikidata.org/entity/Q3340330,personnalité politique,chefs-d'entreprise-de-10-salariés-ou-plus,chef-ou-cheffe-d'entreprise,,,,2857,
2858,http://www.wikidata.org/entity/Q334065,personnalité politique,"professeurs,-professions-scientifiques",professeur-d'université,,,,2858,
2859,http://www.wikidata.org/entity/Q3340664,personnalité politique,chef-ou-cheffe-d'entreprise,NA,,,,2859,
2860,http://www.wikidata.org/entity/Q3340996,personnalité politique,juriste,NA,,,,2860,
2861,http://www.wikidata.org/entity/Q3341021,personnalité politique,juriste,professeur-d'université,,,,2861,
2862,http://www.wikidata.org/entity/Q3341045,personnalité politique,NA,NA,,,,2862,
2863,http://www.wikidata.org/entity/Q3341143,personnalité politique,NA,NA,,,,2863,
2864,http://www.wikidata.org/entity/Q3343518,personnalité politique,physicien-ou-physicienne,NA,,,,2864,
2865,http://www.wikidata.org/entity/Q3345763,personnalité politique,résistant-ou-résistante,NA,,,,2865,
2866,http://www.wikidata.org/entity/Q3345787,personnalité politique,NA,NA,,,,2866,
2867,http://www.wikidata.org/entity/Q3345836,personnalité politique,NA,NA,,,,2867,
2868,http://www.wikidata.org/entity/Q3345875,personnalité politique,NA,NA,,,,2868,
2869,http://www.wikidata.org/entity/Q3349184,personnalité politique,NA,NA,,,,2869,
2870,http://www.wikidata.org/entity/Q3349191,personnalité politique,NA,NA,,,,2870,
2871,http://www.wikidata.org/entity/Q3349247,personnalité politique,NA,NA,,,,2871,
2872,http://www.wikidata.org/entity/Q3349255,personnalité politique,NA,NA,,,,2872,
2873,http://www.wikidata.org/entity/Q3349257,personnalité politique,NA,NA,,,,2873,
2874,http://www.wikidata.org/entity/Q3350769,personnalité politique,NA,NA,,,,2874,
2875,http://www.wikidata.org/entity/Q3350896,personnalité politique,NA,NA,,,,2875,
2876,http://www.wikidata.org/entity/Q3350955,personnalité politique,NA,NA,,,,2876,
2877,http://www.wikidata.org/entity/Q3350961,personnalité politique,journaliste,personnalité-du-monde-des-affaires,,,,2877,
2878,http://www.wikidata.org/entity/Q3350983,personnalité politique,professions-libérales-et-assimilés,pharmacien-ou-pharmacienne,,,,2878,
2879,http://www.wikidata.org/entity/Q3351009,personnalité politique,"professeurs,-professions-scientifiques",NA,,,,2879,
2880,http://www.wikidata.org/entity/Q3351018,personnalité politique,cadres-administratifs-et-commerciaux-d'entreprise,NA,,,,2880,
2881,http://www.wikidata.org/entity/Q3351111,personnalité politique,chirurgien-ou-chirurgienne,NA,,,,2881,
2882,http://www.wikidata.org/entity/Q3351188,personnalité politique,NA,NA,,,,2882,
2883,http://www.wikidata.org/entity/Q3351391,personnalité politique,NA,NA,,,,2883,
2884,http://www.wikidata.org/entity/Q3351443,personnalité politique,NA,NA,,,,2884,
2885,http://www.wikidata.org/entity/Q3351472,personnalité politique,NA,NA,,,,2885,
2886,http://www.wikidata.org/entity/Q3357910,personnalité politique,NA,NA,,,,2886,
2887,http://www.wikidata.org/entity/Q336242,personnalité politique,diplomate,ministre,,,,2887,
2888,http://www.wikidata.org/entity/Q3362584,personnalité politique,NA,NA,,,,2888,
2889,http://www.wikidata.org/entity/Q3367254,personnalité politique,avocat-ou-avocate,professeur-d'université,,,,2889,
2890,http://www.wikidata.org/entity/Q3367309,personnalité politique,cadres-administratifs-et-commerciaux-d'entreprise,NA,,,,2890,
2891,http://www.wikidata.org/entity/Q3367334,personnalité politique,avocat-ou-avocate,NA,,,,2891,
2892,http://www.wikidata.org/entity/Q3367366,personnalité politique,enseignant-ou-enseignante-du-secondaire,NA,,,,2892,
2893,http://www.wikidata.org/entity/Q3367532,personnalité politique,NA,NA,,,,2893,
2894,http://www.wikidata.org/entity/Q3367564,personnalité politique,NA,NA,,,,2894,
2895,http://www.wikidata.org/entity/Q3367654,personnalité politique,NA,NA,,,,2895,
2896,http://www.wikidata.org/entity/Q3367676,personnalité politique,anciens-cadres,fonctionnaire-de-catégorie-a,,,,2896,
2897,http://www.wikidata.org/entity/Q3368900,personnalité politique,anciens-cadres,pensionné,,,,2897,
2898,http://www.wikidata.org/entity/Q3368901,personnalité politique,anciens-cadres,NA,,,,2898,
2899,http://www.wikidata.org/entity/Q3368994,personnalité politique,NA,NA,,,,2899,
2900,http://www.wikidata.org/entity/Q3369075,personnalité politique,NA,NA,,,,2900,
2901,http://www.wikidata.org/entity/Q3369219,personnalité politique,profession-libérale,NA,,,,2901,
2902,http://www.wikidata.org/entity/Q3369282,personnalité politique,NA,NA,,,,2902,
2903,http://www.wikidata.org/entity/Q3369515,personnalité politique,officier-de-justice,NA,,,,2903,
2904,http://www.wikidata.org/entity/Q3369516,personnalité politique,"professeurs,-professions-scientifiques",NA,,,,2904,
2905,http://www.wikidata.org/entity/Q3369520,personnalité politique,NA,NA,,,,2905,
2906,http://www.wikidata.org/entity/Q3369543,personnalité politique,NA,NA,,,,2906,
2907,http://www.wikidata.org/entity/Q3369610,personnalité politique,fonctionnaire-de-catégorie-b,NA,,,,2907,
2908,http://www.wikidata.org/entity/Q3369623,personnalité politique,NA,NA,,,,2908,
2909,http://www.wikidata.org/entity/Q3369658,personnalité politique,NA,NA,,,,2909,
2910,http://www.wikidata.org/entity/Q3369813,personnalité politique,NA,NA,,,,2910,
2911,http://www.wikidata.org/entity/Q3369873,personnalité politique,NA,NA,,,,2911,
2912,http://www.wikidata.org/entity/Q3369924,personnalité politique,commerçants-et-assimilés,NA,,,,2912,
2913,http://www.wikidata.org/entity/Q3370296,personnalité politique,chirurgien-ou-chirurgienne,NA,,,,2913,
2914,http://www.wikidata.org/entity/Q3370336,personnalité politique,NA,NA,,,,2914,
2915,http://www.wikidata.org/entity/Q3370440,personnalité politique,officiel,NA,,,,2915,
2916,http://www.wikidata.org/entity/Q3370553,personnalité politique,NA,NA,,,,2916,
2917,http://www.wikidata.org/entity/Q3370559,personnalité politique,NA,NA,,,,2917,
2918,http://www.wikidata.org/entity/Q3370600,personnalité politique,NA,NA,,,,2918,
2919,http://www.wikidata.org/entity/Q3370792,personnalité politique,NA,NA,,,,2919,
2920,http://www.wikidata.org/entity/Q3370845,personnalité politique,NA,NA,,,,2920,
2921,http://www.wikidata.org/entity/Q3370877,personnalité politique,NA,NA,,,,2921,
2922,http://www.wikidata.org/entity/Q3370893,personnalité politique,NA,NA,,,,2922,
2923,http://www.wikidata.org/entity/Q3370935,personnalité politique,NA,NA,,,,2923,
2924,http://www.wikidata.org/entity/Q3371068,personnalité politique,NA,NA,,,,2924,
2925,http://www.wikidata.org/entity/Q3371142,personnalité politique,conseiller-d'État,NA,,,,2925,
2926,http://www.wikidata.org/entity/Q3371147,personnalité politique,NA,NA,,,,2926,
2927,http://www.wikidata.org/entity/Q3371332,personnalité politique,médecin,NA,,,,2927,
2928,http://www.wikidata.org/entity/Q3371499,personnalité politique,NA,NA,,,,2928,
2929,http://www.wikidata.org/entity/Q3371531,personnalité politique,pharmacien-ou-pharmacienne,NA,,,,2929,
2930,http://www.wikidata.org/entity/Q3371602,personnalité politique,NA,NA,,,,2930,
2931,http://www.wikidata.org/entity/Q3371703,personnalité politique,NA,NA,,,,2931,
2932,http://www.wikidata.org/entity/Q3371748,personnalité politique,médecin,NA,,,,2932,
2933,http://www.wikidata.org/entity/Q3371775,personnalité politique,NA,NA,,,,2933,
2934,http://www.wikidata.org/entity/Q3371830,personnalité politique,NA,NA,,,,2934,
2935,http://www.wikidata.org/entity/Q3371848,personnalité politique,NA,NA,,,,2935,
2936,http://www.wikidata.org/entity/Q3371854,personnalité politique,"professeurs,-professions-scientifiques",enseignant-ou-enseignante-du-secondaire,,,,2936,
2937,http://www.wikidata.org/entity/Q3371862,personnalité politique,NA,NA,,,,2937,
2938,http://www.wikidata.org/entity/Q3371962,personnalité politique,NA,NA,,,,2938,
2939,http://www.wikidata.org/entity/Q3371980,personnalité politique,NA,NA,,,,2939,
2940,http://www.wikidata.org/entity/Q3371985,personnalité politique,enseignant-ou-enseignante,proviseur-ou-proviseure,,,,2940,
2941,http://www.wikidata.org/entity/Q3372003,personnalité politique,NA,NA,,,,2941,
2942,http://www.wikidata.org/entity/Q3372014,personnalité politique,résistant-ou-résistante,NA,,,,2942,
2943,http://www.wikidata.org/entity/Q3372063,personnalité politique,ingénieur-ou-ingénieure,NA,,,,2943,
2944,http://www.wikidata.org/entity/Q3372103,personnalité politique,résistant-ou-résistante,diplomate,,,,2944,
2945,http://www.wikidata.org/entity/Q3372107,personnalité politique,NA,NA,,,,2945,
2946,http://www.wikidata.org/entity/Q3372149,personnalité politique,NA,NA,,,,2946,
2947,http://www.wikidata.org/entity/Q3372244,personnalité politique,NA,NA,,,,2947,
2948,http://www.wikidata.org/entity/Q3372300,personnalité politique,officiel,NA,,,,2948,
2949,http://www.wikidata.org/entity/Q3372333,personnalité politique,NA,NA,,,,2949,
2950,http://www.wikidata.org/entity/Q3372634,personnalité politique,NA,NA,,,,2950,
2951,http://www.wikidata.org/entity/Q3372638,personnalité politique,NA,NA,,,,2951,
2952,http://www.wikidata.org/entity/Q3372651,personnalité politique,NA,NA,,,,2952,
2953,http://www.wikidata.org/entity/Q3378990,personnalité politique,NA,NA,,,,2953,
2954,http://www.wikidata.org/entity/Q3379248,personnalité politique,NA,NA,,,,2954,
2955,http://www.wikidata.org/entity/Q3379312,personnalité politique,NA,NA,,,,2955,
2956,http://www.wikidata.org/entity/Q3379341,personnalité politique,"professeurs,-professions-scientifiques",généticien-ou-généticienne,,,,2956,
2957,http://www.wikidata.org/entity/Q3379355,personnalité politique,NA,NA,,,,2957,
2958,http://www.wikidata.org/entity/Q3379387,personnalité politique,professions-libérales-et-assimilés,NA,,,,2958,
2959,http://www.wikidata.org/entity/Q3379424,personnalité politique,médecin,NA,,,,2959,
2960,http://www.wikidata.org/entity/Q3379439,personnalité politique,chefs-d'entreprise-de-10-salariés-ou-plus,chef-ou-cheffe-d'entreprise,,,,2960,
2961,http://www.wikidata.org/entity/Q3379573,personnalité politique,NA,NA,,,,2961,
2962,http://www.wikidata.org/entity/Q3379695,personnalité politique,auteur,NA,,,,2962,
2963,http://www.wikidata.org/entity/Q3379696,personnalité politique,NA,NA,,,,2963,
2964,http://www.wikidata.org/entity/Q3379749,personnalité politique,parlementaire,NA,,,,2964,
2965,http://www.wikidata.org/entity/Q3379784,personnalité politique,NA,NA,,,,2965,
2966,http://www.wikidata.org/entity/Q3379801,personnalité politique,professions-libérales-et-assimilés,NA,,,,2966,
2967,http://www.wikidata.org/entity/Q3379832,personnalité politique,NA,NA,,,,2967,
2968,http://www.wikidata.org/entity/Q3379838,personnalité politique,permanent-politique,NA,,,,2968,
2969,http://www.wikidata.org/entity/Q3379940,personnalité politique,"professeurs,-professions-scientifiques",NA,,,,2969,
2970,http://www.wikidata.org/entity/Q3379945,personnalité politique,NA,NA,,,,2970,
2971,http://www.wikidata.org/entity/Q3380032,personnalité politique,avocat-ou-avocate,NA,,,,2971,
2972,http://www.wikidata.org/entity/Q3380099,personnalité politique,professions-libérales-et-assimilés,"professeurs,-professions-scientifiques",,,,2972,
2973,http://www.wikidata.org/entity/Q3380141,personnalité politique,cadre-supérieur,NA,,,,2973,
2974,http://www.wikidata.org/entity/Q3380180,personnalité politique,NA,NA,,,,2974,
2975,http://www.wikidata.org/entity/Q3380207,personnalité politique,NA,NA,,,,2975,
2976,http://www.wikidata.org/entity/Q3380285,personnalité politique,NA,NA,,,,2976,
2977,http://www.wikidata.org/entity/Q3380290,personnalité politique,NA,NA,,,,2977,
2978,http://www.wikidata.org/entity/Q3380313,personnalité politique,avocat-ou-avocate,juriste,,,,2978,
2979,http://www.wikidata.org/entity/Q3380329,personnalité politique,NA,NA,,,,2979,
2980,http://www.wikidata.org/entity/Q3380331,personnalité politique,officiel,grand-corps-de-l'État,,,,2980,
2981,http://www.wikidata.org/entity/Q3380364,personnalité politique,officiel,écrivain-ou-écrivaine,,,,2981,
2982,http://www.wikidata.org/entity/Q3380427,personnalité politique,commerçants-et-assimilés,NA,,,,2982,
2983,http://www.wikidata.org/entity/Q3380453,personnalité politique,NA,NA,,,,2983,
2984,http://www.wikidata.org/entity/Q3380514,personnalité politique,cadres-administratifs-et-commerciaux-d'entreprise,personnes-diverses-sans-activité-professionnelle-de-60-ans-et-plus-sauf-retraités,,,,2984,
2985,http://www.wikidata.org/entity/Q3380558,personnalité politique,NA,NA,,,,2985,
2986,http://www.wikidata.org/entity/Q3380665,personnalité politique,NA,NA,,,,2986,
2987,http://www.wikidata.org/entity/Q3380795,personnalité politique,NA,NA,,,,2987,
2988,http://www.wikidata.org/entity/Q3380839,personnalité politique,journaliste,NA,,,,2988,
2989,http://www.wikidata.org/entity/Q3380857,personnalité politique,professions-libérales-et-assimilés,pharmacien-ou-pharmacienne,,,,2989,
2990,http://www.wikidata.org/entity/Q3380870,personnalité politique,professions-libérales-et-assimilés,chirurgien-plasticien-ou-chirurgienne-plasticienne,,,,2990,
2991,http://www.wikidata.org/entity/Q3380873,personnalité politique,NA,NA,,,,2991,
2992,http://www.wikidata.org/entity/Q3380957,personnalité politique,NA,NA,,,,2992,
2993,http://www.wikidata.org/entity/Q3382822,personnalité politique,NA,NA,,,,2993,
2994,http://www.wikidata.org/entity/Q3382825,personnalité politique,NA,NA,,,,2994,
2995,http://www.wikidata.org/entity/Q3382889,personnalité politique,NA,NA,,,,2995,
2996,http://www.wikidata.org/entity/Q3382922,personnalité politique,avocat-ou-avocate,résistant-ou-résistante,,,,2996,
2997,http://www.wikidata.org/entity/Q3382938,personnalité politique,cadres-administratifs-et-commerciaux-d'entreprise,NA,,,,2997,
2998,http://www.wikidata.org/entity/Q3383167,personnalité politique,NA,NA,,,,2998,
2999,http://www.wikidata.org/entity/Q3383264,personnalité politique,militaire,NA,,,,2999,
3000,http://www.wikidata.org/entity/Q3383278,personnalité politique,chirurgien-ou-chirurgienne,NA,,,,3000,
3001,http://www.wikidata.org/entity/Q3383503,personnalité politique,NA,NA,,,,3001,
3002,http://www.wikidata.org/entity/Q3383665,personnalité politique,NA,NA,,,,3002,
3003,http://www.wikidata.org/entity/Q3383700,personnalité politique,instituteur-ou-institutrice,NA,,,,3003,
3004,http://www.wikidata.org/entity/Q3383795,personnalité politique,NA,NA,,,,3004,
3005,http://www.wikidata.org/entity/Q3383804,personnalité politique,NA,NA,,,,3005,
3006,http://www.wikidata.org/entity/Q3383819,personnalité politique,NA,NA,,,,3006,
3007,http://www.wikidata.org/entity/Q3383888,personnalité politique,NA,NA,,,,3007,
3008,http://www.wikidata.org/entity/Q3383897,personnalité politique,NA,NA,,,,3008,
3009,http://www.wikidata.org/entity/Q3383943,personnalité politique,NA,NA,,,,3009,
3010,http://www.wikidata.org/entity/Q3383945,personnalité politique,NA,NA,,,,3010,
3011,http://www.wikidata.org/entity/Q3384035,personnalité politique,NA,NA,,,,3011,
3012,http://www.wikidata.org/entity/Q3384143,personnalité politique,NA,NA,,,,3012,
3013,http://www.wikidata.org/entity/Q3384154,personnalité politique,NA,NA,,,,3013,
3014,http://www.wikidata.org/entity/Q3384174,personnalité politique,NA,NA,,,,3014,
3015,http://www.wikidata.org/entity/Q3384232,personnalité politique,NA,NA,,,,3015,
3016,http://www.wikidata.org/entity/Q3384241,personnalité politique,chef-ou-cheffe-d'entreprise,NA,,,,3016,
3017,http://www.wikidata.org/entity/Q3384284,personnalité politique,NA,NA,,,,3017,
3018,http://www.wikidata.org/entity/Q3384288,personnalité politique,maire,NA,,,,3018,
3019,http://www.wikidata.org/entity/Q3384335,personnalité politique,NA,NA,,,,3019,
3020,http://www.wikidata.org/entity/Q3384360,personnalité politique,NA,NA,,,,3020,
3021,http://www.wikidata.org/entity/Q3384521,personnalité politique,NA,NA,,,,3021,
3022,http://www.wikidata.org/entity/Q3384541,personnalité politique,NA,NA,,,,3022,
3023,http://www.wikidata.org/entity/Q3384553,personnalité politique,avocat-ou-avocate,NA,,,,3023,
3024,http://www.wikidata.org/entity/Q3384633,personnalité politique,NA,NA,,,,3024,
3025,http://www.wikidata.org/entity/Q3384759,personnalité politique,NA,NA,,,,3025,
3026,http://www.wikidata.org/entity/Q3384836,personnalité politique,anciens-cadres,pensionné,,,,3026,
3027,http://www.wikidata.org/entity/Q3384852,personnalité politique,NA,NA,,,,3027,
3028,http://www.wikidata.org/entity/Q3384924,personnalité politique,NA,NA,,,,3028,
3029,http://www.wikidata.org/entity/Q3384971,personnalité politique,NA,NA,,,,3029,
3030,http://www.wikidata.org/entity/Q3384982,personnalité politique,NA,NA,,,,3030,
3031,http://www.wikidata.org/entity/Q3385040,personnalité politique,NA,NA,,,,3031,
3032,http://www.wikidata.org/entity/Q3385154,personnalité politique,NA,NA,,,,3032,
3033,http://www.wikidata.org/entity/Q3385168,personnalité politique,NA,NA,,,,3033,
3034,http://www.wikidata.org/entity/Q3385254,personnalité politique,NA,NA,,,,3034,
3035,http://www.wikidata.org/entity/Q3385274,personnalité politique,NA,NA,,,,3035,
3036,http://www.wikidata.org/entity/Q3385312,personnalité politique,NA,NA,,,,3036,
3037,http://www.wikidata.org/entity/Q3385363,personnalité politique,diplomate,NA,,,,3037,
3038,http://www.wikidata.org/entity/Q3385439,personnalité politique,NA,NA,,,,3038,
3039,http://www.wikidata.org/entity/Q3385484,personnalité politique,NA,NA,,,,3039,
3040,http://www.wikidata.org/entity/Q3385486,personnalité politique,NA,NA,,,,3040,
3041,http://www.wikidata.org/entity/Q3385491,personnalité politique,NA,NA,,,,3041,
3042,http://www.wikidata.org/entity/Q3385561,personnalité politique,NA,NA,,,,3042,
3043,http://www.wikidata.org/entity/Q3385565,personnalité politique,résistant-ou-résistante,NA,,,,3043,
3044,http://www.wikidata.org/entity/Q3385657,personnalité politique,professeur-d'université,écrivain-ou-écrivaine,,,,3044,
3045,http://www.wikidata.org/entity/Q3385735,personnalité politique,NA,NA,,,,3045,
3046,http://www.wikidata.org/entity/Q3385764,personnalité politique,professions-libérales-et-assimilés,pharmacien-ou-pharmacienne,,,,3046,
3047,http://www.wikidata.org/entity/Q3385940,personnalité politique,NA,NA,,,,3047,
3048,http://www.wikidata.org/entity/Q3386035,personnalité politique,NA,NA,,,,3048,
3049,http://www.wikidata.org/entity/Q3386052,personnalité politique,NA,NA,,,,3049,
3050,http://www.wikidata.org/entity/Q3386223,personnalité politique,fonctionnaire,NA,,,,3050,
3051,http://www.wikidata.org/entity/Q3386241,personnalité politique,NA,NA,,,,3051,
3052,http://www.wikidata.org/entity/Q3386268,personnalité politique,NA,NA,,,,3052,
3053,http://www.wikidata.org/entity/Q3386316,personnalité politique,NA,NA,,,,3053,
3054,http://www.wikidata.org/entity/Q3386327,personnalité politique,NA,NA,,,,3054,
3055,http://www.wikidata.org/entity/Q3386344,personnalité politique,professions-libérales-et-assimilés,médecin,,,,3055,
3056,http://www.wikidata.org/entity/Q3386406,personnalité politique,NA,NA,,,,3056,
3057,http://www.wikidata.org/entity/Q3386407,personnalité politique,NA,NA,,,,3057,
3058,http://www.wikidata.org/entity/Q3386478,personnalité politique,NA,NA,,,,3058,
3059,http://www.wikidata.org/entity/Q3386518,personnalité politique,professeur-d'université,universitaire,,,,3059,
3060,http://www.wikidata.org/entity/Q3386525,personnalité politique,militaire,NA,,,,3060,
3061,http://www.wikidata.org/entity/Q3386579,personnalité politique,NA,NA,,,,3061,
3062,http://www.wikidata.org/entity/Q3386604,personnalité politique,NA,NA,,,,3062,
3063,http://www.wikidata.org/entity/Q3386670,personnalité politique,industriel-ou-industrielle,aviateur-ou-aviatrice,,,,3063,
3064,http://www.wikidata.org/entity/Q3386680,personnalité politique,NA,NA,,,,3064,
3065,http://www.wikidata.org/entity/Q3386685,personnalité politique,"professeurs,-professions-scientifiques",NA,,,,3065,
3066,http://www.wikidata.org/entity/Q3386729,personnalité politique,NA,NA,,,,3066,
3067,http://www.wikidata.org/entity/Q3386760,personnalité politique,NA,NA,,,,3067,
3068,http://www.wikidata.org/entity/Q3386787,personnalité politique,NA,NA,,,,3068,
3069,http://www.wikidata.org/entity/Q3386802,personnalité politique,NA,NA,,,,3069,
3070,http://www.wikidata.org/entity/Q3386887,personnalité politique,NA,NA,,,,3070,
3071,http://www.wikidata.org/entity/Q3386921,personnalité politique,NA,NA,,,,3071,
3072,http://www.wikidata.org/entity/Q3386937,personnalité politique,NA,NA,,,,3072,
3073,http://www.wikidata.org/entity/Q3386983,personnalité politique,résistant-ou-résistante,écrivain-ou-écrivaine,,,,3073,
3074,http://www.wikidata.org/entity/Q3387060,personnalité politique,NA,NA,,,,3074,
3075,http://www.wikidata.org/entity/Q3387266,personnalité politique,NA,NA,,,,3075,
3076,http://www.wikidata.org/entity/Q3387279,personnalité politique,NA,NA,,,,3076,
3077,http://www.wikidata.org/entity/Q3387320,personnalité politique,NA,NA,,,,3077,
3078,http://www.wikidata.org/entity/Q3387323,personnalité politique,NA,NA,,,,3078,
3079,http://www.wikidata.org/entity/Q3387347,personnalité politique,pharmacien-ou-pharmacienne,NA,,,,3079,
3080,http://www.wikidata.org/entity/Q3387377,personnalité politique,NA,NA,,,,3080,
3081,http://www.wikidata.org/entity/Q3387378,personnalité politique,NA,NA,,,,3081,
3082,http://www.wikidata.org/entity/Q3387480,personnalité politique,journaliste,écrivain-ou-écrivaine,,,,3082,
3083,http://www.wikidata.org/entity/Q3400568,personnalité politique,NA,NA,,,,3083,
3084,http://www.wikidata.org/entity/Q340241,personnalité politique,avocat-ou-avocate,officiel,,,,3084,
3085,http://www.wikidata.org/entity/Q3419126,personnalité politique,NA,NA,,,,3085,
3086,http://www.wikidata.org/entity/Q3419138,personnalité politique,juriste,NA,,,,3086,
3087,http://www.wikidata.org/entity/Q3419142,personnalité politique,NA,NA,,,,3087,
3088,http://www.wikidata.org/entity/Q3419261,personnalité politique,NA,NA,,,,3088,
3089,http://www.wikidata.org/entity/Q3419529,personnalité politique,NA,NA,,,,3089,
3090,http://www.wikidata.org/entity/Q3420616,personnalité politique,NA,NA,,,,3090,
3091,http://www.wikidata.org/entity/Q3420655,personnalité politique,ajusteur-ou-ajusteuse,NA,,,,3091,
3092,http://www.wikidata.org/entity/Q3420685,personnalité politique,NA,NA,,,,3092,
3093,http://www.wikidata.org/entity/Q3420696,personnalité politique,NA,NA,,,,3093,
3094,http://www.wikidata.org/entity/Q3420700,personnalité politique,diplomate,NA,,,,3094,
3095,http://www.wikidata.org/entity/Q3420774,personnalité politique,NA,NA,,,,3095,
3096,http://www.wikidata.org/entity/Q3420810,personnalité politique,NA,NA,,,,3096,
3097,http://www.wikidata.org/entity/Q3420811,personnalité politique,militaire,NA,,,,3097,
3098,http://www.wikidata.org/entity/Q3420826,personnalité politique,anciens-cadres,pensionné,,,,3098,
3099,http://www.wikidata.org/entity/Q3420899,personnalité politique,NA,NA,,,,3099,
3100,http://www.wikidata.org/entity/Q3420955,personnalité politique,NA,NA,,,,3100,
3101,http://www.wikidata.org/entity/Q3420973,personnalité politique,NA,NA,,,,3101,
3102,http://www.wikidata.org/entity/Q3420976,personnalité politique,NA,NA,,,,3102,
3103,http://www.wikidata.org/entity/Q3421075,personnalité politique,diplomate,NA,,,,3103,
3104,http://www.wikidata.org/entity/Q3421131,personnalité politique,NA,NA,,,,3104,
3105,http://www.wikidata.org/entity/Q3421166,personnalité politique,courtier-ou-courtière-en-assurances,NA,,,,3105,
3106,http://www.wikidata.org/entity/Q3421173,personnalité politique,NA,NA,,,,3106,
3107,http://www.wikidata.org/entity/Q3421177,personnalité politique,NA,NA,,,,3107,
3108,http://www.wikidata.org/entity/Q3421271,personnalité politique,NA,NA,,,,3108,
3109,http://www.wikidata.org/entity/Q3421399,personnalité politique,NA,NA,,,,3109,
3110,http://www.wikidata.org/entity/Q3424887,personnalité politique,médecin,NA,,,,3110,
3111,http://www.wikidata.org/entity/Q3424934,personnalité politique,médecin,NA,,,,3111,
3112,http://www.wikidata.org/entity/Q3425681,personnalité politique,NA,NA,,,,3112,
3113,http://www.wikidata.org/entity/Q3425719,personnalité politique,anciens-cadres,NA,,,,3113,
3114,http://www.wikidata.org/entity/Q3425753,personnalité politique,NA,NA,,,,3114,
3115,http://www.wikidata.org/entity/Q3425798,personnalité politique,NA,NA,,,,3115,
3116,http://www.wikidata.org/entity/Q3425814,personnalité politique,NA,NA,,,,3116,
3117,http://www.wikidata.org/entity/Q3425904,personnalité politique,NA,NA,,,,3117,
3118,http://www.wikidata.org/entity/Q3425908,personnalité politique,NA,NA,,,,3118,
3119,http://www.wikidata.org/entity/Q3425913,personnalité politique,NA,NA,,,,3119,
3120,http://www.wikidata.org/entity/Q3425951,personnalité politique,NA,NA,,,,3120,
3121,http://www.wikidata.org/entity/Q3425967,personnalité politique,NA,NA,,,,3121,
3122,http://www.wikidata.org/entity/Q3425975,personnalité politique,NA,NA,,,,3122,
3123,http://www.wikidata.org/entity/Q3425980,personnalité politique,NA,NA,,,,3123,
3124,http://www.wikidata.org/entity/Q3426006,personnalité politique,NA,NA,,,,3124,
3125,http://www.wikidata.org/entity/Q3426037,personnalité politique,NA,NA,,,,3125,
3126,http://www.wikidata.org/entity/Q3426052,personnalité politique,NA,NA,,,,3126,
3127,http://www.wikidata.org/entity/Q3426115,personnalité politique,NA,NA,,,,3127,
3128,http://www.wikidata.org/entity/Q3426154,personnalité politique,NA,NA,,,,3128,
3129,http://www.wikidata.org/entity/Q3426191,personnalité politique,NA,NA,,,,3129,
3130,http://www.wikidata.org/entity/Q3426233,personnalité politique,NA,NA,,,,3130,
3131,http://www.wikidata.org/entity/Q3426242,personnalité politique,fonctionnaire,NA,,,,3131,
3132,http://www.wikidata.org/entity/Q3426247,personnalité politique,NA,NA,,,,3132,
3133,http://www.wikidata.org/entity/Q3426450,personnalité politique,résistant-ou-résistante,NA,,,,3133,
3134,http://www.wikidata.org/entity/Q3426463,personnalité politique,résistant-ou-résistante,militant-ou-militante-politique,,,,3134,
3135,http://www.wikidata.org/entity/Q3426479,personnalité politique,NA,NA,,,,3135,
3136,http://www.wikidata.org/entity/Q3426511,personnalité politique,NA,NA,,,,3136,
3137,http://www.wikidata.org/entity/Q3426535,personnalité politique,NA,NA,,,,3137,
3138,http://www.wikidata.org/entity/Q3426591,personnalité politique,NA,NA,,,,3138,
3139,http://www.wikidata.org/entity/Q3426608,personnalité politique,NA,NA,,,,3139,
3140,http://www.wikidata.org/entity/Q3426636,personnalité politique,NA,NA,,,,3140,
3141,http://www.wikidata.org/entity/Q3426671,personnalité politique,NA,NA,,,,3141,
3142,http://www.wikidata.org/entity/Q3426755,personnalité politique,NA,NA,,,,3142,
3143,http://www.wikidata.org/entity/Q3426797,personnalité politique,NA,NA,,,,3143,
3144,http://www.wikidata.org/entity/Q3426802,personnalité politique,NA,NA,,,,3144,
3145,http://www.wikidata.org/entity/Q3426818,personnalité politique,officiel,NA,,,,3145,
3146,http://www.wikidata.org/entity/Q3426851,personnalité politique,NA,NA,,,,3146,
3147,http://www.wikidata.org/entity/Q3426869,personnalité politique,avocat-ou-avocate,résistant-ou-résistante,,,,3147,
3148,http://www.wikidata.org/entity/Q3426879,personnalité politique,NA,NA,,,,3148,
3149,http://www.wikidata.org/entity/Q3426940,personnalité politique,NA,NA,,,,3149,
3150,http://www.wikidata.org/entity/Q3426992,personnalité politique,avocat,NA,,,,3150,
3151,http://www.wikidata.org/entity/Q3427180,personnalité politique,NA,NA,,,,3151,
3152,http://www.wikidata.org/entity/Q342878,personnalité politique,NA,NA,,,,3152,
3153,http://www.wikidata.org/entity/Q3430626,personnalité politique,NA,NA,,,,3153,
3154,http://www.wikidata.org/entity/Q3430701,personnalité politique,pensionné,NA,,,,3154,
3155,http://www.wikidata.org/entity/Q3430759,personnalité politique,anciens-cadres,cadre-supérieur,,,,3155,
3156,http://www.wikidata.org/entity/Q3434350,personnalité politique,NA,NA,,,,3156,
3157,http://www.wikidata.org/entity/Q3434439,personnalité politique,NA,NA,,,,3157,
3158,http://www.wikidata.org/entity/Q3434472,personnalité politique,NA,NA,,,,3158,
3159,http://www.wikidata.org/entity/Q3434479,personnalité politique,NA,NA,,,,3159,
3160,http://www.wikidata.org/entity/Q3434496,personnalité politique,NA,NA,,,,3160,
3161,http://www.wikidata.org/entity/Q3434615,personnalité politique,personnalité-politique-locale,professeur-de-lettres,,,,3161,
3162,http://www.wikidata.org/entity/Q3434688,personnalité politique,résistant-ou-résistante,auteur-ou-autrice-de-non-fiction,,,,3162,
3163,http://www.wikidata.org/entity/Q3434718,personnalité politique,NA,NA,,,,3163,
3164,http://www.wikidata.org/entity/Q3434730,personnalité politique,NA,NA,,,,3164,
3165,http://www.wikidata.org/entity/Q3434780,personnalité politique,professeur,NA,,,,3165,
3166,http://www.wikidata.org/entity/Q3434965,personnalité politique,NA,NA,,,,3166,
3167,http://www.wikidata.org/entity/Q3435073,personnalité politique,pharmacien-ou-pharmacienne,pharmacien-expert,,,,3167,
3168,http://www.wikidata.org/entity/Q3435412,personnalité politique,NA,NA,,,,3168,
3169,http://www.wikidata.org/entity/Q3435624,personnalité politique,syndicaliste,NA,,,,3169,
3170,http://www.wikidata.org/entity/Q3435654,personnalité politique,NA,NA,,,,3170,
3171,http://www.wikidata.org/entity/Q3435719,personnalité politique,NA,NA,,,,3171,
3172,http://www.wikidata.org/entity/Q3435901,personnalité politique,NA,NA,,,,3172,
3173,http://www.wikidata.org/entity/Q3435951,personnalité politique,NA,NA,,,,3173,
3174,http://www.wikidata.org/entity/Q3436249,personnalité politique,juriste,politologue,,,,3174,
3175,http://www.wikidata.org/entity/Q3436441,personnalité politique,NA,NA,,,,3175,
3176,http://www.wikidata.org/entity/Q3436518,personnalité politique,NA,NA,,,,3176,
3177,http://www.wikidata.org/entity/Q3437479,personnalité politique,NA,NA,,,,3177,
3178,http://www.wikidata.org/entity/Q3438364,personnalité politique,NA,NA,,,,3178,
3179,http://www.wikidata.org/entity/Q3438379,personnalité politique,"anciens-artisans,-commerçants,-chefs-d'entreprise",commerçant-ou-commerçante,,,,3179,
3180,http://www.wikidata.org/entity/Q3438605,personnalité politique,NA,NA,,,,3180,
3181,http://www.wikidata.org/entity/Q3438730,personnalité politique,NA,NA,,,,3181,
3182,http://www.wikidata.org/entity/Q3438812,personnalité politique,NA,NA,,,,3182,
3183,http://www.wikidata.org/entity/Q3438823,personnalité politique,NA,NA,,,,3183,
3184,http://www.wikidata.org/entity/Q3438840,personnalité politique,NA,NA,,,,3184,
3185,http://www.wikidata.org/entity/Q3438843,personnalité politique,NA,NA,,,,3185,
3186,http://www.wikidata.org/entity/Q3438896,personnalité politique,NA,NA,,,,3186,
3187,http://www.wikidata.org/entity/Q3438925,personnalité politique,NA,NA,,,,3187,
3188,http://www.wikidata.org/entity/Q3438971,personnalité politique,NA,NA,,,,3188,
3189,http://www.wikidata.org/entity/Q3438972,personnalité politique,NA,NA,,,,3189,
3190,http://www.wikidata.org/entity/Q3438980,personnalité politique,NA,NA,,,,3190,
3191,http://www.wikidata.org/entity/Q3439028,personnalité politique,NA,NA,,,,3191,
3192,http://www.wikidata.org/entity/Q3439036,personnalité politique,NA,NA,,,,3192,
3193,http://www.wikidata.org/entity/Q3439077,personnalité politique,résistant-ou-résistante,journaliste,,,,3193,
3194,http://www.wikidata.org/entity/Q3439124,personnalité politique,NA,NA,,,,3194,
3195,http://www.wikidata.org/entity/Q3439157,personnalité politique,NA,NA,,,,3195,
3196,http://www.wikidata.org/entity/Q3439176,personnalité politique,NA,NA,,,,3196,
3197,http://www.wikidata.org/entity/Q3439190,personnalité politique,NA,NA,,,,3197,
3198,http://www.wikidata.org/entity/Q3439207,personnalité politique,NA,NA,,,,3198,
3199,http://www.wikidata.org/entity/Q3439260,personnalité politique,NA,NA,,,,3199,
3200,http://www.wikidata.org/entity/Q3439279,personnalité politique,pensionné,NA,,,,3200,
3201,http://www.wikidata.org/entity/Q3439344,personnalité politique,NA,NA,,,,3201,
3202,http://www.wikidata.org/entity/Q3439366,personnalité politique,NA,NA,,,,3202,
3203,http://www.wikidata.org/entity/Q3439394,personnalité politique,professeur-d'université,auteur-ou-autrice-de-non-fiction,,,,3203,
3204,http://www.wikidata.org/entity/Q3439409,personnalité politique,producteur-ou-productrice-de-cinéma,scénariste,,,,3204,
3205,http://www.wikidata.org/entity/Q3439417,personnalité politique,professeur-d'anglais,NA,,,,3205,
3206,http://www.wikidata.org/entity/Q3439428,personnalité politique,résistant-ou-résistante,NA,,,,3206,
3207,http://www.wikidata.org/entity/Q3439430,personnalité politique,NA,NA,,,,3207,
3208,http://www.wikidata.org/entity/Q3439631,personnalité politique,NA,NA,,,,3208,
3209,http://www.wikidata.org/entity/Q3439951,personnalité politique,NA,NA,,,,3209,
3210,http://www.wikidata.org/entity/Q3439957,personnalité politique,NA,NA,,,,3210,
3211,http://www.wikidata.org/entity/Q3439968,personnalité politique,avocat-ou-avocate,NA,,,,3211,
3212,http://www.wikidata.org/entity/Q3439983,personnalité politique,NA,NA,,,,3212,
3213,http://www.wikidata.org/entity/Q3439985,personnalité politique,NA,NA,,,,3213,
3214,http://www.wikidata.org/entity/Q3439997,personnalité politique,pensionné,"anciens-artisans,-commerçants,-chefs-d'entreprise",,,,3214,
3215,http://www.wikidata.org/entity/Q3440066,personnalité politique,NA,NA,,,,3215,
3216,http://www.wikidata.org/entity/Q3440147,personnalité politique,journaliste,NA,,,,3216,
3217,http://www.wikidata.org/entity/Q3440173,personnalité politique,NA,NA,,,,3217,
3218,http://www.wikidata.org/entity/Q3440191,personnalité politique,NA,NA,,,,3218,
3219,http://www.wikidata.org/entity/Q3440238,personnalité politique,pensionné,NA,,,,3219,
3220,http://www.wikidata.org/entity/Q3440291,personnalité politique,NA,NA,,,,3220,
3221,http://www.wikidata.org/entity/Q345408,personnalité politique,mineur-ou-mineuse,NA,,,,3221,
3222,http://www.wikidata.org/entity/Q3455690,personnalité politique,viticulteur-ou-viticultrice,NA,,,,3222,
3223,http://www.wikidata.org/entity/Q3455745,personnalité politique,fonctionnaire-de-catégorie-a,NA,,,,3223,
3224,http://www.wikidata.org/entity/Q3455770,personnalité politique,NA,NA,,,,3224,
3225,http://www.wikidata.org/entity/Q3456061,personnalité politique,NA,NA,,,,3225,
3226,http://www.wikidata.org/entity/Q3456166,personnalité politique,NA,NA,,,,3226,
3227,http://www.wikidata.org/entity/Q345888,personnalité politique,ingénieur-ou-ingénieure,NA,,,,3227,
3228,http://www.wikidata.org/entity/Q3472000,personnalité politique,NA,NA,,,,3228,
3229,http://www.wikidata.org/entity/Q3472011,personnalité politique,NA,NA,,,,3229,
3230,http://www.wikidata.org/entity/Q3474785,personnalité politique,NA,NA,,,,3230,
3231,http://www.wikidata.org/entity/Q3476900,personnalité politique,enseignant-ou-enseignante,historien-ou-historienne,,,,3231,
3232,http://www.wikidata.org/entity/Q3479182,personnalité politique,NA,NA,,,,3232,
3233,http://www.wikidata.org/entity/Q3479191,personnalité politique,NA,NA,,,,3233,
3234,http://www.wikidata.org/entity/Q3479211,personnalité politique,médecin,NA,,,,3234,
3235,http://www.wikidata.org/entity/Q3479214,personnalité politique,NA,NA,,,,3235,
3236,http://www.wikidata.org/entity/Q3479305,personnalité politique,NA,NA,,,,3236,
3237,http://www.wikidata.org/entity/Q3479338,personnalité politique,personnes-diverses-sans-activité-professionnelle-de-60-ans-et-plus-sauf-retraités,NA,,,,3237,
3238,http://www.wikidata.org/entity/Q3479364,personnalité politique,NA,NA,,,,3238,
3239,http://www.wikidata.org/entity/Q3479423,personnalité politique,NA,NA,,,,3239,
3240,http://www.wikidata.org/entity/Q3479437,personnalité politique,NA,NA,,,,3240,
3241,http://www.wikidata.org/entity/Q3479456,personnalité politique,NA,NA,,,,3241,
3242,http://www.wikidata.org/entity/Q3479498,personnalité politique,NA,NA,,,,3242,
3243,http://www.wikidata.org/entity/Q3479651,personnalité politique,NA,NA,,,,3243,
3244,http://www.wikidata.org/entity/Q3480986,personnalité politique,NA,NA,,,,3244,
3245,http://www.wikidata.org/entity/Q3484436,personnalité politique,médecin,NA,,,,3245,
3246,http://www.wikidata.org/entity/Q3484601,personnalité politique,NA,NA,,,,3246,
3247,http://www.wikidata.org/entity/Q348474,personnalité politique,avocat-ou-avocate,juriste,,,,3247,
3248,http://www.wikidata.org/entity/Q3489147,personnalité politique,médecin,gynécologue,,,,3248,
3249,http://www.wikidata.org/entity/Q3490433,personnalité politique,membre-du-conseil-d'administration,NA,,,,3249,
3250,http://www.wikidata.org/entity/Q3490911,personnalité politique,"professeurs,-professions-scientifiques",cadre-supérieur,,,,3250,
3251,http://www.wikidata.org/entity/Q3490917,personnalité politique,professions-libérales-et-assimilés,avocat-ou-avocate,,,,3251,
3252,http://www.wikidata.org/entity/Q3490926,personnalité politique,chefs-d'entreprise-de-10-salariés-ou-plus,NA,,,,3252,
3253,http://www.wikidata.org/entity/Q3491023,personnalité politique,NA,NA,,,,3253,
3254,http://www.wikidata.org/entity/Q3491032,personnalité politique,NA,NA,,,,3254,
3255,http://www.wikidata.org/entity/Q3501550,personnalité politique,NA,NA,,,,3255,
3256,http://www.wikidata.org/entity/Q3501722,personnalité politique,NA,NA,,,,3256,
3257,http://www.wikidata.org/entity/Q3501943,personnalité politique,professions-libérales-et-assimilés,avocat-ou-avocate,,,,3257,
3258,http://www.wikidata.org/entity/Q3502075,personnalité politique,cadres-administratifs-et-commerciaux-d'entreprise,NA,,,,3258,
3259,http://www.wikidata.org/entity/Q3502105,personnalité politique,cadres-administratifs-et-commerciaux-d'entreprise,NA,,,,3259,
3260,http://www.wikidata.org/entity/Q3506023,personnalité politique,NA,NA,,,,3260,
3261,http://www.wikidata.org/entity/Q3506038,personnalité politique,NA,NA,,,,3261,
3262,http://www.wikidata.org/entity/Q3506044,personnalité politique,NA,NA,,,,3262,
3263,http://www.wikidata.org/entity/Q3506922,personnalité politique,personnes-diverses-sans-activité-professionnelle-de-moins-de-60-ans-sauf-retraités,permanent-politique,,,,3263,
3264,http://www.wikidata.org/entity/Q3507208,personnalité politique,NA,NA,,,,3264,
3265,http://www.wikidata.org/entity/Q3507235,personnalité politique,NA,NA,,,,3265,
3266,http://www.wikidata.org/entity/Q3507238,personnalité politique,fonctionnaire-de-catégorie-b,NA,,,,3266,
3267,http://www.wikidata.org/entity/Q3507383,personnalité politique,NA,NA,,,,3267,
3268,http://www.wikidata.org/entity/Q3507399,personnalité politique,cadres-administratifs-et-commerciaux-d'entreprise,NA,,,,3268,
3269,http://www.wikidata.org/entity/Q3510015,personnalité politique,NA,NA,,,,3269,
3270,http://www.wikidata.org/entity/Q3510140,personnalité politique,professions-libérales-et-assimilés,notaire,,,,3270,
3271,http://www.wikidata.org/entity/Q3510156,personnalité politique,NA,NA,,,,3271,
3272,http://www.wikidata.org/entity/Q3510256,personnalité politique,historien-ou-historienne,NA,,,,3272,
3273,http://www.wikidata.org/entity/Q3510539,personnalité politique,médecin,NA,,,,3273,
3274,http://www.wikidata.org/entity/Q352280,personnalité politique,NA,NA,,,,3274,
3275,http://www.wikidata.org/entity/Q3524195,personnalité politique,avocat-ou-avocate,parlementaire,,,,3275,
3276,http://www.wikidata.org/entity/Q3524375,personnalité politique,personnes-diverses-sans-activité-professionnelle-de-moins-de-60-ans-sauf-retraités,permanent-politique,,,,3276,
3277,http://www.wikidata.org/entity/Q3524408,personnalité politique,NA,NA,,,,3277,
3278,http://www.wikidata.org/entity/Q3524518,personnalité politique,cadre-supérieur,NA,,,,3278,
3279,http://www.wikidata.org/entity/Q3525615,personnalité politique,NA,NA,,,,3279,
3280,http://www.wikidata.org/entity/Q3526335,personnalité politique,NA,NA,,,,3280,
3281,http://www.wikidata.org/entity/Q3527346,personnalité politique,NA,NA,,,,3281,
3282,http://www.wikidata.org/entity/Q353164,personnalité politique,juriste,diplomate,,,,3282,
3283,http://www.wikidata.org/entity/Q3531753,personnalité politique,avocat-ou-avocate,NA,,,,3283,
3284,http://www.wikidata.org/entity/Q3531800,personnalité politique,NA,NA,,,,3284,
3285,http://www.wikidata.org/entity/Q3535653,personnalité politique,instituteur-ou-institutrice,NA,,,,3285,
3286,http://www.wikidata.org/entity/Q3554243,personnalité politique,NA,NA,,,,3286,
3287,http://www.wikidata.org/entity/Q3554249,personnalité politique,cadre-supérieur,NA,,,,3287,
3288,http://www.wikidata.org/entity/Q3554274,personnalité politique,anciens-cadres,personnes-diverses-sans-activité-professionnelle-de-moins-de-60-ans-sauf-retraités,,,,3288,
3289,http://www.wikidata.org/entity/Q3554304,personnalité politique,ingénieurs-et-cadres-techniques-d'entreprise,économiste,,,,3289,
3290,http://www.wikidata.org/entity/Q3557186,personnalité politique,NA,NA,,,,3290,
3291,http://www.wikidata.org/entity/Q3557218,personnalité politique,résistant-ou-résistante,juge,,,,3291,
3292,http://www.wikidata.org/entity/Q3557559,personnalité politique,NA,NA,,,,3292,
3293,http://www.wikidata.org/entity/Q3559456,personnalité politique,NA,NA,,,,3293,
3294,http://www.wikidata.org/entity/Q3559584,personnalité politique,"professeurs,-professions-scientifiques",enseignant-ou-enseignante-du-secondaire,,,,3294,
3295,http://www.wikidata.org/entity/Q3559620,personnalité politique,permanent-politique,NA,,,,3295,
3296,http://www.wikidata.org/entity/Q3559821,personnalité politique,cadres-administratifs-et-commerciaux-d'entreprise,cadre-supérieur,,,,3296,
3297,http://www.wikidata.org/entity/Q3560609,personnalité politique,NA,NA,,,,3297,
3298,http://www.wikidata.org/entity/Q3560729,personnalité politique,cadre-supérieur,NA,,,,3298,
3299,http://www.wikidata.org/entity/Q3564277,personnalité politique,personnes-diverses-sans-activité-professionnelle-de-moins-de-60-ans-sauf-retraités,NA,,,,3299,
3300,http://www.wikidata.org/entity/Q3564294,personnalité politique,NA,NA,,,,3300,
3301,http://www.wikidata.org/entity/Q3564331,personnalité politique,professions-libérales-et-assimilés,NA,,,,3301,
3302,http://www.wikidata.org/entity/Q3564334,personnalité politique,NA,NA,,,,3302,
3303,http://www.wikidata.org/entity/Q3564346,personnalité politique,NA,NA,,,,3303,
3304,http://www.wikidata.org/entity/Q3565302,personnalité politique,NA,NA,,,,3304,
3305,http://www.wikidata.org/entity/Q3565308,personnalité politique,NA,NA,,,,3305,
3306,http://www.wikidata.org/entity/Q356724,personnalité politique,diplomate,chef-de-gouvernement,,,,3306,
3307,http://www.wikidata.org/entity/Q3568187,personnalité politique,géographe,NA,,,,3307,
3308,http://www.wikidata.org/entity/Q3569155,personnalité politique,NA,NA,,,,3308,
3309,http://www.wikidata.org/entity/Q356919,personnalité politique,économiste,NA,,,,3309,
3310,http://www.wikidata.org/entity/Q3570661,personnalité politique,NA,NA,,,,3310,
3311,http://www.wikidata.org/entity/Q3570696,personnalité politique,NA,NA,,,,3311,
3312,http://www.wikidata.org/entity/Q3570771,personnalité politique,ingénieurs-et-cadres-techniques-d'entreprise,ingénieur-ou-ingénieure,,,,3312,
3313,http://www.wikidata.org/entity/Q3570803,personnalité politique,NA,NA,,,,3313,
3314,http://www.wikidata.org/entity/Q3570832,personnalité politique,avocat-ou-avocate,NA,,,,3314,
3315,http://www.wikidata.org/entity/Q3571567,personnalité politique,NA,NA,,,,3315,
3316,http://www.wikidata.org/entity/Q3571618,personnalité politique,NA,NA,,,,3316,
3317,http://www.wikidata.org/entity/Q3571688,personnalité politique,NA,NA,,,,3317,
3318,http://www.wikidata.org/entity/Q3571749,personnalité politique,anciens-cadres,permanent-politique,,,,3318,
3319,http://www.wikidata.org/entity/Q3571783,personnalité politique,personnes-diverses-sans-activité-professionnelle-de-moins-de-60-ans-sauf-retraités,NA,,,,3319,
3320,http://www.wikidata.org/entity/Q3572875,personnalité politique,NA,NA,,,,3320,
3321,http://www.wikidata.org/entity/Q3573330,personnalité politique,officiel,essayiste,,,,3321,
3322,http://www.wikidata.org/entity/Q3573441,personnalité politique,NA,NA,,,,3322,
3323,http://www.wikidata.org/entity/Q3573443,personnalité politique,pensionné,NA,,,,3323,
3324,http://www.wikidata.org/entity/Q3573496,personnalité politique,NA,NA,,,,3324,
3325,http://www.wikidata.org/entity/Q3573502,personnalité politique,officiel,NA,,,,3325,
3326,http://www.wikidata.org/entity/Q3573533,personnalité politique,pensionné,NA,,,,3326,
3327,http://www.wikidata.org/entity/Q3573580,personnalité politique,anciens-cadres,pensionné,,,,3327,
3328,http://www.wikidata.org/entity/Q3573589,personnalité politique,NA,NA,,,,3328,
3329,http://www.wikidata.org/entity/Q3573596,personnalité politique,NA,NA,,,,3329,
3330,http://www.wikidata.org/entity/Q3573621,personnalité politique,NA,NA,,,,3330,
3331,http://www.wikidata.org/entity/Q3573638,personnalité politique,enseignant-ou-enseignante,NA,,,,3331,
3332,http://www.wikidata.org/entity/Q3573642,personnalité politique,professions-libérales-et-assimilés,avocat-ou-avocate,,,,3332,
3333,http://www.wikidata.org/entity/Q3573650,personnalité politique,chercheur-ou-chercheuse,NA,,,,3333,
3334,http://www.wikidata.org/entity/Q3573671,personnalité politique,fonctionnaire-de-catégorie-a,NA,,,,3334,
3335,http://www.wikidata.org/entity/Q3573750,personnalité politique,NA,NA,,,,3335,
3336,http://www.wikidata.org/entity/Q3573763,personnalité politique,NA,NA,,,,3336,
3337,http://www.wikidata.org/entity/Q3573772,personnalité politique,NA,NA,,,,3337,
3338,http://www.wikidata.org/entity/Q3573821,personnalité politique,juriste,NA,,,,3338,
3339,http://www.wikidata.org/entity/Q3573878,personnalité politique,professions-libérales-et-assimilés,avocat-ou-avocate,,,,3339,
3340,http://www.wikidata.org/entity/Q3573895,personnalité politique,NA,NA,,,,3340,
3341,http://www.wikidata.org/entity/Q3573932,personnalité politique,agriculteur-ou-agricultrice,NA,,,,3341,
3342,http://www.wikidata.org/entity/Q3573942,personnalité politique,NA,NA,,,,3342,
3343,http://www.wikidata.org/entity/Q3573945,personnalité politique,producteur-ou-productrice-de-cinéma,producteur-ou-productrice-artistique,,,,3343,
3344,http://www.wikidata.org/entity/Q3573961,personnalité politique,NA,NA,,,,3344,
3345,http://www.wikidata.org/entity/Q3573977,personnalité politique,NA,NA,,,,3345,
3346,http://www.wikidata.org/entity/Q3573996,personnalité politique,NA,NA,,,,3346,
3347,http://www.wikidata.org/entity/Q3574002,personnalité politique,enseignant-ou-enseignante-du-secondaire,NA,,,,3347,
3348,http://www.wikidata.org/entity/Q3574022,personnalité politique,NA,NA,,,,3348,
3349,http://www.wikidata.org/entity/Q3574070,personnalité politique,NA,NA,,,,3349,
3350,http://www.wikidata.org/entity/Q3574078,personnalité politique,NA,NA,,,,3350,
3351,http://www.wikidata.org/entity/Q3574086,personnalité politique,personnalité-du-monde-des-affaires,NA,,,,3351,
3352,http://www.wikidata.org/entity/Q3574114,personnalité politique,personnalité-du-monde-des-affaires,NA,,,,3352,
3353,http://www.wikidata.org/entity/Q3574136,personnalité politique,NA,NA,,,,3353,
3354,http://www.wikidata.org/entity/Q3574148,personnalité politique,pensionné,NA,,,,3354,
3355,http://www.wikidata.org/entity/Q3574229,personnalité politique,NA,NA,,,,3355,
3356,http://www.wikidata.org/entity/Q3579720,personnalité politique,NA,NA,,,,3356,
3357,http://www.wikidata.org/entity/Q3579767,personnalité politique,NA,NA,,,,3357,
3358,http://www.wikidata.org/entity/Q3579773,personnalité politique,NA,NA,,,,3358,
3359,http://www.wikidata.org/entity/Q3579855,personnalité politique,résistant-ou-résistante,juriste,,,,3359,
3360,http://www.wikidata.org/entity/Q3579898,personnalité politique,chef-ou-cheffe-d'entreprise,NA,,,,3360,
3361,http://www.wikidata.org/entity/Q3579929,personnalité politique,NA,NA,,,,3361,
3362,http://www.wikidata.org/entity/Q3579934,personnalité politique,officiel,enseignant-ou-enseignante,,,,3362,
3363,http://www.wikidata.org/entity/Q3579978,personnalité politique,écrivain-ou-écrivaine,professeur-d'histoire,,,,3363,
3364,http://www.wikidata.org/entity/Q3579995,personnalité politique,NA,NA,,,,3364,
3365,http://www.wikidata.org/entity/Q3580015,personnalité politique,résistant-ou-résistante,NA,,,,3365,
3366,http://www.wikidata.org/entity/Q3580040,personnalité politique,NA,NA,,,,3366,
3367,http://www.wikidata.org/entity/Q3587715,personnalité politique,cardiologue,NA,,,,3367,
3368,http://www.wikidata.org/entity/Q3587909,personnalité politique,NA,NA,,,,3368,
3369,http://www.wikidata.org/entity/Q3588175,personnalité politique,NA,NA,,,,3369,
3370,http://www.wikidata.org/entity/Q3588352,personnalité politique,NA,NA,,,,3370,
3371,http://www.wikidata.org/entity/Q3588357,personnalité politique,NA,NA,,,,3371,
3372,http://www.wikidata.org/entity/Q3588471,personnalité politique,NA,NA,,,,3372,
3373,http://www.wikidata.org/entity/Q3588554,personnalité politique,NA,NA,,,,3373,
3374,http://www.wikidata.org/entity/Q3588589,personnalité politique,NA,NA,,,,3374,
3375,http://www.wikidata.org/entity/Q3588724,personnalité politique,syndicaliste,mineur-ou-mineuse,,,,3375,
3376,http://www.wikidata.org/entity/Q359005,personnalité politique,avocat-ou-avocate,NA,,,,3376,
3377,http://www.wikidata.org/entity/Q3590982,personnalité politique,chefs-d'entreprise-de-10-salariés-ou-plus,chef-ou-cheffe-d'entreprise,,,,3377,
3378,http://www.wikidata.org/entity/Q3591087,personnalité politique,professions-libérales-et-assimilés,NA,,,,3378,
3379,http://www.wikidata.org/entity/Q3591088,personnalité politique,NA,NA,,,,3379,
3380,http://www.wikidata.org/entity/Q3591093,personnalité politique,NA,NA,,,,3380,
3381,http://www.wikidata.org/entity/Q3591191,personnalité politique,chirurgien-dentiste,NA,,,,3381,
3382,http://www.wikidata.org/entity/Q3591330,personnalité politique,NA,NA,,,,3382,
3383,http://www.wikidata.org/entity/Q3591368,personnalité politique,"professeurs,-professions-scientifiques",NA,,,,3383,
3384,http://www.wikidata.org/entity/Q3592156,personnalité politique,NA,NA,,,,3384,
3385,http://www.wikidata.org/entity/Q3592178,personnalité politique,NA,NA,,,,3385,
3386,http://www.wikidata.org/entity/Q3592334,personnalité politique,NA,NA,,,,3386,
3387,http://www.wikidata.org/entity/Q3592676,personnalité politique,cadres-administratifs-et-commerciaux-d'entreprise,personnes-diverses-sans-activité-professionnelle-de-moins-de-60-ans-sauf-retraités,,,,3387,
3388,http://www.wikidata.org/entity/Q3592778,personnalité politique,NA,NA,,,,3388,
3389,http://www.wikidata.org/entity/Q362223,personnalité politique,professions-libérales-et-assimilés,pensionné,,,,3389,
3390,http://www.wikidata.org/entity/Q365413,personnalité politique,résistant-ou-résistante,NA,,,,3390,
3391,http://www.wikidata.org/entity/Q365638,personnalité politique,athlète,NA,,,,3391,
3392,http://www.wikidata.org/entity/Q366016,personnalité politique,médecin,diplomate,,,,3392,
3393,http://www.wikidata.org/entity/Q370803,personnalité politique,journaliste,entrepreneur-ou-entrepreneuse,,,,3393,
3394,http://www.wikidata.org/entity/Q377127,personnalité politique,NA,NA,,,,3394,
3395,http://www.wikidata.org/entity/Q379229,personnalité politique,juriste,enseignant-ou-enseignante,,,,3395,
3396,http://www.wikidata.org/entity/Q37946793,personnalité politique,cadres-administratifs-et-commerciaux-d'entreprise,professions-intermédiaires-de-la-santé-et-du-travail-social,,,,3396,
3397,http://www.wikidata.org/entity/Q380406,personnalité politique,personnalité-du-monde-des-affaires,inspection-générale-des-finances,,,,3397,
3398,http://www.wikidata.org/entity/Q385437,personnalité politique,avocat-ou-avocate,professeur-d'université,,,,3398,
3399,http://www.wikidata.org/entity/Q385595,personnalité politique,parlementaire,essayiste,,,,3399,
3400,http://www.wikidata.org/entity/Q387058,personnalité politique,NA,NA,,,,3400,
3401,http://www.wikidata.org/entity/Q389141,personnalité politique,médecin,NA,,,,3401,
3402,http://www.wikidata.org/entity/Q40289093,personnalité politique,syndicaliste,NA,,,,3402,
3403,http://www.wikidata.org/entity/Q41075996,personnalité politique,NA,NA,,,,3403,
3404,http://www.wikidata.org/entity/Q41102798,personnalité politique,cadres-administratifs-et-commerciaux-d'entreprise,permanent-politique,,,,3404,
3405,http://www.wikidata.org/entity/Q41968379,personnalité politique,NA,NA,,,,3405,
3406,http://www.wikidata.org/entity/Q427080,personnalité politique,NA,NA,,,,3406,
3407,http://www.wikidata.org/entity/Q428214,personnalité politique,NA,NA,,,,3407,
3408,http://www.wikidata.org/entity/Q436173,personnalité politique,pharmacien-ou-pharmacienne,NA,,,,3408,
3409,http://www.wikidata.org/entity/Q437405,personnalité politique,professions-libérales-et-assimilés,NA,,,,3409,
3410,http://www.wikidata.org/entity/Q438465,personnalité politique,diplomate,ministre,,,,3410,
3411,http://www.wikidata.org/entity/Q43970855,personnalité politique,"professeurs,-professions-scientifiques",NA,,,,3411,
3412,http://www.wikidata.org/entity/Q439732,personnalité politique,management-intermédiaire,NA,,,,3412,
3413,http://www.wikidata.org/entity/Q439971,personnalité politique,cadre-supérieur,NA,,,,3413,
3414,http://www.wikidata.org/entity/Q439998,personnalité politique,NA,NA,,,,3414,
3415,http://www.wikidata.org/entity/Q440565,personnalité politique,résistant-ou-résistante,NA,,,,3415,
3416,http://www.wikidata.org/entity/Q440732,personnalité politique,personnes-diverses-sans-activité-professionnelle-de-moins-de-60-ans-sauf-retraités,NA,,,,3416,
3417,http://www.wikidata.org/entity/Q442810,personnalité politique,militant-anti-vaccins,biologiste,,,,3417,
3418,http://www.wikidata.org/entity/Q44508694,personnalité politique,NA,NA,,,,3418,
3419,http://www.wikidata.org/entity/Q445705,personnalité politique,"professeurs,-professions-scientifiques",médecin,,,,3419,
3420,http://www.wikidata.org/entity/Q44742365,personnalité politique,"professeurs-des-écoles,-instituteurs-et-assimilés",NA,,,,3420,
3421,http://www.wikidata.org/entity/Q45029395,personnalité politique,professions-libérales-et-assimilés,avocat-ou-avocate,,,,3421,
3422,http://www.wikidata.org/entity/Q452131,personnalité politique,NA,NA,,,,3422,
3423,http://www.wikidata.org/entity/Q452139,personnalité politique,oncologue,NA,,,,3423,
3424,http://www.wikidata.org/entity/Q452173,personnalité politique,NA,NA,,,,3424,
3425,http://www.wikidata.org/entity/Q45486323,personnalité politique,sociologue,chargé-ou-chargée-de-recherche-au-cnrs,,,,3425,
3426,http://www.wikidata.org/entity/Q455023,personnalité politique,ministre,magistrat-ou-magistrate,,,,3426,
3427,http://www.wikidata.org/entity/Q455040,personnalité politique,juriste,maire,,,,3427,
3428,http://www.wikidata.org/entity/Q4556137,personnalité politique,professions-libérales-et-assimilés,NA,,,,3428,
3429,http://www.wikidata.org/entity/Q457705,personnalité politique,avocat-ou-avocate,juriste,,,,3429,
3430,http://www.wikidata.org/entity/Q461283,personnalité politique,résistant-ou-résistante,architecte,,,,3430,
3431,http://www.wikidata.org/entity/Q46138822,personnalité politique,cadres-administratifs-et-commerciaux-d'entreprise,NA,,,,3431,
3432,http://www.wikidata.org/entity/Q461454,personnalité politique,professeur-d'université,NA,,,,3432,
3433,http://www.wikidata.org/entity/Q463260,personnalité politique,juriste,japonologue,,,,3433,
3434,http://www.wikidata.org/entity/Q464029,personnalité politique,NA,NA,,,,3434,
3435,http://www.wikidata.org/entity/Q465989,personnalité politique,NA,NA,,,,3435,
3436,http://www.wikidata.org/entity/Q467781,personnalité politique,avocat-ou-avocate,NA,,,,3436,
3437,http://www.wikidata.org/entity/Q467943,personnalité politique,NA,NA,,,,3437,
3438,http://www.wikidata.org/entity/Q467949,personnalité politique,avocat-ou-avocate,NA,,,,3438,
3439,http://www.wikidata.org/entity/Q47168993,NA,cadres-administratifs-et-commerciaux-d'entreprise,NA,,,,3439,
3440,http://www.wikidata.org/entity/Q47502155,personnalité politique,cadres-administratifs-et-commerciaux-d'entreprise,officiel,,,,3440,
3441,http://www.wikidata.org/entity/Q47539353,personnalité politique,professions-libérales-et-assimilés,profession-libérale,,,,3441,
3442,http://www.wikidata.org/entity/Q47691216,personnalité politique,professions-libérales-et-assimilés,NA,,,,3442,
3443,http://www.wikidata.org/entity/Q477121,personnalité politique,officiel,NA,,,,3443,
3444,http://www.wikidata.org/entity/Q481398,personnalité politique,avocat-ou-avocate,résistant-ou-résistante,,,,3444,
3445,http://www.wikidata.org/entity/Q48321355,personnalité politique,NA,NA,,,,3445,
3446,http://www.wikidata.org/entity/Q4866120,personnalité politique,diplomate,ministre,,,,3446,
3447,http://www.wikidata.org/entity/Q492259,personnalité politique,juge,explorateur-ou-exploratrice,,,,3447,
3448,http://www.wikidata.org/entity/Q49452,personnalité politique,résistant-ou-résistante,ingénieur-ou-ingénieure,,,,3448,
3449,http://www.wikidata.org/entity/Q497610,personnalité politique,NA,NA,,,,3449,
3450,http://www.wikidata.org/entity/Q50384786,personnalité politique,écrivain-ou-écrivaine,fonctionnaire,,,,3450,
3451,http://www.wikidata.org/entity/Q505819,personnalité politique,résistant-ou-résistante,personnalité-politique-locale,,,,3451,
3452,http://www.wikidata.org/entity/Q50938755,personnalité politique,"professeurs,-professions-scientifiques",enseignant-ou-enseignante,,,,3452,
3453,http://www.wikidata.org/entity/Q509407,personnalité politique,cadres-administratifs-et-commerciaux-d'entreprise,professions-intermédiaires-administratives-et-commerciales-des-entreprises,,,,3453,
3454,http://www.wikidata.org/entity/Q510080,personnalité politique,NA,NA,,,,3454,
3455,http://www.wikidata.org/entity/Q511786,personnalité politique,NA,NA,,,,3455,
3456,http://www.wikidata.org/entity/Q514965,personnalité politique,"professeurs,-professions-scientifiques",NA,,,,3456,
3457,http://www.wikidata.org/entity/Q515115,personnalité politique,NA,NA,,,,3457,
3458,http://www.wikidata.org/entity/Q517072,personnalité politique,résistant-ou-résistante,diplomate,,,,3458,
3459,http://www.wikidata.org/entity/Q517196,personnalité politique,NA,NA,,,,3459,
3460,http://www.wikidata.org/entity/Q517765,personnalité politique,anciens-cadres,"professeurs,-professions-scientifiques",,,,3460,
3461,http://www.wikidata.org/entity/Q518421,personnalité politique,résistant-ou-résistante,NA,,,,3461,
3462,http://www.wikidata.org/entity/Q518778,personnalité politique,dessinateur-ou-dessinatrice,NA,,,,3462,
3463,http://www.wikidata.org/entity/Q520375,personnalité politique,professeur-d'université,historien-ou-historienne,,,,3463,
3464,http://www.wikidata.org/entity/Q521021,personnalité politique,permanent-politique,administrateur-des-services-de-l'assemblée-nationale,,,,3464,
3465,http://www.wikidata.org/entity/Q522753,personnalité politique,NA,NA,,,,3465,
3466,http://www.wikidata.org/entity/Q528621,personnalité politique,médecin,NA,,,,3466,
3467,http://www.wikidata.org/entity/Q529554,personnalité politique,personnalité-du-monde-des-affaires,NA,,,,3467,
3468,http://www.wikidata.org/entity/Q530964,personnalité politique,NA,NA,,,,3468,
3469,http://www.wikidata.org/entity/Q532221,personnalité politique,journaliste,écrivain-ou-écrivaine,,,,3469,
3470,http://www.wikidata.org/entity/Q537864,personnalité politique,résistant-ou-résistante,enseignant-ou-enseignante,,,,3470,
3471,http://www.wikidata.org/entity/Q538701,personnalité politique,pharmacien-ou-pharmacienne,chirurgien-dentiste,,,,3471,
3472,http://www.wikidata.org/entity/Q543332,personnalité politique,NA,NA,,,,3472,
3473,http://www.wikidata.org/entity/Q543728,personnalité politique,NA,NA,,,,3473,
3474,http://www.wikidata.org/entity/Q54413736,personnalité politique,NA,NA,,,,3474,
3475,http://www.wikidata.org/entity/Q54415314,personnalité politique,NA,NA,,,,3475,
3476,http://www.wikidata.org/entity/Q544725,NA,NA,NA,,,,3476,
3477,http://www.wikidata.org/entity/Q545467,personnalité politique,NA,NA,,,,3477,
3478,http://www.wikidata.org/entity/Q547525,personnalité politique,avocat-ou-avocate,résistant-ou-résistante,,,,3478,
3479,http://www.wikidata.org/entity/Q550501,personnalité politique,pensionné,NA,,,,3479,
3480,http://www.wikidata.org/entity/Q5506680,personnalité politique,cadres-administratifs-et-commerciaux-d'entreprise,anciennes-professions-intermédiaires,,,,3480,
3481,http://www.wikidata.org/entity/Q555147,personnalité politique,résistant-ou-résistante,journaliste,,,,3481,
3482,http://www.wikidata.org/entity/Q559040,personnalité politique,pensionné,historien-ou-historienne,,,,3482,
3483,http://www.wikidata.org/entity/Q560890,personnalité politique,avocat-ou-avocate,NA,,,,3483,
3484,http://www.wikidata.org/entity/Q560944,personnalité politique,NA,NA,,,,3484,
3485,http://www.wikidata.org/entity/Q56310930,personnalité politique,anciens-cadres,NA,,,,3485,
3486,http://www.wikidata.org/entity/Q56464398,personnalité politique,ingénieurs-et-cadres-techniques-d'entreprise,administrateur-ou-administratrice,,,,3486,
3487,http://www.wikidata.org/entity/Q56556893,personnalité politique,personnes-diverses-sans-activité-professionnelle-de-moins-de-60-ans-sauf-retraités,collaborateur-parlementaire,,,,3487,
3488,http://www.wikidata.org/entity/Q569464,personnalité politique,résistant-ou-résistante,journaliste,,,,3488,
3489,http://www.wikidata.org/entity/Q57394735,personnalité politique,cadres-administratifs-et-commerciaux-d'entreprise,personnes-diverses-sans-activité-professionnelle-de-moins-de-60-ans-sauf-retraités,,,,3489,
3490,http://www.wikidata.org/entity/Q57394737,personnalité politique,agriculteur-ou-agricultrice,agriculteurs-sur-moyenne-exploitation,,,,3490,
3491,http://www.wikidata.org/entity/Q57394738,personnalité politique,NA,NA,,,,3491,
3492,http://www.wikidata.org/entity/Q57394742,personnalité politique,NA,NA,,,,3492,
3493,http://www.wikidata.org/entity/Q574342,personnalité politique,juriste,professeur-d'université,,,,3493,
3494,http://www.wikidata.org/entity/Q57751,personnalité politique,professions-libérales-et-assimilés,médecin,,,,3494,
3495,http://www.wikidata.org/entity/Q58130,personnalité politique,juriste,diplomate,,,,3495,
3496,http://www.wikidata.org/entity/Q58177508,personnalité politique,NA,NA,,,,3496,
3497,http://www.wikidata.org/entity/Q582101,personnalité politique,avocat-ou-avocate,ministre,,,,3497,
3498,http://www.wikidata.org/entity/Q5829,personnalité politique,journaliste,enseignant-ou-enseignante-du-secondaire,,,,3498,
3499,http://www.wikidata.org/entity/Q58869106,personnalité politique,NA,NA,,,,3499,
3500,http://www.wikidata.org/entity/Q588867,personnalité politique,professeur-de-mathématiques,NA,,,,3500,
3501,http://www.wikidata.org/entity/Q5964136,personnalité politique,avocat-ou-avocate,NA,,,,3501,
3502,http://www.wikidata.org/entity/Q602146,personnalité politique,techniciens,NA,,,,3502,
3503,http://www.wikidata.org/entity/Q603262,personnalité politique,écrivain-ou-écrivaine,ministre,,,,3503,
3504,http://www.wikidata.org/entity/Q603288,personnalité politique,ingénieur-ou-ingénieure,NA,,,,3504,
3505,http://www.wikidata.org/entity/Q60604421,personnalité politique,cadres-administratifs-et-commerciaux-d'entreprise,personnes-diverses-sans-activité-professionnelle-de-moins-de-60-ans-sauf-retraités,,,,3505,
3506,http://www.wikidata.org/entity/Q608242,personnalité politique,NA,NA,,,,3506,
3507,http://www.wikidata.org/entity/Q608815,personnalité politique,avocat-ou-avocate,résistant-ou-résistante,,,,3507,
3508,http://www.wikidata.org/entity/Q609661,personnalité politique,avocat-ou-avocate,officiel,,,,3508,
3509,http://www.wikidata.org/entity/Q61014236,personnalité politique,enseignant-ou-enseignante,NA,,,,3509,
3510,http://www.wikidata.org/entity/Q61695321,personnalité politique,professeur-des-écoles,NA,,,,3510,
3511,http://www.wikidata.org/entity/Q61769367,personnalité politique,cadres-administratifs-et-commerciaux-d'entreprise,avocat-ou-avocate,,,,3511,
3512,http://www.wikidata.org/entity/Q61861497,personnalité politique,professions-libérales-et-assimilés,NA,,,,3512,
3513,http://www.wikidata.org/entity/Q61951453,personnalité politique,"professeurs,-professions-scientifiques",professeur-d'université,,,,3513,
3514,http://www.wikidata.org/entity/Q61951618,personnalité politique,professions-libérales-et-assimilés,avocat-ou-avocate,,,,3514,
3515,http://www.wikidata.org/entity/Q62077288,personnalité politique,anciens-cadres,cadre-supérieur-des-entreprises-publiques,,,,3515,
3516,http://www.wikidata.org/entity/Q62077414,personnalité politique,profession-libérale,NA,,,,3516,
3517,http://www.wikidata.org/entity/Q62077510,personnalité politique,fonctionnaire-de-catégorie-b,NA,,,,3517,
3518,http://www.wikidata.org/entity/Q62077701,personnalité politique,cadres-administratifs-et-commerciaux-d'entreprise,personnes-diverses-sans-activité-professionnelle-de-moins-de-60-ans-sauf-retraités,,,,3518,
3519,http://www.wikidata.org/entity/Q62077797,personnalité politique,urbaniste,NA,,,,3519,
3520,http://www.wikidata.org/entity/Q62078135,personnalité politique,personnes-diverses-sans-activité-professionnelle-de-moins-de-60-ans-sauf-retraités,permanent-politique,,,,3520,
3521,http://www.wikidata.org/entity/Q62354,personnalité politique,professions-libérales-et-assimilés,avocat-ou-avocate,,,,3521,
3522,http://www.wikidata.org/entity/Q62388344,personnalité politique,cadres-administratifs-et-commerciaux-d'entreprise,permanent-politique,,,,3522,
3523,http://www.wikidata.org/entity/Q62556737,personnalité politique,militant-ou-militante-politique,NA,,,,3523,
3524,http://www.wikidata.org/entity/Q62578128,personnalité politique,agriculteurs-sur-moyenne-exploitation,exploitant-ou-exploitante-agricole,,,,3524,
3525,http://www.wikidata.org/entity/Q62606907,personnalité politique,NA,NA,,,,3525,
3526,http://www.wikidata.org/entity/Q62616089,personnalité politique,chefs-d'entreprise-de-10-salariés-ou-plus,chef-ou-cheffe-d'entreprise,,,,3526,
3527,http://www.wikidata.org/entity/Q62663934,personnalité politique,chef-ou-cheffe-d'entreprise,artisans,,,,3527,
3528,http://www.wikidata.org/entity/Q62664023,personnalité politique,personnes-diverses-sans-activité-professionnelle-de-moins-de-60-ans-sauf-retraités,NA,,,,3528,
3529,http://www.wikidata.org/entity/Q62664129,personnalité politique,personnes-diverses-sans-activité-professionnelle-de-moins-de-60-ans-sauf-retraités,NA,,,,3529,
3530,http://www.wikidata.org/entity/Q62887660,personnalité politique,commerçants-et-assimilés,salarié,,,,3530,
3531,http://www.wikidata.org/entity/Q62887718,personnalité politique,"professeurs,-professions-scientifiques",NA,,,,3531,
3532,http://www.wikidata.org/entity/Q62887837,personnalité politique,cadres-administratifs-et-commerciaux-d'entreprise,cadre-supérieur,,,,3532,
3533,http://www.wikidata.org/entity/Q62887880,personnalité politique,professions-libérales-et-assimilés,chefs-d'entreprise-de-10-salariés-ou-plus,,,,3533,
3534,http://www.wikidata.org/entity/Q62887924,personnalité politique,professions-intermédiaires-administratives-et-commerciales-des-entreprises,NA,,,,3534,
3535,http://www.wikidata.org/entity/Q6293523,personnalité politique,NA,NA,,,,3535,
3536,http://www.wikidata.org/entity/Q62976462,personnalité politique,cadres-administratifs-et-commerciaux-d'entreprise,personnes-diverses-sans-activité-professionnelle-de-moins-de-60-ans-sauf-retraités,,,,3536,
3537,http://www.wikidata.org/entity/Q630747,personnalité politique,anciens-cadres,pensionné,,,,3537,
3538,http://www.wikidata.org/entity/Q63106626,personnalité politique,techniciens,agent-d'affaires,,,,3538,
3539,http://www.wikidata.org/entity/Q63106633,personnalité politique,NA,NA,,,,3539,
3540,http://www.wikidata.org/entity/Q63106663,personnalité politique,cadres-administratifs-et-commerciaux-d'entreprise,anciennes-professions-intermédiaires,,,,3540,
3541,http://www.wikidata.org/entity/Q63106668,personnalité politique,anciens-cadres,cadre-supérieur,,,,3541,
3542,http://www.wikidata.org/entity/Q63106692,personnalité politique,professions-libérales-et-assimilés,"professeurs,-professions-scientifiques",,,,3542,
3543,http://www.wikidata.org/entity/Q63106704,personnalité politique,professions-libérales-et-assimilés,médecin,,,,3543,
3544,http://www.wikidata.org/entity/Q63106728,personnalité politique,cadres-administratifs-et-commerciaux-d'entreprise,cadre-supérieur,,,,3544,
3545,http://www.wikidata.org/entity/Q63248658,personnalité politique,NA,NA,,,,3545,
3546,http://www.wikidata.org/entity/Q63248686,personnalité politique,cadres-administratifs-et-commerciaux-d'entreprise,ingénieur-ou-ingénieure,,,,3546,
3547,http://www.wikidata.org/entity/Q63275,personnalité politique,NA,NA,,,,3547,
3548,http://www.wikidata.org/entity/Q632930,personnalité politique,médecin,NA,,,,3548,
3549,http://www.wikidata.org/entity/Q63313474,personnalité politique,techniciens,salarié,,,,3549,
3550,http://www.wikidata.org/entity/Q63313476,personnalité politique,cadres-administratifs-et-commerciaux-d'entreprise,professions-intermédiaires-administratives-de-la-fonction-publique,,,,3550,
3551,http://www.wikidata.org/entity/Q63348995,personnalité politique,agriculteur-ou-agricultrice,agriculteurs-sur-moyenne-exploitation,,,,3551,
3552,http://www.wikidata.org/entity/Q63349008,personnalité politique,cadres-administratifs-et-commerciaux-d'entreprise,chef-ou-cheffe-d'entreprise,,,,3552,
3553,http://www.wikidata.org/entity/Q63349050,personnalité politique,employés-administratifs-d'entreprise,salarié-du-secteur-médical,,,,3553,
3554,http://www.wikidata.org/entity/Q63349080,personnalité politique,professions-libérales-et-assimilés,NA,,,,3554,
3555,http://www.wikidata.org/entity/Q63371021,personnalité politique,anciens-employés,NA,,,,3555,
3556,http://www.wikidata.org/entity/Q63371061,personnalité politique,professions-libérales-et-assimilés,chef-ou-cheffe-d'entreprise,,,,3556,
3557,http://www.wikidata.org/entity/Q63371085,personnalité politique,professions-libérales-et-assimilés,avocat-ou-avocate,,,,3557,
3558,http://www.wikidata.org/entity/Q63371106,personnalité politique,professions-libérales-et-assimilés,profession-libérale,,,,3558,
3559,http://www.wikidata.org/entity/Q63371180,personnalité politique,chefs-d'entreprise-de-10-salariés-ou-plus,cadre-des-entreprises-publiques,,,,3559,
3560,http://www.wikidata.org/entity/Q63411723,personnalité politique,agriculteurs-sur-moyenne-exploitation,exploitant-ou-exploitante-agricole,,,,3560,
3561,http://www.wikidata.org/entity/Q63411806,personnalité politique,professions-libérales-et-assimilés,avocat-ou-avocate,,,,3561,
3562,http://www.wikidata.org/entity/Q63436533,personnalité politique,NA,NA,,,,3562,
3563,http://www.wikidata.org/entity/Q63488161,personnalité politique,cadres-administratifs-et-commerciaux-d'entreprise,NA,,,,3563,
3564,http://www.wikidata.org/entity/Q63488174,personnalité politique,chefs-d'entreprise-de-10-salariés-ou-plus,commerçants-et-assimilés,,,,3564,
3565,http://www.wikidata.org/entity/Q63488178,personnalité politique,personnes-diverses-sans-activité-professionnelle-de-moins-de-60-ans-sauf-retraités,permanent-politique,,,,3565,
3566,http://www.wikidata.org/entity/Q63490352,personnalité politique,cadres-administratifs-et-commerciaux-d'entreprise,NA,,,,3566,
3567,http://www.wikidata.org/entity/Q63490360,personnalité politique,cadres-administratifs-et-commerciaux-d'entreprise,cadre-d'entreprise,,,,3567,
3568,http://www.wikidata.org/entity/Q63607678,personnalité politique,personnes-diverses-sans-activité-professionnelle-de-moins-de-60-ans-sauf-retraités,NA,,,,3568,
3569,http://www.wikidata.org/entity/Q63607760,personnalité politique,fonctionnaire-de-catégorie-a,NA,,,,3569,
3570,http://www.wikidata.org/entity/Q63610735,personnalité politique,fonctionnaire-de-catégorie-a,NA,,,,3570,
3571,http://www.wikidata.org/entity/Q63615187,personnalité politique,professions-libérales-et-assimilés,avocat-ou-avocate,,,,3571,
3572,http://www.wikidata.org/entity/Q63618,personnalité politique,NA,NA,,,,3572,
3573,http://www.wikidata.org/entity/Q63628,personnalité politique,NA,NA,,,,3573,
3574,http://www.wikidata.org/entity/Q636424,personnalité politique,écrivain-ou-écrivaine,animateur-ou-animatrice-de-télévision,,,,3574,
3575,http://www.wikidata.org/entity/Q63655,personnalité politique,NA,NA,,,,3575,
3576,http://www.wikidata.org/entity/Q637002,personnalité politique,NA,NA,,,,3576,
3577,http://www.wikidata.org/entity/Q63763125,personnalité politique,agriculteurs-sur-moyenne-exploitation,viticulteur-ou-viticultrice,,,,3577,
3578,http://www.wikidata.org/entity/Q63763416,personnalité politique,NA,NA,,,,3578,
3579,http://www.wikidata.org/entity/Q63763665,personnalité politique,professions-libérales-et-assimilés,profession-libérale,,,,3579,
3580,http://www.wikidata.org/entity/Q63763800,personnalité politique,"professeurs,-professions-scientifiques",enseignant-ou-enseignante-du-secondaire,,,,3580,
3581,http://www.wikidata.org/entity/Q63763869,personnalité politique,permanent-politique,NA,,,,3581,
3582,http://www.wikidata.org/entity/Q63763891,personnalité politique,anciens-cadres,"professeurs,-professions-scientifiques",,,,3582,
3583,http://www.wikidata.org/entity/Q63763983,personnalité politique,pensionné,banquier,,,,3583,
3584,http://www.wikidata.org/entity/Q63763998,personnalité politique,anciens-cadres,cadre-d'entreprise,,,,3584,
3585,http://www.wikidata.org/entity/Q63764288,personnalité politique,ingénieurs-et-cadres-techniques-d'entreprise,ingénieur-ou-ingénieure,,,,3585,
3586,http://www.wikidata.org/entity/Q63764321,personnalité politique,salarié,employé-du-secteur-privé,,,,3586,
3587,http://www.wikidata.org/entity/Q63764362,personnalité politique,ingénieur-ou-ingénieure,NA,,,,3587,
3588,http://www.wikidata.org/entity/Q63764370,personnalité politique,"professeurs-des-écoles,-instituteurs-et-assimilés",instituteur-ou-institutrice,,,,3588,
3589,http://www.wikidata.org/entity/Q63764396,personnalité politique,cadres-administratifs-et-commerciaux-d'entreprise,anciens-cadres,,,,3589,
3590,http://www.wikidata.org/entity/Q63764562,personnalité politique,NA,NA,,,,3590,
3591,http://www.wikidata.org/entity/Q63764691,personnalité politique,exploitant-ou-exploitante-agricole,agriculteurs-sur-grande-exploitation,,,,3591,
3592,http://www.wikidata.org/entity/Q63764754,personnalité politique,cadres-administratifs-et-commerciaux-d'entreprise,cadre-des-entreprises-publiques,,,,3592,
3593,http://www.wikidata.org/entity/Q63764899,personnalité politique,management-intermédiaire,NA,,,,3593,
3594,http://www.wikidata.org/entity/Q63764906,personnalité politique,management-intermédiaire,NA,,,,3594,
3595,http://www.wikidata.org/entity/Q63764974,personnalité politique,personnes-diverses-sans-activité-professionnelle-de-moins-de-60-ans-sauf-retraités,cadre-supérieur-des-entreprises-publiques,,,,3595,
3596,http://www.wikidata.org/entity/Q63765024,personnalité politique,exploitant-ou-exploitante-agricole,agriculteurs-sur-petite-exploitation,,,,3596,
3597,http://www.wikidata.org/entity/Q63765036,personnalité politique,fonctionnaire-de-catégorie-a,NA,,,,3597,
3598,http://www.wikidata.org/entity/Q63765243,personnalité politique,professions-libérales-et-assimilés,avocat-ou-avocate,,,,3598,
3599,http://www.wikidata.org/entity/Q63765537,personnalité politique,professions-libérales-et-assimilés,anciens-cadres,,,,3599,
3600,http://www.wikidata.org/entity/Q63765570,personnalité politique,"professeurs,-professions-scientifiques",personnes-diverses-sans-activité-professionnelle-de-moins-de-60-ans-sauf-retraités,,,,3600,
3601,http://www.wikidata.org/entity/Q63765586,personnalité politique,NA,NA,,,,3601,
3602,http://www.wikidata.org/entity/Q63765634,personnalité politique,professions-intermédiaires-de-la-santé-et-du-travail-social,employé-du-secteur-privé,,,,3602,
3603,http://www.wikidata.org/entity/Q63765654,personnalité politique,NA,NA,,,,3603,
3604,http://www.wikidata.org/entity/Q63765672,personnalité politique,chefs-d'entreprise-de-10-salariés-ou-plus,chef-ou-cheffe-d'entreprise,,,,3604,
3605,http://www.wikidata.org/entity/Q63765776,personnalité politique,NA,NA,,,,3605,
3606,http://www.wikidata.org/entity/Q63765892,personnalité politique,"professeurs,-professions-scientifiques",enseignant-ou-enseignante-du-secondaire,,,,3606,
3607,http://www.wikidata.org/entity/Q63765953,personnalité politique,management-intermédiaire,NA,,,,3607,
3608,http://www.wikidata.org/entity/Q63765981,personnalité politique,anciens-cadres,pensionné,,,,3608,
3609,http://www.wikidata.org/entity/Q63766059,personnalité politique,anciens-cadres,instituteur-ou-institutrice,,,,3609,
3610,http://www.wikidata.org/entity/Q63766062,personnalité politique,NA,NA,,,,3610,
3611,http://www.wikidata.org/entity/Q63766071,personnalité politique,cadres-administratifs-et-commerciaux-d'entreprise,"professeurs,-professions-scientifiques",,,,3611,
3612,http://www.wikidata.org/entity/Q63766076,personnalité politique,"professeurs,-professions-scientifiques",médecin,,,,3612,
3613,http://www.wikidata.org/entity/Q63766180,personnalité politique,chefs-d'entreprise-de-10-salariés-ou-plus,chef-ou-cheffe-d'entreprise,,,,3613,
3614,http://www.wikidata.org/entity/Q63766395,personnalité politique,cadres-administratifs-et-commerciaux-d'entreprise,cadre-supérieur,,,,3614,
3615,http://www.wikidata.org/entity/Q63766396,personnalité politique,"professeurs,-professions-scientifiques",enseignant-ou-enseignante-du-secondaire,,,,3615,
3616,http://www.wikidata.org/entity/Q63766436,personnalité politique,cadre-supérieur,NA,,,,3616,
3617,http://www.wikidata.org/entity/Q63766451,personnalité politique,cadres-administratifs-et-commerciaux-d'entreprise,cadre-d'entreprise,,,,3617,
3618,http://www.wikidata.org/entity/Q63766458,personnalité politique,personnes-diverses-sans-activité-professionnelle-de-moins-de-60-ans-sauf-retraités,conseiller-juridique,,,,3618,
3619,http://www.wikidata.org/entity/Q63766507,personnalité politique,cadres-administratifs-et-commerciaux-d'entreprise,cadre-supérieur,,,,3619,
3620,http://www.wikidata.org/entity/Q63766698,personnalité politique,NA,NA,,,,3620,
3621,http://www.wikidata.org/entity/Q63766741,personnalité politique,"anciens-artisans,-commerçants,-chefs-d'entreprise",NA,,,,3621,
3622,http://www.wikidata.org/entity/Q63766749,personnalité politique,personnes-diverses-sans-activité-professionnelle-de-moins-de-60-ans-sauf-retraités,NA,,,,3622,
3623,http://www.wikidata.org/entity/Q63766761,personnalité politique,personnes-diverses-sans-activité-professionnelle-de-moins-de-60-ans-sauf-retraités,NA,,,,3623,
3624,http://www.wikidata.org/entity/Q640830,personnalité politique,banquier,NA,,,,3624,
3625,http://www.wikidata.org/entity/Q642640,personnalité politique,NA,NA,,,,3625,
3626,http://www.wikidata.org/entity/Q64281962,personnalité politique,cadres-administratifs-et-commerciaux-d'entreprise,NA,,,,3626,
3627,http://www.wikidata.org/entity/Q64463,personnalité politique,chefs-d'entreprise-de-10-salariés-ou-plus,NA,,,,3627,
3628,http://www.wikidata.org/entity/Q645945,personnalité politique,vétérinaire,NA,,,,3628,
3629,http://www.wikidata.org/entity/Q646344,personnalité politique,NA,NA,,,,3629,
3630,http://www.wikidata.org/entity/Q65458502,personnalité politique,NA,NA,,,,3630,
3631,http://www.wikidata.org/entity/Q65564667,personnalité politique,fonctionnaire-de-catégorie-a,NA,,,,3631,
3632,http://www.wikidata.org/entity/Q65569133,personnalité politique,ingénieurs-et-cadres-techniques-d'entreprise,ingénieur-ou-ingénieure,,,,3632,
3633,http://www.wikidata.org/entity/Q65569826,personnalité politique,chef-ou-cheffe-d'entreprise,commerçants-et-assimilés,,,,3633,
3634,http://www.wikidata.org/entity/Q65574870,personnalité politique,cadres-administratifs-et-commerciaux-d'entreprise,fonctionnaire-de-catégorie-b,,,,3634,
3635,http://www.wikidata.org/entity/Q65579310,personnalité politique,anciennes-professions-intermédiaires,techniciens,,,,3635,
3636,http://www.wikidata.org/entity/Q65580703,personnalité politique,anciens-cadres,chefs-d'entreprise-de-10-salariés-ou-plus,,,,3636,
3637,http://www.wikidata.org/entity/Q65580790,personnalité politique,anciens-cadres,ingénieur-ou-ingénieure,,,,3637,
3638,http://www.wikidata.org/entity/Q65586948,personnalité politique,"professeurs,-professions-scientifiques",instituteur-ou-institutrice,,,,3638,
3639,http://www.wikidata.org/entity/Q65589759,personnalité politique,ingénieurs-et-cadres-techniques-d'entreprise,cadre-d'entreprise,,,,3639,
3640,http://www.wikidata.org/entity/Q65590818,personnalité politique,agriculteurs-sur-moyenne-exploitation,exploitant-ou-exploitante-agricole,,,,3640,
3641,http://www.wikidata.org/entity/Q65591952,personnalité politique,pensionné,anciennes-professions-intermédiaires,,,,3641,
3642,http://www.wikidata.org/entity/Q65592000,personnalité politique,exploitant-ou-exploitante-agricole,anciens-agriculteurs-exploitants,,,,3642,
3643,http://www.wikidata.org/entity/Q65592981,personnalité politique,professions-libérales-et-assimilés,profession-libérale,,,,3643,
3644,http://www.wikidata.org/entity/Q65593196,personnalité politique,chefs-d'entreprise-de-10-salariés-ou-plus,chef-ou-cheffe-d'entreprise,,,,3644,
3645,http://www.wikidata.org/entity/Q65594337,personnalité politique,cadre-supérieur-des-entreprises-publiques,NA,,,,3645,
3646,http://www.wikidata.org/entity/Q65594765,personnalité politique,ingénieurs-et-cadres-techniques-d'entreprise,ingénieur-ou-ingénieure,,,,3646,
3647,http://www.wikidata.org/entity/Q65595002,personnalité politique,ingénieurs-et-cadres-techniques-d'entreprise,ingénieur-ou-ingénieure,,,,3647,
3648,http://www.wikidata.org/entity/Q65595138,personnalité politique,cadres-administratifs-et-commerciaux-d'entreprise,cadre-supérieur,,,,3648,
3649,http://www.wikidata.org/entity/Q65598002,personnalité politique,pensionné,NA,,,,3649,
3650,http://www.wikidata.org/entity/Q65601249,personnalité politique,"professeurs,-professions-scientifiques",enseignant-ou-enseignante-du-secondaire,,,,3650,
3651,http://www.wikidata.org/entity/Q65602224,personnalité politique,professions-libérales-et-assimilés,cadre-d'entreprise,,,,3651,
3652,http://www.wikidata.org/entity/Q65603176,personnalité politique,professions-libérales-et-assimilés,ingénieurs-et-cadres-techniques-d'entreprise,,,,3652,
3653,http://www.wikidata.org/entity/Q65605995,personnalité politique,professions-libérales-et-assimilés,profession-libérale,,,,3653,
3654,http://www.wikidata.org/entity/Q65606314,personnalité politique,cadres-administratifs-et-commerciaux-d'entreprise,chefs-d'entreprise-de-10-salariés-ou-plus,,,,3654,
3655,http://www.wikidata.org/entity/Q662153,personnalité politique,NA,NA,,,,3655,
3656,http://www.wikidata.org/entity/Q662406,personnalité politique,journaliste,diplomate,,,,3656,
3657,http://www.wikidata.org/entity/Q662414,personnalité politique,NA,NA,,,,3657,
3658,http://www.wikidata.org/entity/Q663987,personnalité politique,NA,NA,,,,3658,
3659,http://www.wikidata.org/entity/Q67080238,personnalité politique,NA,NA,,,,3659,
3660,http://www.wikidata.org/entity/Q670809,personnalité politique,journaliste,NA,,,,3660,
3661,http://www.wikidata.org/entity/Q674260,personnalité politique,NA,NA,,,,3661,
3662,http://www.wikidata.org/entity/Q6755549,personnalité politique,NA,NA,,,,3662,
3663,http://www.wikidata.org/entity/Q681613,personnalité politique,"professeurs,-professions-scientifiques",parlementaire,,,,3663,
3664,http://www.wikidata.org/entity/Q691457,personnalité politique,journaliste,écrivain-ou-écrivaine,,,,3664,
3665,http://www.wikidata.org/entity/Q6950047,personnalité politique,NA,NA,,,,3665,
3666,http://www.wikidata.org/entity/Q699510,personnalité politique,résistant-ou-résistante,professeur-d'université,,,,3666,
3667,http://www.wikidata.org/entity/Q704846,personnalité politique,officiel,écrivain-ou-écrivaine,,,,3667,
3668,http://www.wikidata.org/entity/Q707980,personnalité politique,NA,NA,,,,3668,
3669,http://www.wikidata.org/entity/Q707984,personnalité politique,NA,NA,,,,3669,
3670,http://www.wikidata.org/entity/Q711098,personnalité politique,professeur-d'université,écrivain-ou-écrivaine,,,,3670,
3671,http://www.wikidata.org/entity/Q7126976,personnalité politique,NA,NA,,,,3671,
3672,http://www.wikidata.org/entity/Q713235,personnalité politique,politologue,magistrat-ou-magistrate,,,,3672,
3673,http://www.wikidata.org/entity/Q713296,personnalité politique,NA,NA,,,,3673,
3674,http://www.wikidata.org/entity/Q713316,personnalité politique,avocat-ou-avocate,militaire,,,,3674,
3675,http://www.wikidata.org/entity/Q714774,personnalité politique,NA,NA,,,,3675,
3676,http://www.wikidata.org/entity/Q71567030,personnalité politique,cadres-administratifs-et-commerciaux-d'entreprise,NA,,,,3676,
3677,http://www.wikidata.org/entity/Q7177,personnalité politique,avocat-ou-avocate,NA,,,,3677,
3678,http://www.wikidata.org/entity/Q718225,personnalité politique,ministre,homme-ou-femme-d'État,,,,3678,
3679,http://www.wikidata.org/entity/Q725694,personnalité politique,ministre,judoka,,,,3679,
3680,http://www.wikidata.org/entity/Q728645,personnalité politique,ministre,personnalité-du-monde-des-affaires,,,,3680,
3681,http://www.wikidata.org/entity/Q728906,personnalité politique,NA,NA,,,,3681,
3682,http://www.wikidata.org/entity/Q731629,personnalité politique,"professeurs,-professions-scientifiques",professeur-d'université,,,,3682,
3683,http://www.wikidata.org/entity/Q731633,personnalité politique,NA,NA,,,,3683,
3684,http://www.wikidata.org/entity/Q73414972,personnalité politique,diplomate,NA,,,,3684,
3685,http://www.wikidata.org/entity/Q736013,personnalité politique,cadres-administratifs-et-commerciaux-d'entreprise,professions-libérales-et-assimilés,,,,3685,
3686,http://www.wikidata.org/entity/Q736502,personnalité politique,NA,NA,,,,3686,
3687,http://www.wikidata.org/entity/Q737204,personnalité politique,"professeurs,-professions-scientifiques",anciennes-professions-intermédiaires,,,,3687,
3688,http://www.wikidata.org/entity/Q737311,personnalité politique,avocat-ou-avocate,entrepreneur-ou-entrepreneuse,,,,3688,
3689,http://www.wikidata.org/entity/Q7399901,personnalité politique,NA,NA,,,,3689,
3690,http://www.wikidata.org/entity/Q743479,personnalité politique,NA,NA,,,,3690,
3691,http://www.wikidata.org/entity/Q749029,personnalité politique,personnes-diverses-sans-activité-professionnelle-de-60-ans-et-plus-sauf-retraités,ministre,,,,3691,
3692,http://www.wikidata.org/entity/Q761795,personnalité politique,médecin,professeur-d'université,,,,3692,
3693,http://www.wikidata.org/entity/Q764381,personnalité politique,résistant-ou-résistante,NA,,,,3693,
3694,http://www.wikidata.org/entity/Q765852,personnalité politique,NA,NA,,,,3694,
3695,http://www.wikidata.org/entity/Q771097,personnalité politique,résistant-ou-résistante,officiel,,,,3695,
3696,http://www.wikidata.org/entity/Q7711,personnalité politique,NA,NA,,,,3696,
3697,http://www.wikidata.org/entity/Q777954,personnalité politique,NA,NA,,,,3697,
3698,http://www.wikidata.org/entity/Q781970,personnalité politique,médecin,NA,,,,3698,
3699,http://www.wikidata.org/entity/Q784751,personnalité politique,avocat-ou-avocate,juriste,,,,3699,
3700,http://www.wikidata.org/entity/Q787494,personnalité politique,NA,NA,,,,3700,
3701,http://www.wikidata.org/entity/Q787956,personnalité politique,NA,NA,,,,3701,
3702,http://www.wikidata.org/entity/Q78949808,personnalité politique,NA,NA,,,,3702,
3703,http://www.wikidata.org/entity/Q798242,personnalité politique,ministre,NA,,,,3703,
3704,http://www.wikidata.org/entity/Q799291,personnalité politique,NA,NA,,,,3704,
3705,http://www.wikidata.org/entity/Q80103374,personnalité politique,historien-ou-historienne,NA,,,,3705,
3706,http://www.wikidata.org/entity/Q810647,personnalité politique,résistant-ou-résistante,NA,,,,3706,
3707,http://www.wikidata.org/entity/Q817425,personnalité politique,NA,NA,,,,3707,
3708,http://www.wikidata.org/entity/Q818118,personnalité politique,NA,NA,,,,3708,
3709,http://www.wikidata.org/entity/Q81923,personnalité politique,avocat-ou-avocate,NA,,,,3709,
3710,http://www.wikidata.org/entity/Q822237,personnalité politique,médecin,NA,,,,3710,
3711,http://www.wikidata.org/entity/Q822594,personnalité politique,résistant-ou-résistante,journaliste,,,,3711,
3712,http://www.wikidata.org/entity/Q822671,personnalité politique,anciennes-professions-intermédiaires,NA,,,,3712,
3713,http://www.wikidata.org/entity/Q826275,personnalité politique,avocat-ou-avocate,juriste,,,,3713,
3714,http://www.wikidata.org/entity/Q8308466,personnalité politique,NA,NA,,,,3714,
3715,http://www.wikidata.org/entity/Q8309681,personnalité politique,NA,NA,,,,3715,
3716,http://www.wikidata.org/entity/Q8310030,personnalité politique,NA,NA,,,,3716,
3717,http://www.wikidata.org/entity/Q8310248,personnalité politique,avocat-ou-avocate,résistant-ou-résistante,,,,3717,
3718,http://www.wikidata.org/entity/Q8312672,personnalité politique,NA,NA,,,,3718,
3719,http://www.wikidata.org/entity/Q8316391,personnalité politique,résistant-ou-résistante,NA,,,,3719,
3720,http://www.wikidata.org/entity/Q8316878,personnalité politique,NA,NA,,,,3720,
3721,http://www.wikidata.org/entity/Q8317977,personnalité politique,NA,NA,,,,3721,
3722,http://www.wikidata.org/entity/Q8318372,personnalité politique,NA,NA,,,,3722,
3723,http://www.wikidata.org/entity/Q8318435,personnalité politique,NA,NA,,,,3723,
3724,http://www.wikidata.org/entity/Q8320637,personnalité politique,NA,NA,,,,3724,
3725,http://www.wikidata.org/entity/Q8329895,personnalité politique,NA,NA,,,,3725,
3726,http://www.wikidata.org/entity/Q8329980,personnalité politique,NA,NA,,,,3726,
3727,http://www.wikidata.org/entity/Q8339415,personnalité politique,NA,NA,,,,3727,
3728,http://www.wikidata.org/entity/Q8339787,personnalité politique,NA,NA,,,,3728,
3729,http://www.wikidata.org/entity/Q8341063,personnalité politique,NA,NA,,,,3729,
3730,http://www.wikidata.org/entity/Q85304039,cadres-de-la-fonction-publique,NA,NA,,,,3730,
3731,http://www.wikidata.org/entity/Q85328250,personnalité politique,avocat-ou-avocate,NA,,,,3731,
3732,http://www.wikidata.org/entity/Q867150,personnalité politique,NA,NA,,,,3732,
3733,http://www.wikidata.org/entity/Q868318,personnalité politique,anciens-cadres,pensionné,,,,3733,
3734,http://www.wikidata.org/entity/Q868322,personnalité politique,NA,NA,,,,3734,
3735,http://www.wikidata.org/entity/Q87116010,personnalité politique,NA,NA,,,,3735,
3736,http://www.wikidata.org/entity/Q871444,personnalité politique,NA,NA,,,,3736,
3737,http://www.wikidata.org/entity/Q87324505,personnalité politique,NA,NA,,,,3737,
3738,http://www.wikidata.org/entity/Q882038,personnalité politique,diplomate,militaire,,,,3738,
3739,http://www.wikidata.org/entity/Q88977914,personnalité politique,professions-libérales-et-assimilés,avocat-ou-avocate,,,,3739,
3740,http://www.wikidata.org/entity/Q892174,personnalité politique,ingénieur-ou-ingénieure,NA,,,,3740,
3741,http://www.wikidata.org/entity/Q895873,personnalité politique,pensionné,NA,,,,3741,
3742,http://www.wikidata.org/entity/Q919918,personnalité politique,NA,NA,,,,3742,
3743,http://www.wikidata.org/entity/Q920188,personnalité politique,pensionné,NA,,,,3743,
3744,http://www.wikidata.org/entity/Q924976,personnalité politique,anciens-cadres,NA,,,,3744,
3745,http://www.wikidata.org/entity/Q926639,personnalité politique,personnalité-du-monde-des-affaires,NA,,,,3745,
3746,http://www.wikidata.org/entity/Q929334,personnalité politique,diplomate,écrivain-ou-écrivaine,,,,3746,
3747,http://www.wikidata.org/entity/Q930418,personnalité politique,NA,NA,,,,3747,
3748,http://www.wikidata.org/entity/Q930590,personnalité politique,NA,NA,,,,3748,
3749,http://www.wikidata.org/entity/Q931320,personnalité politique,NA,NA,,,,3749,
3750,http://www.wikidata.org/entity/Q937091,personnalité politique,NA,NA,,,,3750,
3751,http://www.wikidata.org/entity/Q937175,personnalité politique,NA,NA,,,,3751,
3752,http://www.wikidata.org/entity/Q938263,personnalité politique,maire,parlementaire,,,,3752,
3753,http://www.wikidata.org/entity/Q938547,personnalité politique,NA,NA,,,,3753,
3754,http://www.wikidata.org/entity/Q945181,personnalité politique,permanent-politique,NA,,,,3754,
3755,http://www.wikidata.org/entity/Q951678,personnalité politique,NA,NA,,,,3755,
3756,http://www.wikidata.org/entity/Q954006,personnalité politique,avocat-ou-avocate,magistrat-ou-magistrate,,,,3756,
3757,http://www.wikidata.org/entity/Q956428,personnalité politique,escrimeur-ou-escrimeuse,NA,,,,3757,
3758,http://www.wikidata.org/entity/Q95680122,personnalité politique,NA,NA,,,,3758,
3759,http://www.wikidata.org/entity/Q957415,personnalité politique,avocat-ou-avocate,anciens-cadres,,,,3759,
3760,http://www.wikidata.org/entity/Q959067,personnalité politique,physicien-ou-physicienne,NA,,,,3760,
3761,http://www.wikidata.org/entity/Q959482,personnalité politique,historien-ou-historienne,professeur-d'histoire-géographie,,,,3761,
3762,http://www.wikidata.org/entity/Q960150,personnalité politique,anciens-cadres,"professeurs,-professions-scientifiques",,,,3762,
3763,http://www.wikidata.org/entity/Q960474,personnalité politique,ingénieur-ou-ingénieure,NA,,,,3763,
3764,http://www.wikidata.org/entity/Q960643,personnalité politique,politologue,enseignant-chercheur-ou-enseignante-chercheuse,,,,3764,
3765,http://www.wikidata.org/entity/Q960706,personnalité politique,NA,NA,,,,3765,
3766,http://www.wikidata.org/entity/Q96176039,personnalité politique,cadres-administratifs-et-commerciaux-d'entreprise,NA,,,,3766,
3767,http://www.wikidata.org/entity/Q962466,personnalité politique,NA,NA,,,,3767,
3768,http://www.wikidata.org/entity/Q962891,personnalité politique,anciens-cadres,pensionné,,,,3768,
3769,http://www.wikidata.org/entity/Q962903,personnalité politique,pensionné,pharmacien-ou-pharmacienne,,,,3769,
3770,http://www.wikidata.org/entity/Q96463563,personnalité politique,personnes-diverses-sans-activité-professionnelle-de-moins-de-60-ans-sauf-retraités,professions-intermédiaires-administratives-et-commerciales-des-entreprises,,,,3770,
3771,http://www.wikidata.org/entity/Q965109,personnalité politique,avocat-ou-avocate,journaliste,,,,3771,
3772,http://www.wikidata.org/entity/Q96631873,personnalité politique,officiel,NA,,,,3772,
3773,http://www.wikidata.org/entity/Q966529,personnalité politique,anciens-cadres,personnes-diverses-sans-activité-professionnelle-de-moins-de-60-ans-sauf-retraités,,,,3773,
3774,http://www.wikidata.org/entity/Q97012752,personnalité politique,chefs-d'entreprise-de-10-salariés-ou-plus,commerçants-et-assimilés,,,,3774,
3775,http://www.wikidata.org/entity/Q97038480,personnalité politique,syndicaliste,NA,,,,3775,
3776,http://www.wikidata.org/entity/Q97164708,personnalité politique,NA,NA,,,,3776,
3777,http://www.wikidata.org/entity/Q97165502,personnalité politique,anciens-employés,NA,,,,3777,
3778,http://www.wikidata.org/entity/Q97337111,personnalité politique,NA,NA,,,,3778,
3779,http://www.wikidata.org/entity/Q97369050,personnalité politique,NA,NA,,,,3779,
3780,http://www.wikidata.org/entity/Q97403325,personnalité politique,NA,NA,,,,3780,
3781,http://www.wikidata.org/entity/Q97405844,personnalité politique,anciens-cadres,personnes-diverses-sans-activité-professionnelle-de-60-ans-et-plus-sauf-retraités,,,,3781,
3782,http://www.wikidata.org/entity/Q976436,personnalité politique,anciens-cadres,NA,,,,3782,
3783,http://www.wikidata.org/entity/Q976492,personnalité politique,NA,NA,,,,3783,
3784,http://www.wikidata.org/entity/Q97695863,personnalité politique,collaborateur-parlementaire,NA,,,,3784,
3785,http://www.wikidata.org/entity/Q97704794,personnalité politique,NA,NA,,,,3785,
3786,http://www.wikidata.org/entity/Q97704796,personnalité politique,NA,NA,,,,3786,
3787,http://www.wikidata.org/entity/Q97704921,personnalité politique,NA,NA,,,,3787,
3788,http://www.wikidata.org/entity/Q97704924,personnalité politique,ostéopathe,NA,,,,3788,
3789,http://www.wikidata.org/entity/Q977974,personnalité politique,avocat-ou-avocate,NA,,,,3789,
3790,http://www.wikidata.org/entity/Q980660,personnalité politique,NA,NA,,,,3790,
3791,http://www.wikidata.org/entity/Q981661,personnalité politique,avocat-ou-avocate,juriste,,,,3791,
3792,http://www.wikidata.org/entity/Q98229814,personnalité politique,cadres-administratifs-et-commerciaux-d'entreprise,professions-libérales-et-assimilés,,,,3792,
3793,http://www.wikidata.org/entity/Q98231860,personnalité politique,"professeurs,-professions-scientifiques","professeurs-des-écoles,-instituteurs-et-assimilés",,,,3793,
3794,http://www.wikidata.org/entity/Q98233377,personnalité politique,cadres-administratifs-et-commerciaux-d'entreprise,NA,,,,3794,
3795,http://www.wikidata.org/entity/Q98233678,personnalité politique,NA,NA,,,,3795,
3796,http://www.wikidata.org/entity/Q98233970,personnalité politique,cadres-administratifs-et-commerciaux-d'entreprise,chefs-d'entreprise-de-10-salariés-ou-plus,,,,3796,
3797,http://www.wikidata.org/entity/Q98234433,personnalité politique,cadres-administratifs-et-commerciaux-d'entreprise,NA,,,,3797,
3798,http://www.wikidata.org/entity/Q98236043,personnalité politique,chefs-d'entreprise-de-10-salariés-ou-plus,NA,,,,3798,
3799,http://www.wikidata.org/entity/Q98236068,personnalité politique,professions-intermédiaires-administratives-de-la-fonction-publique,NA,,,,3799,
3800,http://www.wikidata.org/entity/Q98236409,personnalité politique,agriculteurs-sur-moyenne-exploitation,NA,,,,3800,
3801,http://www.wikidata.org/entity/Q98238168,personnalité politique,anciens-cadres,anciens-employés,,,,3801,
3802,http://www.wikidata.org/entity/Q98238527,personnalité politique,cadres-administratifs-et-commerciaux-d'entreprise,"anciens-artisans,-commerçants,-chefs-d'entreprise",,,,3802,
3803,http://www.wikidata.org/entity/Q98239187,personnalité politique,NA,NA,,,,3803,
3804,http://www.wikidata.org/entity/Q98246172,personnalité politique,NA,NA,,,,3804,
3805,http://www.wikidata.org/entity/Q98249705,personnalité politique,ouvriers-qualifiés-de-type-industriel,NA,,,,3805,
3806,http://www.wikidata.org/entity/Q98251464,personnalité politique,cadres-administratifs-et-commerciaux-d'entreprise,NA,,,,3806,
3807,http://www.wikidata.org/entity/Q983563,personnalité politique,pensionné,NA,,,,3807,
3808,http://www.wikidata.org/entity/Q984375,personnalité politique,ministre,NA,,,,3808,
3809,http://www.wikidata.org/entity/Q984381,personnalité politique,économiste,NA,,,,3809,
3810,http://www.wikidata.org/entity/Q98556479,personnalité politique,"professeurs,-professions-scientifiques",enseignant-ou-enseignante-du-secondaire,,,,3810,
3811,http://www.wikidata.org/entity/Q98636732,personnalité politique,professions-libérales-et-assimilés,NA,,,,3811,
3812,http://www.wikidata.org/entity/Q993472,personnalité politique,diplomate,fonctionnaire,,,,3812,
3813,http://www.wikidata.org/entity/Q993611,personnalité politique,officiel,NA,,,,3813,
3814,http://www.wikidata.org/entity/Q99627308,personnalité politique,anciens-cadres,NA,,,,3814,
3815,http://www.wikidata.org/entity/Q99627615,personnalité politique,cadres-administratifs-et-commerciaux-d'entreprise,"professeurs,-professions-scientifiques",,,,3815,
3816,http://www.wikidata.org/entity/Q99670641,personnalité politique,"professeurs-des-écoles,-instituteurs-et-assimilés",NA,,,,3816,
3817,http://www.wikidata.org/entity/Q99673071,personnalité politique,NA,NA,,,,3817,
3818,http://www.wikidata.org/entity/Q99676887,personnalité politique,professions-libérales-et-assimilés,expert-comptable,,,,3818,
