person_uri,organisation_uri,organisation_label,relationship
http://www.wikidata.org/entity/Q101410,http://www.wikidata.org/entity/Q1155944,université Paris-Descartes,education
http://www.wikidata.org/entity/Q101410,http://www.wikidata.org/entity/Q2971533,château des Perrais,education
http://www.wikidata.org/entity/Q101410,http://www.wikidata.org/entity/Q3268939,lycée Sainte-Croix,education
http://www.wikidata.org/entity/Q101410,http://www.wikidata.org/entity/Q55849612,université Paris-Cité,education
http://www.wikidata.org/entity/Q101410,http://www.wikidata.org/entity/Q834825,Université du Mans,education
http://www.wikidata.org/entity/Q101410,http://www.wikidata.org/entity/Q859363,Institut d'études politiques de Paris,education
http://www.wikidata.org/entity/Q101410,http://www.wikidata.org/entity/Q939743,Assemblée parlementaire du Conseil de l'Europe,membership
http://www.wikidata.org/entity/Q1027406,http://www.wikidata.org/entity/Q1252062,Institut d'études politiques de Bordeaux,education
http://www.wikidata.org/entity/Q10287,http://www.wikidata.org/entity/Q999763,université Paris-I-Panthéon-Sorbonne,education
http://www.wikidata.org/entity/Q1031645,http://www.wikidata.org/entity/Q1189954,École nationale supérieure des mines de Paris,education
http://www.wikidata.org/entity/Q1031645,http://www.wikidata.org/entity/Q1431541,lycée Janson-de-Sailly,education
http://www.wikidata.org/entity/Q1031645,http://www.wikidata.org/entity/Q273579,École nationale d'administration,education
http://www.wikidata.org/entity/Q1031645,http://www.wikidata.org/entity/Q859363,Institut d'études politiques de Paris,education
http://www.wikidata.org/entity/Q104032664,http://www.wikidata.org/entity/Q112081363,lycée du Bois d'Amour de Poitiers,education
http://www.wikidata.org/entity/Q104032664,http://www.wikidata.org/entity/Q1144549,université Pierre-et-Marie-Curie,education
http://www.wikidata.org/entity/Q104032664,http://www.wikidata.org/entity/Q3326674,Mouvement européen - France,membership
http://www.wikidata.org/entity/Q104032664,http://www.wikidata.org/entity/Q3578312,École polytechnique universitaire de Nantes Université,education
http://www.wikidata.org/entity/Q106020252,http://www.wikidata.org/entity/Q131137989,emlyon alumni,membership
http://www.wikidata.org/entity/Q106020252,http://www.wikidata.org/entity/Q13917,Île-de-France,employment
http://www.wikidata.org/entity/Q106020252,http://www.wikidata.org/entity/Q1795504,EM Lyon Business School,education
http://www.wikidata.org/entity/Q106020252,http://www.wikidata.org/entity/Q3268926,lycée Saint-Louis-de-Gonzague,education
http://www.wikidata.org/entity/Q106020252,http://www.wikidata.org/entity/Q3567000,Webhelp,employment
http://www.wikidata.org/entity/Q106020252,http://www.wikidata.org/entity/Q3591589,établissement scolaire Saint-Jean-Baptiste-de-La-Salle – Notre-Dame-de-la-Compassion,education
http://www.wikidata.org/entity/Q106020252,http://www.wikidata.org/entity/Q489097,Ernst & Young,employment
http://www.wikidata.org/entity/Q106020252,http://www.wikidata.org/entity/Q682599,Veolia Eau,employment
http://www.wikidata.org/entity/Q106020252,http://www.wikidata.org/entity/Q813034,BearingPoint,employment
http://www.wikidata.org/entity/Q106291673,http://www.wikidata.org/entity/Q186638,université de Versailles-Saint-Quentin-en-Yvelines,education
http://www.wikidata.org/entity/Q106291673,http://www.wikidata.org/entity/Q2661290,université de Limoges,education
http://www.wikidata.org/entity/Q106489533,http://www.wikidata.org/entity/Q125761519,Agir pour la santé des femmes,membership
http://www.wikidata.org/entity/Q106489533,http://www.wikidata.org/entity/Q3080803,France terre d'asile,membership
http://www.wikidata.org/entity/Q106489533,http://www.wikidata.org/entity/Q3152119,Institut de relations internationales et stratégiques,education
http://www.wikidata.org/entity/Q106489533,http://www.wikidata.org/entity/Q3268682,lycée Fénelon Sainte-Marie,education
http://www.wikidata.org/entity/Q106489533,http://www.wikidata.org/entity/Q3577907,École de psychologues praticiens,education
http://www.wikidata.org/entity/Q106489533,http://www.wikidata.org/entity/Q999763,université Paris-I-Panthéon-Sorbonne,education
http://www.wikidata.org/entity/Q106635078,http://www.wikidata.org/entity/Q1125610,Confédération française des travailleurs chrétiens,membership
http://www.wikidata.org/entity/Q106635078,http://www.wikidata.org/entity/Q1351173,RTL,employment
http://www.wikidata.org/entity/Q106635078,http://www.wikidata.org/entity/Q19904,Franceinfo,employment
http://www.wikidata.org/entity/Q106635078,http://www.wikidata.org/entity/Q3207314,LCI,employment
http://www.wikidata.org/entity/Q106635078,http://www.wikidata.org/entity/Q3577908,"École de publicité, presse et relations publiques",education
http://www.wikidata.org/entity/Q106635078,http://www.wikidata.org/entity/Q372375,Sud Radio,employment
http://www.wikidata.org/entity/Q1096496,http://www.wikidata.org/entity/Q1144549,université Pierre-et-Marie-Curie,education
http://www.wikidata.org/entity/Q1096496,http://www.wikidata.org/entity/Q3268960,lycée Turgot,education
http://www.wikidata.org/entity/Q109681600,http://www.wikidata.org/entity/Q126453374,hôtel Ibis Batignolles,employment
http://www.wikidata.org/entity/Q109969696,http://www.wikidata.org/entity/Q1637105,Institut des sciences et industries du vivant et de l'environnement (AgroParisTech),education
http://www.wikidata.org/entity/Q109969696,http://www.wikidata.org/entity/Q661056,université de Poitiers,education
http://www.wikidata.org/entity/Q109969696,http://www.wikidata.org/entity/Q859363,Institut d'études politiques de Paris,education
http://www.wikidata.org/entity/Q1103356,http://www.wikidata.org/entity/Q3578442,École supérieure de commerce en France,education
http://www.wikidata.org/entity/Q1106890,http://www.wikidata.org/entity/Q273515,École des ingénieurs de la ville de Paris,education
http://www.wikidata.org/entity/Q1108317,http://www.wikidata.org/entity/Q1252062,Institut d'études politiques de Bordeaux,education
http://www.wikidata.org/entity/Q1108317,http://www.wikidata.org/entity/Q769657,Conseil d'État,employment
http://www.wikidata.org/entity/Q1108317,http://www.wikidata.org/entity/Q939743,Assemblée parlementaire du Conseil de l'Europe,membership
http://www.wikidata.org/entity/Q110934545,http://www.wikidata.org/entity/Q1233816,Présent,employment
http://www.wikidata.org/entity/Q110998923,http://www.wikidata.org/entity/Q1637105,Institut des sciences et industries du vivant et de l'environnement (AgroParisTech),education
http://www.wikidata.org/entity/Q110998923,http://www.wikidata.org/entity/Q999763,université Paris-I-Panthéon-Sorbonne,education
http://www.wikidata.org/entity/Q111378729,http://www.wikidata.org/entity/Q17061030,Jumia,employment
http://www.wikidata.org/entity/Q111378729,http://www.wikidata.org/entity/Q1878600,lycée Henri-IV,education
http://www.wikidata.org/entity/Q111378729,http://www.wikidata.org/entity/Q23731823,Renaissance,employment
http://www.wikidata.org/entity/Q111378729,http://www.wikidata.org/entity/Q273626,École polytechnique,education
http://www.wikidata.org/entity/Q111378729,http://www.wikidata.org/entity/Q310207,McKinsey & Company,employment
http://www.wikidata.org/entity/Q111378729,http://www.wikidata.org/entity/Q49088,Université Columbia,education
http://www.wikidata.org/entity/Q111378729,http://www.wikidata.org/entity/Q86668796,Frichti,employment
http://www.wikidata.org/entity/Q112110960,http://www.wikidata.org/entity/Q1933558,université Toulouse-Jean-Jaurès,education
http://www.wikidata.org/entity/Q112110960,http://www.wikidata.org/entity/Q3578562,Institut national supérieur du professorat et de l'éducation,education
http://www.wikidata.org/entity/Q112110960,http://www.wikidata.org/entity/Q986542,Droit au logement,membership
http://www.wikidata.org/entity/Q112249169,http://www.wikidata.org/entity/Q1054148,Centre international de formation européenne,education
http://www.wikidata.org/entity/Q112249169,http://www.wikidata.org/entity/Q2253344,Institut d'études politiques de Lyon,education
http://www.wikidata.org/entity/Q112249169,http://www.wikidata.org/entity/Q64777785,Notre Affaire à Tous,membership
http://www.wikidata.org/entity/Q112308110,http://www.wikidata.org/entity/Q3425538,Renouveau étudiant,membership
http://www.wikidata.org/entity/Q112448632,http://www.wikidata.org/entity/Q83259,École normale supérieure,education
http://www.wikidata.org/entity/Q112518535,http://www.wikidata.org/entity/Q1444157,lycée Hoche,education
http://www.wikidata.org/entity/Q112518535,http://www.wikidata.org/entity/Q174570,London School of Economics,education
http://www.wikidata.org/entity/Q112518535,http://www.wikidata.org/entity/Q859363,Institut d'études politiques de Paris,education
http://www.wikidata.org/entity/Q112572505,http://www.wikidata.org/entity/Q112611146,HEC Alumni,membership
http://www.wikidata.org/entity/Q112572505,http://www.wikidata.org/entity/Q273535,HEC Paris,education
http://www.wikidata.org/entity/Q112572505,http://www.wikidata.org/entity/Q859363,Institut d'études politiques de Paris,education
http://www.wikidata.org/entity/Q112579260,http://www.wikidata.org/entity/Q3152509,Institut régional d'administration de Lyon,education
http://www.wikidata.org/entity/Q112630812,http://www.wikidata.org/entity/Q1194988,université Paris-VIII,education
http://www.wikidata.org/entity/Q112630812,http://www.wikidata.org/entity/Q273518,École des hautes études en sciences sociales,education
http://www.wikidata.org/entity/Q112635071,http://www.wikidata.org/entity/Q56284587,ordre des avocats de Nîmes,membership
http://www.wikidata.org/entity/Q112635593,http://www.wikidata.org/entity/Q612648,université Blaise-Pascal,education
http://www.wikidata.org/entity/Q112635717,http://www.wikidata.org/entity/Q3578449,PSB Paris School of Business,education
http://www.wikidata.org/entity/Q112635717,http://www.wikidata.org/entity/Q700758,université de la Sarre,education
http://www.wikidata.org/entity/Q112635717,http://www.wikidata.org/entity/Q999763,université Paris-I-Panthéon-Sorbonne,education
http://www.wikidata.org/entity/Q112636212,http://www.wikidata.org/entity/Q1125638,Confédération générale du travail,membership
http://www.wikidata.org/entity/Q112636212,http://www.wikidata.org/entity/Q1665106,Institut national de la recherche agronomique,education
http://www.wikidata.org/entity/Q112636598,http://www.wikidata.org/entity/Q2496149,université de Reims-Champagne-Ardenne,education
http://www.wikidata.org/entity/Q112638162,http://www.wikidata.org/entity/Q859363,Institut d'études politiques de Paris,education
http://www.wikidata.org/entity/Q112640278,http://www.wikidata.org/entity/Q2992788,Confédération nationale du logement,membership
http://www.wikidata.org/entity/Q112641192,http://www.wikidata.org/entity/Q1878600,lycée Henri-IV,education
http://www.wikidata.org/entity/Q112641655,http://www.wikidata.org/entity/Q1125638,Confédération générale du travail,membership
http://www.wikidata.org/entity/Q112649548,http://www.wikidata.org/entity/Q1394262,université Paris-Nanterre,employment
http://www.wikidata.org/entity/Q112649548,http://www.wikidata.org/entity/Q2945496,centre de sociologie des organisations,employment
http://www.wikidata.org/entity/Q112649548,http://www.wikidata.org/entity/Q30262356,Laboratoire interdisciplinaire pour la sociologie économique,employment
http://www.wikidata.org/entity/Q112649548,http://www.wikidata.org/entity/Q859363,Institut d'études politiques de Paris,education
http://www.wikidata.org/entity/Q112649913,http://www.wikidata.org/entity/Q112611146,HEC Alumni,membership
http://www.wikidata.org/entity/Q112649913,http://www.wikidata.org/entity/Q273535,HEC Paris,education
http://www.wikidata.org/entity/Q112649913,http://www.wikidata.org/entity/Q273579,École nationale d'administration,education
http://www.wikidata.org/entity/Q112649913,http://www.wikidata.org/entity/Q859363,Institut d'études politiques de Paris,education
http://www.wikidata.org/entity/Q112650407,http://www.wikidata.org/entity/Q3206431,La Banque postale,employment
http://www.wikidata.org/entity/Q112650438,http://www.wikidata.org/entity/Q50846581,Cocarde étudiante,membership
http://www.wikidata.org/entity/Q112650708,http://www.wikidata.org/entity/Q221653,Université d'Utrecht,education
http://www.wikidata.org/entity/Q112650708,http://www.wikidata.org/entity/Q859363,Institut d'études politiques de Paris,education
http://www.wikidata.org/entity/Q112651173,http://www.wikidata.org/entity/Q1235608,université Paris-Diderot,education
http://www.wikidata.org/entity/Q112651320,http://www.wikidata.org/entity/Q3577891,École de management de Normandie,education
http://www.wikidata.org/entity/Q112651333,http://www.wikidata.org/entity/Q459026,université Rennes-II,education
http://www.wikidata.org/entity/Q112651358,http://www.wikidata.org/entity/Q859363,Institut d'études politiques de Paris,education
http://www.wikidata.org/entity/Q112651418,http://www.wikidata.org/entity/Q377191,Institut national de recherches archéologiques préventives,employment
http://www.wikidata.org/entity/Q112651418,http://www.wikidata.org/entity/Q999763,université Paris-I-Panthéon-Sorbonne,education
http://www.wikidata.org/entity/Q112651641,http://www.wikidata.org/entity/Q1125623,Force ouvrière,membership
http://www.wikidata.org/entity/Q112651884,http://www.wikidata.org/entity/Q273642,École supérieure des sciences économiques et commerciales,education
http://www.wikidata.org/entity/Q112651884,http://www.wikidata.org/entity/Q3151967,Institut d'études politiques de Strasbourg,education
http://www.wikidata.org/entity/Q112652262,http://www.wikidata.org/entity/Q1575029,Handicap International,employment
http://www.wikidata.org/entity/Q112652262,http://www.wikidata.org/entity/Q859363,Institut d'études politiques de Paris,education
http://www.wikidata.org/entity/Q112652351,http://www.wikidata.org/entity/Q273626,École polytechnique,education
http://www.wikidata.org/entity/Q112652813,http://www.wikidata.org/entity/Q61936541,Barreau de Meaux,membership
http://www.wikidata.org/entity/Q112653333,http://www.wikidata.org/entity/Q158205,Sanofi,employment
http://www.wikidata.org/entity/Q112653860,http://www.wikidata.org/entity/Q13646,SNCF,employment
http://www.wikidata.org/entity/Q112653860,http://www.wikidata.org/entity/Q17355366,lycée Bernard-Palissy d'Agen,education
http://www.wikidata.org/entity/Q112653927,http://www.wikidata.org/entity/Q2986523,Commission des Affaires culturelles et de l'Éducation,membership
http://www.wikidata.org/entity/Q112653927,http://www.wikidata.org/entity/Q571293,université Sorbonne-Nouvelle,education
http://www.wikidata.org/entity/Q112653927,http://www.wikidata.org/entity/Q980688,université Paris-Est-Créteil-Val-de-Marne,education
http://www.wikidata.org/entity/Q112654108,http://www.wikidata.org/entity/Q28155339,lycée Georges-Brassens,education
http://www.wikidata.org/entity/Q112654108,http://www.wikidata.org/entity/Q662976,université Paris-Panthéon-Assas,education
http://www.wikidata.org/entity/Q112654178,http://www.wikidata.org/entity/Q1857334,université de Bretagne-Occidentale,education
http://www.wikidata.org/entity/Q112654178,http://www.wikidata.org/entity/Q3151965,Institut d'études politiques de Rennes,education
http://www.wikidata.org/entity/Q112654178,http://www.wikidata.org/entity/Q459026,université Rennes-II,education
http://www.wikidata.org/entity/Q112654178,http://www.wikidata.org/entity/Q726595,université Rennes-I,education
http://www.wikidata.org/entity/Q112654178,http://www.wikidata.org/entity/Q999763,université Paris-I-Panthéon-Sorbonne,education
http://www.wikidata.org/entity/Q112654771,http://www.wikidata.org/entity/Q49088,Université Columbia,education
http://www.wikidata.org/entity/Q112654771,http://www.wikidata.org/entity/Q859363,Institut d'études politiques de Paris,education
http://www.wikidata.org/entity/Q112892896,http://www.wikidata.org/entity/Q131137989,emlyon alumni,membership
http://www.wikidata.org/entity/Q112892896,http://www.wikidata.org/entity/Q1795504,EM Lyon Business School,education
http://www.wikidata.org/entity/Q112892896,http://www.wikidata.org/entity/Q1826384,Institut supérieur européen de gestion,education
http://www.wikidata.org/entity/Q112892896,http://www.wikidata.org/entity/Q193582,Assemblée nationale,employment
http://www.wikidata.org/entity/Q112892896,http://www.wikidata.org/entity/Q2392255,Teleperformance,employment
http://www.wikidata.org/entity/Q112892896,http://www.wikidata.org/entity/Q2948219,chambre de commerce et d'industrie,employment
http://www.wikidata.org/entity/Q112892896,http://www.wikidata.org/entity/Q3278487,mairie du 15e arrondissement de Paris,employment
http://www.wikidata.org/entity/Q112892896,http://www.wikidata.org/entity/Q590201,université Toulouse-Capitole,education
http://www.wikidata.org/entity/Q112892896,http://www.wikidata.org/entity/Q859363,Institut d'études politiques de Paris,education
http://www.wikidata.org/entity/Q112892896,http://www.wikidata.org/entity/Q8901192,France Travail,employment
http://www.wikidata.org/entity/Q112899220,http://www.wikidata.org/entity/Q1470431,Institut catholique de Paris,education
http://www.wikidata.org/entity/Q112899220,http://www.wikidata.org/entity/Q459026,université Rennes-II,education
http://www.wikidata.org/entity/Q113212567,http://www.wikidata.org/entity/Q1132955,Institut national polytechnique de Lorraine,education
http://www.wikidata.org/entity/Q1160874,http://www.wikidata.org/entity/Q1144549,université Pierre-et-Marie-Curie,education
http://www.wikidata.org/entity/Q1160874,http://www.wikidata.org/entity/Q1780212,université Paris-Nord,education
http://www.wikidata.org/entity/Q116870344,http://www.wikidata.org/entity/Q115814626,Jeune Garde,membership
http://www.wikidata.org/entity/Q116870344,http://www.wikidata.org/entity/Q118626,Attac,membership
http://www.wikidata.org/entity/Q116870344,http://www.wikidata.org/entity/Q27978402,La France insoumise,membership
http://www.wikidata.org/entity/Q116870344,http://www.wikidata.org/entity/Q4041,université Lumière-Lyon-II,education
http://www.wikidata.org/entity/Q117340,http://www.wikidata.org/entity/Q110018374,"Alantra Partners, S.A.",employment
http://www.wikidata.org/entity/Q117340,http://www.wikidata.org/entity/Q3268685,lycée Gabriel-Guist'hau,education
http://www.wikidata.org/entity/Q117340,http://www.wikidata.org/entity/Q859363,Institut d'études politiques de Paris,education
http://www.wikidata.org/entity/Q117402,http://www.wikidata.org/entity/Q3151958,Institut d’études politiques de Lille,education
http://www.wikidata.org/entity/Q117442688,http://www.wikidata.org/entity/Q61937787,ordre des avocats d'Avignon,membership
http://www.wikidata.org/entity/Q1188660,http://www.wikidata.org/entity/Q939743,Assemblée parlementaire du Conseil de l'Europe,membership
http://www.wikidata.org/entity/Q1192864,http://www.wikidata.org/entity/Q776223,université de Montpellier,education
http://www.wikidata.org/entity/Q120763630,http://www.wikidata.org/entity/Q3117393,TBS Education,education
http://www.wikidata.org/entity/Q120764896,http://www.wikidata.org/entity/Q1394262,université Paris-Nanterre,education
http://www.wikidata.org/entity/Q1228890,http://www.wikidata.org/entity/Q939743,Assemblée parlementaire du Conseil de l'Europe,membership
http://www.wikidata.org/entity/Q1238159,http://www.wikidata.org/entity/Q3220800,Le Caousou,education
http://www.wikidata.org/entity/Q1238159,http://www.wikidata.org/entity/Q859363,Institut d'études politiques de Paris,education
http://www.wikidata.org/entity/Q1238345,http://www.wikidata.org/entity/Q1139065,Institut d'études politiques d'Aix-en-Provence,education
http://www.wikidata.org/entity/Q1238345,http://www.wikidata.org/entity/Q1204304,université Paul-Cézanne - Aix-Marseille III,education
http://www.wikidata.org/entity/Q1238956,http://www.wikidata.org/entity/Q2912244,université Paul-Valéry,education
http://www.wikidata.org/entity/Q124439687,http://www.wikidata.org/entity/Q10159,École normale supérieure de Lyon,education
http://www.wikidata.org/entity/Q124439687,http://www.wikidata.org/entity/Q859363,Institut d'études politiques de Paris,education
http://www.wikidata.org/entity/Q1262453,http://www.wikidata.org/entity/Q1878600,lycée Henri-IV,education
http://www.wikidata.org/entity/Q1262453,http://www.wikidata.org/entity/Q209842,université de Paris,education
http://www.wikidata.org/entity/Q1262453,http://www.wikidata.org/entity/Q2994133,Conseil national,membership
http://www.wikidata.org/entity/Q126532220,http://www.wikidata.org/entity/Q503473,Université de Genève,education
http://www.wikidata.org/entity/Q126532220,http://www.wikidata.org/entity/Q999763,université Paris-I-Panthéon-Sorbonne,education
http://www.wikidata.org/entity/Q126537376,http://www.wikidata.org/entity/Q127038760,Union des droites pour la République,membership
http://www.wikidata.org/entity/Q126537376,http://www.wikidata.org/entity/Q131137989,emlyon alumni,membership
http://www.wikidata.org/entity/Q126537376,http://www.wikidata.org/entity/Q1377,Université de Ljubljana,education
http://www.wikidata.org/entity/Q126537376,http://www.wikidata.org/entity/Q1546437,université Paris-Dauphine,education
http://www.wikidata.org/entity/Q126537376,http://www.wikidata.org/entity/Q1795504,EM Lyon Business School,education
http://www.wikidata.org/entity/Q126537376,http://www.wikidata.org/entity/Q193582,Assemblée nationale,employment
http://www.wikidata.org/entity/Q126537376,http://www.wikidata.org/entity/Q20012759,Les Républicains,employment
http://www.wikidata.org/entity/Q126537376,http://www.wikidata.org/entity/Q20012759,Les Républicains,membership
http://www.wikidata.org/entity/Q126537376,http://www.wikidata.org/entity/Q2034790,université normale de la Chine de l'Est,education
http://www.wikidata.org/entity/Q126537376,http://www.wikidata.org/entity/Q2996011,Contribuables associés,employment
http://www.wikidata.org/entity/Q126537376,http://www.wikidata.org/entity/Q516033,Havas,employment
http://www.wikidata.org/entity/Q126537376,http://www.wikidata.org/entity/Q662976,université Paris-Panthéon-Assas,education
http://www.wikidata.org/entity/Q126537376,http://www.wikidata.org/entity/Q923193,Les Échos,employment
http://www.wikidata.org/entity/Q126539921,http://www.wikidata.org/entity/Q112611146,HEC Alumni,membership
http://www.wikidata.org/entity/Q126539921,http://www.wikidata.org/entity/Q273535,HEC Paris,education
http://www.wikidata.org/entity/Q126539921,http://www.wikidata.org/entity/Q3462507,Saint-Jean-Hulst,education
http://www.wikidata.org/entity/Q126539921,http://www.wikidata.org/entity/Q859363,Institut d'études politiques de Paris,education
http://www.wikidata.org/entity/Q126595850,http://www.wikidata.org/entity/Q125902130,lycée Sainte-Anne de Brest,education
http://www.wikidata.org/entity/Q126595850,http://www.wikidata.org/entity/Q859363,Institut d'études politiques de Paris,education
http://www.wikidata.org/entity/Q126599155,http://www.wikidata.org/entity/Q4041,université Lumière-Lyon-II,education
http://www.wikidata.org/entity/Q126684712,http://www.wikidata.org/entity/Q115909766,Ville de La Courneuve,employment
http://www.wikidata.org/entity/Q126684712,http://www.wikidata.org/entity/Q115918130,Ville de Bobigny,employment
http://www.wikidata.org/entity/Q126684712,http://www.wikidata.org/entity/Q115918211,Ville de Drancy,employment
http://www.wikidata.org/entity/Q126684712,http://www.wikidata.org/entity/Q1780212,université Paris-Nord,education
http://www.wikidata.org/entity/Q126684712,http://www.wikidata.org/entity/Q980688,université Paris-Est-Créteil-Val-de-Marne,education
http://www.wikidata.org/entity/Q126869769,http://www.wikidata.org/entity/Q21428128,Groupe Urgo,employment
http://www.wikidata.org/entity/Q127224962,http://www.wikidata.org/entity/Q3152528,Institut d'informatique d'Auvergne,education
http://www.wikidata.org/entity/Q127247869,http://www.wikidata.org/entity/Q13646,SNCF,employment
http://www.wikidata.org/entity/Q127255874,http://www.wikidata.org/entity/Q13334,université d'Orléans,education
http://www.wikidata.org/entity/Q127256447,http://www.wikidata.org/entity/Q1664755,Institut d'études politiques de Toulouse,education
http://www.wikidata.org/entity/Q127256447,http://www.wikidata.org/entity/Q1933558,université Toulouse-Jean-Jaurès,education
http://www.wikidata.org/entity/Q127256447,http://www.wikidata.org/entity/Q603686,université baptiste de Hong Kong,education
http://www.wikidata.org/entity/Q127256447,http://www.wikidata.org/entity/Q859363,Institut d'études politiques de Paris,education
http://www.wikidata.org/entity/Q127256568,http://www.wikidata.org/entity/Q1132066,école spéciale militaire de Saint-Cyr,education
http://www.wikidata.org/entity/Q127256660,http://www.wikidata.org/entity/Q16677410,Solidaires étudiant-e-s,membership
http://www.wikidata.org/entity/Q127256660,http://www.wikidata.org/entity/Q3151958,Institut d’études politiques de Lille,education
http://www.wikidata.org/entity/Q127270999,http://www.wikidata.org/entity/Q47412068,Institut Iliade,membership
http://www.wikidata.org/entity/Q127271701,http://www.wikidata.org/entity/Q16665962,NEOMA Business School,education
http://www.wikidata.org/entity/Q1278120,http://www.wikidata.org/entity/Q271,Prytanée national militaire,education
http://www.wikidata.org/entity/Q1281946,http://www.wikidata.org/entity/Q1204304,université Paul-Cézanne - Aix-Marseille III,education
http://www.wikidata.org/entity/Q12921,http://www.wikidata.org/entity/Q2253344,Institut d'études politiques de Lyon,education
http://www.wikidata.org/entity/Q12921,http://www.wikidata.org/entity/Q2253344,Institut d'études politiques de Lyon,employment
http://www.wikidata.org/entity/Q12921,http://www.wikidata.org/entity/Q4027,université Jean-Moulin-Lyon-III,education
http://www.wikidata.org/entity/Q12922,http://www.wikidata.org/entity/Q273447,École centrale Paris,education
http://www.wikidata.org/entity/Q12923,http://www.wikidata.org/entity/Q10176,université de Lyon (ComUE),employment
http://www.wikidata.org/entity/Q12927,http://www.wikidata.org/entity/Q662976,université Paris-Panthéon-Assas,education
http://www.wikidata.org/entity/Q12937,http://www.wikidata.org/entity/Q2868013,Association professionnelle des magistrats,membership
http://www.wikidata.org/entity/Q12937,http://www.wikidata.org/entity/Q4027,université Jean-Moulin-Lyon-III,education
http://www.wikidata.org/entity/Q12946,http://www.wikidata.org/entity/Q1059546,lycée Louis-le-Grand,education
http://www.wikidata.org/entity/Q12946,http://www.wikidata.org/entity/Q273579,École nationale d'administration,education
http://www.wikidata.org/entity/Q12946,http://www.wikidata.org/entity/Q3064325,faculté des lettres de Paris,education
http://www.wikidata.org/entity/Q12946,http://www.wikidata.org/entity/Q3151643,Inspection générale des finances,employment
http://www.wikidata.org/entity/Q12946,http://www.wikidata.org/entity/Q3577716,École alsacienne,education
http://www.wikidata.org/entity/Q12946,http://www.wikidata.org/entity/Q859363,Institut d'études politiques de Paris,education
http://www.wikidata.org/entity/Q12955,http://www.wikidata.org/entity/Q10176,université de Lyon (ComUE),employment
http://www.wikidata.org/entity/Q12955,http://www.wikidata.org/entity/Q2253344,Institut d'études politiques de Lyon,education
http://www.wikidata.org/entity/Q12955,http://www.wikidata.org/entity/Q4027,université Jean-Moulin-Lyon-III,education
http://www.wikidata.org/entity/Q12956,http://www.wikidata.org/entity/Q10176,université de Lyon (ComUE),education
http://www.wikidata.org/entity/Q12956,http://www.wikidata.org/entity/Q8484,lycée du Parc,education
http://www.wikidata.org/entity/Q12957,http://www.wikidata.org/entity/Q209842,université de Paris,education
http://www.wikidata.org/entity/Q12957,http://www.wikidata.org/entity/Q24289603,Académie royale européenne des docteurs,membership
http://www.wikidata.org/entity/Q12957,http://www.wikidata.org/entity/Q3268811,Lycée Leconte-de-Lisle,education
http://www.wikidata.org/entity/Q12957,http://www.wikidata.org/entity/Q337543,Académie des sciences morales et politiques,membership
http://www.wikidata.org/entity/Q12957,http://www.wikidata.org/entity/Q568554,université de Caen-Normandie,employment
http://www.wikidata.org/entity/Q12957,http://www.wikidata.org/entity/Q6101686,Académie royale espagnole d'économie et de sciences financières,membership
http://www.wikidata.org/entity/Q12957,http://www.wikidata.org/entity/Q730513,"Académie des sciences, belles-lettres et arts de Lyon",membership
http://www.wikidata.org/entity/Q12957,http://www.wikidata.org/entity/Q834819,université de La Réunion,education
http://www.wikidata.org/entity/Q12957,http://www.wikidata.org/entity/Q859363,Institut d'études politiques de Paris,education
http://www.wikidata.org/entity/Q12957,http://www.wikidata.org/entity/Q859363,Institut d'études politiques de Paris,employment
http://www.wikidata.org/entity/Q12961,http://www.wikidata.org/entity/Q1546437,université Paris-Dauphine,education
http://www.wikidata.org/entity/Q12961,http://www.wikidata.org/entity/Q273579,École nationale d'administration,education
http://www.wikidata.org/entity/Q12961,http://www.wikidata.org/entity/Q3591513,Établissement La Rochefoucauld,education
http://www.wikidata.org/entity/Q12961,http://www.wikidata.org/entity/Q859363,Institut d'études politiques de Paris,education
http://www.wikidata.org/entity/Q12963,http://www.wikidata.org/entity/Q13342,université Bordeaux-Montaigne,education
http://www.wikidata.org/entity/Q12963,http://www.wikidata.org/entity/Q56640954,Académie de Béarn,membership
http://www.wikidata.org/entity/Q12964,http://www.wikidata.org/entity/Q859363,Institut d'études politiques de Paris,education
http://www.wikidata.org/entity/Q129774,http://www.wikidata.org/entity/Q939743,Assemblée parlementaire du Conseil de l'Europe,membership
http://www.wikidata.org/entity/Q130340094,http://www.wikidata.org/entity/Q3279259,maison d'éducation de la Légion d'honneur,education
http://www.wikidata.org/entity/Q1305536,http://www.wikidata.org/entity/Q273579,École nationale d'administration,education
http://www.wikidata.org/entity/Q1305536,http://www.wikidata.org/entity/Q859363,Institut d'études politiques de Paris,education
http://www.wikidata.org/entity/Q131956247,http://www.wikidata.org/entity/Q1664755,Institut d'études politiques de Toulouse,education
http://www.wikidata.org/entity/Q1321340,http://www.wikidata.org/entity/Q337512,Académie des sciences d'outre-mer,membership
http://www.wikidata.org/entity/Q1321340,http://www.wikidata.org/entity/Q662976,université Paris-Panthéon-Assas,education
http://www.wikidata.org/entity/Q13426765,http://www.wikidata.org/entity/Q16684229,lycée de l'École Yabné,education
http://www.wikidata.org/entity/Q13426765,http://www.wikidata.org/entity/Q333705,Technion,education
http://www.wikidata.org/entity/Q1347314,http://www.wikidata.org/entity/Q157575,université de Strasbourg,education
http://www.wikidata.org/entity/Q1347314,http://www.wikidata.org/entity/Q209842,université de Paris,education
http://www.wikidata.org/entity/Q1347791,http://www.wikidata.org/entity/Q3268817,lycée Louis-Barthou de Pau,education
http://www.wikidata.org/entity/Q1347791,http://www.wikidata.org/entity/Q859363,Institut d'études politiques de Paris,education
http://www.wikidata.org/entity/Q1353268,http://www.wikidata.org/entity/Q3128334,cours Hattemer,education
http://www.wikidata.org/entity/Q1353605,http://www.wikidata.org/entity/Q859363,Institut d'études politiques de Paris,education
http://www.wikidata.org/entity/Q1353605,http://www.wikidata.org/entity/Q999763,université Paris-I-Panthéon-Sorbonne,education
http://www.wikidata.org/entity/Q1360173,http://www.wikidata.org/entity/Q1878600,lycée Henri-IV,education
http://www.wikidata.org/entity/Q1360173,http://www.wikidata.org/entity/Q273579,École nationale d'administration,education
http://www.wikidata.org/entity/Q1360173,http://www.wikidata.org/entity/Q3117938,Groupe union défense,membership
http://www.wikidata.org/entity/Q1360173,http://www.wikidata.org/entity/Q662976,université Paris-Panthéon-Assas,education
http://www.wikidata.org/entity/Q1360173,http://www.wikidata.org/entity/Q859363,Institut d'études politiques de Paris,education
http://www.wikidata.org/entity/Q1366170,http://www.wikidata.org/entity/Q112611146,HEC Alumni,membership
http://www.wikidata.org/entity/Q1366170,http://www.wikidata.org/entity/Q273535,HEC Paris,education
http://www.wikidata.org/entity/Q1366170,http://www.wikidata.org/entity/Q273579,École nationale d'administration,education
http://www.wikidata.org/entity/Q1366170,http://www.wikidata.org/entity/Q859363,Institut d'études politiques de Paris,education
http://www.wikidata.org/entity/Q1379752,http://www.wikidata.org/entity/Q2253344,Institut d'études politiques de Lyon,education
http://www.wikidata.org/entity/Q1379752,http://www.wikidata.org/entity/Q273579,École nationale d'administration,education
http://www.wikidata.org/entity/Q1379752,http://www.wikidata.org/entity/Q3075672,French-American Foundation,membership
http://www.wikidata.org/entity/Q1383590,http://www.wikidata.org/entity/Q20511805,école Samuel Moorat,education
http://www.wikidata.org/entity/Q1383590,http://www.wikidata.org/entity/Q2885547,ordre des avocats de Paris,membership
http://www.wikidata.org/entity/Q1383590,http://www.wikidata.org/entity/Q662976,université Paris-Panthéon-Assas,education
http://www.wikidata.org/entity/Q1383590,http://www.wikidata.org/entity/Q859363,Institut d'études politiques de Paris,education
http://www.wikidata.org/entity/Q1383590,http://www.wikidata.org/entity/Q926749,lycée Condorcet,education
http://www.wikidata.org/entity/Q1393874,http://www.wikidata.org/entity/Q13338,université Bordeaux-I,education
http://www.wikidata.org/entity/Q1393874,http://www.wikidata.org/entity/Q13344,université de Bordeaux,education
http://www.wikidata.org/entity/Q1393874,http://www.wikidata.org/entity/Q572968,université de Pau et des pays de l'Adour,education
http://www.wikidata.org/entity/Q1394045,http://www.wikidata.org/entity/Q1933558,université Toulouse-Jean-Jaurès,education
http://www.wikidata.org/entity/Q1394083,http://www.wikidata.org/entity/Q273579,École nationale d'administration,education
http://www.wikidata.org/entity/Q1394083,http://www.wikidata.org/entity/Q3075672,French-American Foundation,membership
http://www.wikidata.org/entity/Q1394083,http://www.wikidata.org/entity/Q748307,lycée Charlemagne,education
http://www.wikidata.org/entity/Q1398216,http://www.wikidata.org/entity/Q58046885,Institut Momentum,membership
http://www.wikidata.org/entity/Q1398216,http://www.wikidata.org/entity/Q726595,université Rennes-I,education
http://www.wikidata.org/entity/Q1457778,http://www.wikidata.org/entity/Q193727,Université Johns-Hopkins,education
http://www.wikidata.org/entity/Q1457778,http://www.wikidata.org/entity/Q273579,École nationale d'administration,education
http://www.wikidata.org/entity/Q1457778,http://www.wikidata.org/entity/Q859363,Institut d'études politiques de Paris,education
http://www.wikidata.org/entity/Q1521083,http://www.wikidata.org/entity/Q859363,Institut d'études politiques de Paris,education
http://www.wikidata.org/entity/Q1523929,http://www.wikidata.org/entity/Q2253344,Institut d'études politiques de Lyon,education
http://www.wikidata.org/entity/Q1523929,http://www.wikidata.org/entity/Q65619818,loge Écho 1,membership
http://www.wikidata.org/entity/Q1530897,http://www.wikidata.org/entity/Q1139065,Institut d'études politiques d'Aix-en-Provence,education
http://www.wikidata.org/entity/Q1530897,http://www.wikidata.org/entity/Q16647785,KEDGE Business School,education
http://www.wikidata.org/entity/Q1530897,http://www.wikidata.org/entity/Q2302586,université d'Aix-Marseille,education
http://www.wikidata.org/entity/Q1530897,http://www.wikidata.org/entity/Q3268957,lycée Thiers,education
http://www.wikidata.org/entity/Q1534217,http://www.wikidata.org/entity/Q273579,École nationale d'administration,education
http://www.wikidata.org/entity/Q1534217,http://www.wikidata.org/entity/Q859363,Institut d'études politiques de Paris,education
http://www.wikidata.org/entity/Q157,http://www.wikidata.org/entity/Q112611146,HEC Alumni,membership
http://www.wikidata.org/entity/Q157,http://www.wikidata.org/entity/Q273535,HEC Paris,education
http://www.wikidata.org/entity/Q157,http://www.wikidata.org/entity/Q273579,École nationale d'administration,education
http://www.wikidata.org/entity/Q157,http://www.wikidata.org/entity/Q3075672,French-American Foundation,membership
http://www.wikidata.org/entity/Q157,http://www.wikidata.org/entity/Q3268876,lycée Pasteur de Neuilly-sur-Seine,education
http://www.wikidata.org/entity/Q157,http://www.wikidata.org/entity/Q3374836,pensionnat Jean-Baptiste-de-La-Salle de Rouen,education
http://www.wikidata.org/entity/Q157,http://www.wikidata.org/entity/Q662976,université Paris-Panthéon-Assas,education
http://www.wikidata.org/entity/Q157,http://www.wikidata.org/entity/Q859363,Institut d'études politiques de Paris,education
http://www.wikidata.org/entity/Q15869276,http://www.wikidata.org/entity/Q3075558,Fondation Res Publica,membership
http://www.wikidata.org/entity/Q15869276,http://www.wikidata.org/entity/Q3075642,Fondation du 2-Mars,membership
http://www.wikidata.org/entity/Q15869276,http://www.wikidata.org/entity/Q3412216,pôle universitaire Léonard-de-Vinci,employment
http://www.wikidata.org/entity/Q15869276,http://www.wikidata.org/entity/Q662976,université Paris-Panthéon-Assas,education
http://www.wikidata.org/entity/Q15869276,http://www.wikidata.org/entity/Q859363,Institut d'études politiques de Paris,education
http://www.wikidata.org/entity/Q1590383,http://www.wikidata.org/entity/Q4027,université Jean-Moulin-Lyon-III,education
http://www.wikidata.org/entity/Q15981,http://www.wikidata.org/entity/Q152087,université Humboldt de Berlin,education
http://www.wikidata.org/entity/Q15981,http://www.wikidata.org/entity/Q152171,université rhénane Frédéric-Guillaume de Bonn,education
http://www.wikidata.org/entity/Q15981,http://www.wikidata.org/entity/Q157575,université de Strasbourg,education
http://www.wikidata.org/entity/Q15981,http://www.wikidata.org/entity/Q157575,université de Strasbourg,employment
http://www.wikidata.org/entity/Q15981,http://www.wikidata.org/entity/Q2536594,WKStV Unitas-Salia Bonn,membership
http://www.wikidata.org/entity/Q15981,http://www.wikidata.org/entity/Q3268665,lycée Fabert de Metz,education
http://www.wikidata.org/entity/Q15981,http://www.wikidata.org/entity/Q545334,Athénée de Luxembourg,education
http://www.wikidata.org/entity/Q15981,http://www.wikidata.org/entity/Q55044,Université Louis-et-Maximilien de Munich,education
http://www.wikidata.org/entity/Q16026676,http://www.wikidata.org/entity/Q1664755,Institut d'études politiques de Toulouse,education
http://www.wikidata.org/entity/Q16027189,http://www.wikidata.org/entity/Q524289,Conservatoire national des arts et métiers,education
http://www.wikidata.org/entity/Q16027189,http://www.wikidata.org/entity/Q67404635,Fédération des industries mécaniques,membership
http://www.wikidata.org/entity/Q160802,http://www.wikidata.org/entity/Q1493021,Académie nationale d'ingénierie des États-Unis,membership
http://www.wikidata.org/entity/Q160802,http://www.wikidata.org/entity/Q155446,Institut supérieur de l'aéronautique et de l'espace,education
http://www.wikidata.org/entity/Q160802,http://www.wikidata.org/entity/Q3046113,ESIEE Paris,education
http://www.wikidata.org/entity/Q160802,http://www.wikidata.org/entity/Q578023,université de Toulouse,education
http://www.wikidata.org/entity/Q160802,http://www.wikidata.org/entity/Q926749,lycée Condorcet,education
http://www.wikidata.org/entity/Q16262906,http://www.wikidata.org/entity/Q16677300,"Société historique et archéologique de Pontoise, du Val-d'Oise et du Vexin",membership
http://www.wikidata.org/entity/Q16266321,http://www.wikidata.org/entity/Q1252062,Institut d'études politiques de Bordeaux,education
http://www.wikidata.org/entity/Q16266321,http://www.wikidata.org/entity/Q1878600,lycée Henri-IV,education
http://www.wikidata.org/entity/Q16266321,http://www.wikidata.org/entity/Q273518,École des hautes études en sciences sociales,education
http://www.wikidata.org/entity/Q16266321,http://www.wikidata.org/entity/Q273605,École normale supérieure de Fontenay-Saint-Cloud,education
http://www.wikidata.org/entity/Q16266321,http://www.wikidata.org/entity/Q3083211,Français du monde - ADFE,membership
http://www.wikidata.org/entity/Q16266321,http://www.wikidata.org/entity/Q494247,université de Rouen-Normandie,education
http://www.wikidata.org/entity/Q16266968,http://www.wikidata.org/entity/Q859363,Institut d'études politiques de Paris,education
http://www.wikidata.org/entity/Q16627713,http://www.wikidata.org/entity/Q20749407,faculté de droit et des sciences économiques de Paris,education
http://www.wikidata.org/entity/Q16627713,http://www.wikidata.org/entity/Q273523,École nationale des ponts et chaussées,education
http://www.wikidata.org/entity/Q16627713,http://www.wikidata.org/entity/Q999763,université Paris-I-Panthéon-Sorbonne,employment
http://www.wikidata.org/entity/Q16642462,http://www.wikidata.org/entity/Q2253344,Institut d'études politiques de Lyon,education
http://www.wikidata.org/entity/Q16642462,http://www.wikidata.org/entity/Q4027,université Jean-Moulin-Lyon-III,education
http://www.wikidata.org/entity/Q16646407,http://www.wikidata.org/entity/Q494335,université de Tours,education
http://www.wikidata.org/entity/Q16646407,http://www.wikidata.org/entity/Q859363,Institut d'études politiques de Paris,education
http://www.wikidata.org/entity/Q16663096,http://www.wikidata.org/entity/Q273579,École nationale d'administration,education
http://www.wikidata.org/entity/Q16669934,http://www.wikidata.org/entity/Q1664755,Institut d'études politiques de Toulouse,education
http://www.wikidata.org/entity/Q16683347,http://www.wikidata.org/entity/Q1780212,université Paris-Nord,education
http://www.wikidata.org/entity/Q16683347,http://www.wikidata.org/entity/Q186638,université de Versailles-Saint-Quentin-en-Yvelines,education
http://www.wikidata.org/entity/Q1674130,http://www.wikidata.org/entity/Q3578093,École nationale d'ingénieurs de Saint-Étienne,education
http://www.wikidata.org/entity/Q16798459,http://www.wikidata.org/entity/Q3456533,Réseau Brutus,membership
http://www.wikidata.org/entity/Q16798570,http://www.wikidata.org/entity/Q118803057,commune de Sébécourt,employment
http://www.wikidata.org/entity/Q1684726,http://www.wikidata.org/entity/Q1235608,université Paris-Diderot,education
http://www.wikidata.org/entity/Q1684726,http://www.wikidata.org/entity/Q1394262,université Paris-Nanterre,education
http://www.wikidata.org/entity/Q1684726,http://www.wikidata.org/entity/Q170972,Parti socialiste,employment
http://www.wikidata.org/entity/Q1684726,http://www.wikidata.org/entity/Q2816479,Union nationale des étudiants de France,employment
http://www.wikidata.org/entity/Q1684726,http://www.wikidata.org/entity/Q3331043,Mutuelle nationale des étudiants de France,employment
http://www.wikidata.org/entity/Q1685157,http://www.wikidata.org/entity/Q1475041,Institut d'études politiques,education
http://www.wikidata.org/entity/Q1685157,http://www.wikidata.org/entity/Q273579,École nationale d'administration,education
http://www.wikidata.org/entity/Q1685157,http://www.wikidata.org/entity/Q859363,Institut d'études politiques de Paris,education
http://www.wikidata.org/entity/Q1685524,http://www.wikidata.org/entity/Q337543,Académie des sciences morales et politiques,membership
http://www.wikidata.org/entity/Q1685524,http://www.wikidata.org/entity/Q661056,université de Poitiers,employment
http://www.wikidata.org/entity/Q1685524,http://www.wikidata.org/entity/Q662976,université Paris-Panthéon-Assas,employment
http://www.wikidata.org/entity/Q1685859,http://www.wikidata.org/entity/Q1059546,lycée Louis-le-Grand,education
http://www.wikidata.org/entity/Q1685859,http://www.wikidata.org/entity/Q662976,université Paris-Panthéon-Assas,education
http://www.wikidata.org/entity/Q17155333,http://www.wikidata.org/entity/Q3064282,faculté des sciences médicales et paramédicales de Marseille,education
http://www.wikidata.org/entity/Q17173914,http://www.wikidata.org/entity/Q1664755,Institut d'études politiques de Toulouse,education
http://www.wikidata.org/entity/Q17173914,http://www.wikidata.org/entity/Q590201,université Toulouse-Capitole,education
http://www.wikidata.org/entity/Q1717882,http://www.wikidata.org/entity/Q112611146,HEC Alumni,membership
http://www.wikidata.org/entity/Q1717882,http://www.wikidata.org/entity/Q273535,HEC Paris,education
http://www.wikidata.org/entity/Q1717882,http://www.wikidata.org/entity/Q273579,École nationale d'administration,education
http://www.wikidata.org/entity/Q1717882,http://www.wikidata.org/entity/Q859363,Institut d'études politiques de Paris,education
http://www.wikidata.org/entity/Q1726930,http://www.wikidata.org/entity/Q2302586,université d'Aix-Marseille,education
http://www.wikidata.org/entity/Q1726930,http://www.wikidata.org/entity/Q3064255,faculté de droit et de science politique d'Aix-Marseille,education
http://www.wikidata.org/entity/Q17350621,http://www.wikidata.org/entity/Q3062988,F2,membership
http://www.wikidata.org/entity/Q17350621,http://www.wikidata.org/entity/Q3094814,Gallia,membership
http://www.wikidata.org/entity/Q17350680,http://www.wikidata.org/entity/Q1587855,École des hautes études en santé publique,education
http://www.wikidata.org/entity/Q17351002,http://www.wikidata.org/entity/Q273626,École polytechnique,education
http://www.wikidata.org/entity/Q17485615,http://www.wikidata.org/entity/Q1987845,"Conseil économique, social et environnemental",membership
http://www.wikidata.org/entity/Q17485615,http://www.wikidata.org/entity/Q859363,Institut d'études politiques de Paris,education
http://www.wikidata.org/entity/Q17496948,http://www.wikidata.org/entity/Q1252062,Institut d'études politiques de Bordeaux,education
http://www.wikidata.org/entity/Q17632457,http://www.wikidata.org/entity/Q2138163,TV5 Monde,employment
http://www.wikidata.org/entity/Q17632457,http://www.wikidata.org/entity/Q214683,TF1,employment
http://www.wikidata.org/entity/Q17632457,http://www.wikidata.org/entity/Q2390480,Marathon Média,employment
http://www.wikidata.org/entity/Q17632457,http://www.wikidata.org/entity/Q273642,École supérieure des sciences économiques et commerciales,education
http://www.wikidata.org/entity/Q17632457,http://www.wikidata.org/entity/Q29293,ESCP Business School,education
http://www.wikidata.org/entity/Q17632457,http://www.wikidata.org/entity/Q3001891,Coyote,employment
http://www.wikidata.org/entity/Q17632457,http://www.wikidata.org/entity/Q520445,Fremantle,employment
http://www.wikidata.org/entity/Q1768192,http://www.wikidata.org/entity/Q859363,Institut d'études politiques de Paris,education
http://www.wikidata.org/entity/Q1778536,http://www.wikidata.org/entity/Q1059546,lycée Louis-le-Grand,education
http://www.wikidata.org/entity/Q1778536,http://www.wikidata.org/entity/Q1275372,ENSAE Paris,education
http://www.wikidata.org/entity/Q1778536,http://www.wikidata.org/entity/Q273626,École polytechnique,education
http://www.wikidata.org/entity/Q1778536,http://www.wikidata.org/entity/Q662976,université Paris-Panthéon-Assas,education
http://www.wikidata.org/entity/Q1778536,http://www.wikidata.org/entity/Q859363,Institut d'études politiques de Paris,education
http://www.wikidata.org/entity/Q178339,http://www.wikidata.org/entity/Q1857334,université de Bretagne-Occidentale,education
http://www.wikidata.org/entity/Q178339,http://www.wikidata.org/entity/Q3578249,École nationale supérieure des mines de Nancy,education
http://www.wikidata.org/entity/Q178339,http://www.wikidata.org/entity/Q939743,Assemblée parlementaire du Conseil de l'Europe,membership
http://www.wikidata.org/entity/Q182786,http://www.wikidata.org/entity/Q25379453,Union Paneuropéenne de France,membership
http://www.wikidata.org/entity/Q182786,http://www.wikidata.org/entity/Q273579,École nationale d'administration,education
http://www.wikidata.org/entity/Q182786,http://www.wikidata.org/entity/Q859363,Institut d'études politiques de Paris,education
http://www.wikidata.org/entity/Q182786,http://www.wikidata.org/entity/Q999763,université Paris-I-Panthéon-Sorbonne,education
http://www.wikidata.org/entity/Q1844180,http://www.wikidata.org/entity/Q859363,Institut d'études politiques de Paris,education
http://www.wikidata.org/entity/Q18553,http://www.wikidata.org/entity/Q21021580,Sopra Steria,employment
http://www.wikidata.org/entity/Q18553,http://www.wikidata.org/entity/Q245247,King's College de Londres,education
http://www.wikidata.org/entity/Q18553,http://www.wikidata.org/entity/Q2986538,"Commission des Lois constitutionnelles, de la Législation et de l'Administration générale de la République",membership
http://www.wikidata.org/entity/Q18553,http://www.wikidata.org/entity/Q3003244,Croix-Rouge française,employment
http://www.wikidata.org/entity/Q18553,http://www.wikidata.org/entity/Q3268766,lycée Joffre,education
http://www.wikidata.org/entity/Q18553,http://www.wikidata.org/entity/Q5147631,collège Saint-Joseph de Hull,education
http://www.wikidata.org/entity/Q18553,http://www.wikidata.org/entity/Q662976,université Paris-Panthéon-Assas,education
http://www.wikidata.org/entity/Q18553,http://www.wikidata.org/entity/Q7730132,The Dickson Poon School of Law,education
http://www.wikidata.org/entity/Q18553,http://www.wikidata.org/entity/Q78459,Roland Berger,employment
http://www.wikidata.org/entity/Q18553,http://www.wikidata.org/entity/Q859363,Institut d'études politiques de Paris,education
http://www.wikidata.org/entity/Q18553,http://www.wikidata.org/entity/Q999763,université Paris-I-Panthéon-Sorbonne,education
http://www.wikidata.org/entity/Q1862692,http://www.wikidata.org/entity/Q939743,Assemblée parlementaire du Conseil de l'Europe,membership
http://www.wikidata.org/entity/Q18744648,http://www.wikidata.org/entity/Q83259,École normale supérieure,education
http://www.wikidata.org/entity/Q18744955,http://www.wikidata.org/entity/Q524289,Conservatoire national des arts et métiers,education
http://www.wikidata.org/entity/Q19057881,http://www.wikidata.org/entity/Q3577658,École Boulle,education
http://www.wikidata.org/entity/Q1922673,http://www.wikidata.org/entity/Q1542968,Grande Loge nationale française,membership
http://www.wikidata.org/entity/Q1922673,http://www.wikidata.org/entity/Q2302586,université d'Aix-Marseille,education
http://www.wikidata.org/entity/Q1922673,http://www.wikidata.org/entity/Q3326539,Mouvement contre le racisme et pour l'amitié entre les peuples,membership
http://www.wikidata.org/entity/Q1922673,http://www.wikidata.org/entity/Q662976,université Paris-Panthéon-Assas,education
http://www.wikidata.org/entity/Q1930751,http://www.wikidata.org/entity/Q3128334,cours Hattemer,education
http://www.wikidata.org/entity/Q1930751,http://www.wikidata.org/entity/Q859363,Institut d'études politiques de Paris,education
http://www.wikidata.org/entity/Q1930751,http://www.wikidata.org/entity/Q926749,lycée Condorcet,education
http://www.wikidata.org/entity/Q19344680,http://www.wikidata.org/entity/Q1470431,Institut catholique de Paris,education
http://www.wikidata.org/entity/Q19344680,http://www.wikidata.org/entity/Q16010821,Athénée royal de Bruxelles,education
http://www.wikidata.org/entity/Q19344680,http://www.wikidata.org/entity/Q3151805,Institut Saint-Boniface-Parnasse,education
http://www.wikidata.org/entity/Q19358512,http://www.wikidata.org/entity/Q2696397,Éditions Robert Laffont,employment
http://www.wikidata.org/entity/Q19358512,http://www.wikidata.org/entity/Q3205135,L'Écho d'Oran,employment
http://www.wikidata.org/entity/Q19360792,http://www.wikidata.org/entity/Q273579,École nationale d'administration,education
http://www.wikidata.org/entity/Q19361004,http://www.wikidata.org/entity/Q3268661,lycée Livet,education
http://www.wikidata.org/entity/Q1940443,http://www.wikidata.org/entity/Q3268614,lycée Carnot,education
http://www.wikidata.org/entity/Q19606880,http://www.wikidata.org/entity/Q475504,université d'Artois,education
http://www.wikidata.org/entity/Q19607208,http://www.wikidata.org/entity/Q1968395,Audencia,education
http://www.wikidata.org/entity/Q19607208,http://www.wikidata.org/entity/Q3064267,faculté de droit de Rennes,education
http://www.wikidata.org/entity/Q19629722,http://www.wikidata.org/entity/Q3268638,lycée Pierre-Corneille de Rouen,education
http://www.wikidata.org/entity/Q19630029,http://www.wikidata.org/entity/Q2867794,Association générale des étudiants,membership
http://www.wikidata.org/entity/Q19630029,http://www.wikidata.org/entity/Q3064267,faculté de droit de Rennes,education
http://www.wikidata.org/entity/Q1967590,http://www.wikidata.org/entity/Q546118,université Paris-Sorbonne,education
http://www.wikidata.org/entity/Q1967590,http://www.wikidata.org/entity/Q578023,université de Toulouse,education
http://www.wikidata.org/entity/Q1967590,http://www.wikidata.org/entity/Q731738,Le Droit humain,membership
http://www.wikidata.org/entity/Q1967590,http://www.wikidata.org/entity/Q776223,université de Montpellier,education
http://www.wikidata.org/entity/Q198005,http://www.wikidata.org/entity/Q273605,École normale supérieure de Fontenay-Saint-Cloud,education
http://www.wikidata.org/entity/Q198005,http://www.wikidata.org/entity/Q859363,Institut d'études politiques de Paris,employment
http://www.wikidata.org/entity/Q19958573,http://www.wikidata.org/entity/Q4027,université Jean-Moulin-Lyon-III,education
http://www.wikidata.org/entity/Q20020731,http://www.wikidata.org/entity/Q1110030,Collège des ingénieurs,education
http://www.wikidata.org/entity/Q20020731,http://www.wikidata.org/entity/Q273523,École nationale des ponts et chaussées,education
http://www.wikidata.org/entity/Q20020731,http://www.wikidata.org/entity/Q273626,École polytechnique,education
http://www.wikidata.org/entity/Q20089164,http://www.wikidata.org/entity/Q18695577,Institut Paul-Bocuse,education
http://www.wikidata.org/entity/Q20089164,http://www.wikidata.org/entity/Q273642,École supérieure des sciences économiques et commerciales,education
http://www.wikidata.org/entity/Q20089164,http://www.wikidata.org/entity/Q3551778,université française du Pacifique,education
http://www.wikidata.org/entity/Q20155717,http://www.wikidata.org/entity/Q1252062,Institut d'études politiques de Bordeaux,education
http://www.wikidata.org/entity/Q2020823,http://www.wikidata.org/entity/Q3151959,Institut d'études politiques de Grenoble,education
http://www.wikidata.org/entity/Q203793,http://www.wikidata.org/entity/Q126924910,Les Fils d'Isis,membership
http://www.wikidata.org/entity/Q203793,http://www.wikidata.org/entity/Q2496149,université de Reims-Champagne-Ardenne,education
http://www.wikidata.org/entity/Q2038,http://www.wikidata.org/entity/Q186595,Forces françaises de l'intérieur,membership
http://www.wikidata.org/entity/Q2038,http://www.wikidata.org/entity/Q2822402,Académie du Morvan,membership
http://www.wikidata.org/entity/Q2038,http://www.wikidata.org/entity/Q3064259,faculté de droit de Paris,education
http://www.wikidata.org/entity/Q2038,http://www.wikidata.org/entity/Q859363,Institut d'études politiques de Paris,education
http://www.wikidata.org/entity/Q2059067,http://www.wikidata.org/entity/Q1132066,école spéciale militaire de Saint-Cyr,education
http://www.wikidata.org/entity/Q2059067,http://www.wikidata.org/entity/Q62537607,lycée polyvalent Jean-Baptiste Dumas d'Alès,education
http://www.wikidata.org/entity/Q20857507,http://www.wikidata.org/entity/Q1394262,université Paris-Nanterre,education
http://www.wikidata.org/entity/Q20882460,http://www.wikidata.org/entity/Q662976,université Paris-Panthéon-Assas,education
http://www.wikidata.org/entity/Q2093637,http://www.wikidata.org/entity/Q273579,École nationale d'administration,education
http://www.wikidata.org/entity/Q20991576,http://www.wikidata.org/entity/Q1139065,Institut d'études politiques d'Aix-en-Provence,education
http://www.wikidata.org/entity/Q20991576,http://www.wikidata.org/entity/Q1198571,université Nice-Sophia-Antipolis,education
http://www.wikidata.org/entity/Q20991576,http://www.wikidata.org/entity/Q2302586,université d'Aix-Marseille,education
http://www.wikidata.org/entity/Q21013136,http://www.wikidata.org/entity/Q500740,université Lille-I,education
http://www.wikidata.org/entity/Q21013136,http://www.wikidata.org/entity/Q500740,université Lille-I,employment
http://www.wikidata.org/entity/Q21013136,http://www.wikidata.org/entity/Q661056,université de Poitiers,education
http://www.wikidata.org/entity/Q2105,http://www.wikidata.org/entity/Q1059546,lycée Louis-le-Grand,education
http://www.wikidata.org/entity/Q2105,http://www.wikidata.org/entity/Q273579,École nationale d'administration,education
http://www.wikidata.org/entity/Q2105,http://www.wikidata.org/entity/Q3128334,cours Hattemer,education
http://www.wikidata.org/entity/Q2105,http://www.wikidata.org/entity/Q3268614,lycée Carnot,education
http://www.wikidata.org/entity/Q2105,http://www.wikidata.org/entity/Q667786,Harvard Summer School,education
http://www.wikidata.org/entity/Q2105,http://www.wikidata.org/entity/Q859363,Institut d'études politiques de Paris,education
http://www.wikidata.org/entity/Q2114685,http://www.wikidata.org/entity/Q2496149,université de Reims-Champagne-Ardenne,education
http://www.wikidata.org/entity/Q2114734,http://www.wikidata.org/entity/Q1548539,université polytechnique Hauts-de-France,education
http://www.wikidata.org/entity/Q2114752,http://www.wikidata.org/entity/Q131137989,emlyon alumni,membership
http://www.wikidata.org/entity/Q2114752,http://www.wikidata.org/entity/Q1795504,EM Lyon Business School,education
http://www.wikidata.org/entity/Q2114752,http://www.wikidata.org/entity/Q945876,université Grenoble-Alpes,education
http://www.wikidata.org/entity/Q2124,http://www.wikidata.org/entity/Q1059546,lycée Louis-le-Grand,education
http://www.wikidata.org/entity/Q2124,http://www.wikidata.org/entity/Q1431541,lycée Janson-de-Sailly,education
http://www.wikidata.org/entity/Q2124,http://www.wikidata.org/entity/Q161806,Académie française,membership
http://www.wikidata.org/entity/Q2124,http://www.wikidata.org/entity/Q273579,École nationale d'administration,education
http://www.wikidata.org/entity/Q2124,http://www.wikidata.org/entity/Q273626,École polytechnique,education
http://www.wikidata.org/entity/Q2124,http://www.wikidata.org/entity/Q3151643,Inspection générale des finances,employment
http://www.wikidata.org/entity/Q2124,http://www.wikidata.org/entity/Q6101686,Académie royale espagnole d'économie et de sciences financières,membership
http://www.wikidata.org/entity/Q21294609,http://www.wikidata.org/entity/Q3578552,École des hautes études internationales et politiques,education
http://www.wikidata.org/entity/Q215569,http://www.wikidata.org/entity/Q1059546,lycée Louis-le-Grand,education
http://www.wikidata.org/entity/Q215569,http://www.wikidata.org/entity/Q273579,École nationale d'administration,education
http://www.wikidata.org/entity/Q215569,http://www.wikidata.org/entity/Q3075672,French-American Foundation,membership
http://www.wikidata.org/entity/Q215569,http://www.wikidata.org/entity/Q3151643,Inspection générale des finances,employment
http://www.wikidata.org/entity/Q215569,http://www.wikidata.org/entity/Q83259,École normale supérieure,education
http://www.wikidata.org/entity/Q215569,http://www.wikidata.org/entity/Q859363,Institut d'études politiques de Paris,education
http://www.wikidata.org/entity/Q2161575,http://www.wikidata.org/entity/Q1933558,université Toulouse-Jean-Jaurès,education
http://www.wikidata.org/entity/Q21621478,http://www.wikidata.org/entity/Q20012759,Les Républicains,membership
http://www.wikidata.org/entity/Q21621478,http://www.wikidata.org/entity/Q3152617,Institut supérieur du management public et politique,education
http://www.wikidata.org/entity/Q217070,http://www.wikidata.org/entity/Q1059546,lycée Louis-le-Grand,education
http://www.wikidata.org/entity/Q217070,http://www.wikidata.org/entity/Q1431541,lycée Janson-de-Sailly,education
http://www.wikidata.org/entity/Q217070,http://www.wikidata.org/entity/Q273579,École nationale d'administration,education
http://www.wikidata.org/entity/Q217070,http://www.wikidata.org/entity/Q83259,École normale supérieure,education
http://www.wikidata.org/entity/Q217070,http://www.wikidata.org/entity/Q859363,Institut d'études politiques de Paris,education
http://www.wikidata.org/entity/Q2185,http://www.wikidata.org/entity/Q1059546,lycée Louis-le-Grand,education
http://www.wikidata.org/entity/Q2185,http://www.wikidata.org/entity/Q1961890,NM Rothschild & Sons,employment
http://www.wikidata.org/entity/Q2185,http://www.wikidata.org/entity/Q3268893,lycée Pierre-de-Fermat,education
http://www.wikidata.org/entity/Q2185,http://www.wikidata.org/entity/Q83259,École normale supérieure,education
http://www.wikidata.org/entity/Q2185,http://www.wikidata.org/entity/Q859363,Institut d'études politiques de Paris,education
http://www.wikidata.org/entity/Q2263544,http://www.wikidata.org/entity/Q1987282,université de Rennes,education
http://www.wikidata.org/entity/Q2263544,http://www.wikidata.org/entity/Q939743,Assemblée parlementaire du Conseil de l'Europe,membership
http://www.wikidata.org/entity/Q22683833,http://www.wikidata.org/entity/Q292228,AG2R La Mondiale,employment
http://www.wikidata.org/entity/Q22683833,http://www.wikidata.org/entity/Q834819,université de La Réunion,education
http://www.wikidata.org/entity/Q22687837,http://www.wikidata.org/entity/Q3551621,université de Lille,education
http://www.wikidata.org/entity/Q2271318,http://www.wikidata.org/entity/Q939743,Assemblée parlementaire du Conseil de l'Europe,membership
http://www.wikidata.org/entity/Q2271848,http://www.wikidata.org/entity/Q273518,École des hautes études en sciences sociales,education
http://www.wikidata.org/entity/Q2271848,http://www.wikidata.org/entity/Q3578432,Clermont School of Business,education
http://www.wikidata.org/entity/Q2271854,http://www.wikidata.org/entity/Q135334081,Association des amis du Félibrige au Sénat,membership
http://www.wikidata.org/entity/Q2271854,http://www.wikidata.org/entity/Q2912244,université Paul-Valéry,education
http://www.wikidata.org/entity/Q2277769,http://www.wikidata.org/entity/Q1144565,université d'Umeå,education
http://www.wikidata.org/entity/Q2277769,http://www.wikidata.org/entity/Q13334,université d'Orléans,education
http://www.wikidata.org/entity/Q2277769,http://www.wikidata.org/entity/Q13335,université Bordeaux-IV,education
http://www.wikidata.org/entity/Q2277769,http://www.wikidata.org/entity/Q18380084,musée du débarquement Utah Beach,employment
http://www.wikidata.org/entity/Q2277769,http://www.wikidata.org/entity/Q280413,Centre national de la recherche scientifique,employment
http://www.wikidata.org/entity/Q2277769,http://www.wikidata.org/entity/Q546118,université Paris-Sorbonne,education
http://www.wikidata.org/entity/Q2277769,http://www.wikidata.org/entity/Q838691,Muséum national d'histoire naturelle,education
http://www.wikidata.org/entity/Q2277769,http://www.wikidata.org/entity/Q838691,Muséum national d'histoire naturelle,employment
http://www.wikidata.org/entity/Q2277782,http://www.wikidata.org/entity/Q273579,École nationale d'administration,education
http://www.wikidata.org/entity/Q2277782,http://www.wikidata.org/entity/Q859363,Institut d'études politiques de Paris,education
http://www.wikidata.org/entity/Q228977,http://www.wikidata.org/entity/Q273579,École nationale d'administration,education
http://www.wikidata.org/entity/Q228977,http://www.wikidata.org/entity/Q273579,École nationale d'administration,employment
http://www.wikidata.org/entity/Q228977,http://www.wikidata.org/entity/Q662976,université Paris-Panthéon-Assas,education
http://www.wikidata.org/entity/Q228977,http://www.wikidata.org/entity/Q859363,Institut d'études politiques de Paris,education
http://www.wikidata.org/entity/Q228977,http://www.wikidata.org/entity/Q999763,université Paris-I-Panthéon-Sorbonne,education
http://www.wikidata.org/entity/Q230861,http://www.wikidata.org/entity/Q112611146,HEC Alumni,membership
http://www.wikidata.org/entity/Q230861,http://www.wikidata.org/entity/Q3128482,HEC Jeunes Filles,education
http://www.wikidata.org/entity/Q23374860,http://www.wikidata.org/entity/Q13461555,pôle de compétitivité i-Trans,employment
http://www.wikidata.org/entity/Q23374860,http://www.wikidata.org/entity/Q1548539,université polytechnique Hauts-de-France,education
http://www.wikidata.org/entity/Q23374860,http://www.wikidata.org/entity/Q271,Prytanée national militaire,education
http://www.wikidata.org/entity/Q23384045,http://www.wikidata.org/entity/Q1141586,université Lille-III,education
http://www.wikidata.org/entity/Q23384045,http://www.wikidata.org/entity/Q1477551,université catholique de Lille,education
http://www.wikidata.org/entity/Q2363059,http://www.wikidata.org/entity/Q3578432,Clermont School of Business,education
http://www.wikidata.org/entity/Q2373234,http://www.wikidata.org/entity/Q3268696,lycée Georges-Clemenceau,education
http://www.wikidata.org/entity/Q2373234,http://www.wikidata.org/entity/Q939743,Assemblée parlementaire du Conseil de l'Europe,membership
http://www.wikidata.org/entity/Q2375736,http://www.wikidata.org/entity/Q29293,ESCP Business School,education
http://www.wikidata.org/entity/Q2379348,http://www.wikidata.org/entity/Q2371114,lycée Lyautey,education
http://www.wikidata.org/entity/Q2379348,http://www.wikidata.org/entity/Q3117571,Montpellier Business School,education
http://www.wikidata.org/entity/Q2379348,http://www.wikidata.org/entity/Q859363,Institut d'études politiques de Paris,education
http://www.wikidata.org/entity/Q2381218,http://www.wikidata.org/entity/Q939743,Assemblée parlementaire du Conseil de l'Europe,membership
http://www.wikidata.org/entity/Q2385796,http://www.wikidata.org/entity/Q21684727,Institut national des hautes études de sécurité,education
http://www.wikidata.org/entity/Q2385796,http://www.wikidata.org/entity/Q3152161,Institut des hautes études de défense nationale,education
http://www.wikidata.org/entity/Q2385796,http://www.wikidata.org/entity/Q939743,Assemblée parlementaire du Conseil de l'Europe,membership
http://www.wikidata.org/entity/Q2385796,http://www.wikidata.org/entity/Q999763,université Paris-I-Panthéon-Sorbonne,education
http://www.wikidata.org/entity/Q2386047,http://www.wikidata.org/entity/Q273579,École nationale d'administration,education
http://www.wikidata.org/entity/Q2386047,http://www.wikidata.org/entity/Q859363,Institut d'études politiques de Paris,education
http://www.wikidata.org/entity/Q2386204,http://www.wikidata.org/entity/Q859363,Institut d'études politiques de Paris,education
http://www.wikidata.org/entity/Q2388603,http://www.wikidata.org/entity/Q3043077,Défense conseil international,employment
http://www.wikidata.org/entity/Q23907483,http://www.wikidata.org/entity/Q1538727,université d'Angers,education
http://www.wikidata.org/entity/Q23907483,http://www.wikidata.org/entity/Q1538727,université d'Angers,employment
http://www.wikidata.org/entity/Q23907483,http://www.wikidata.org/entity/Q903888,université Montpellier-I,education
http://www.wikidata.org/entity/Q2396260,http://www.wikidata.org/entity/Q84026,IFP Énergies nouvelles,education
http://www.wikidata.org/entity/Q2399474,http://www.wikidata.org/entity/Q259388,université de Nantes,education
http://www.wikidata.org/entity/Q2406906,http://www.wikidata.org/entity/Q2822394,Académie des sciences et lettres de Montpellier,membership
http://www.wikidata.org/entity/Q2406906,http://www.wikidata.org/entity/Q98959812,Fidélité et Travail,membership
http://www.wikidata.org/entity/Q2413788,http://www.wikidata.org/entity/Q1381437,université d'Auvergne - Clermont I,education
http://www.wikidata.org/entity/Q2447029,http://www.wikidata.org/entity/Q273626,École polytechnique,education
http://www.wikidata.org/entity/Q2447029,http://www.wikidata.org/entity/Q939743,Assemblée parlementaire du Conseil de l'Europe,membership
http://www.wikidata.org/entity/Q2472833,http://www.wikidata.org/entity/Q273579,École nationale d'administration,education
http://www.wikidata.org/entity/Q2472833,http://www.wikidata.org/entity/Q83259,École normale supérieure,education
http://www.wikidata.org/entity/Q2482453,http://www.wikidata.org/entity/Q2661290,université de Limoges,education
http://www.wikidata.org/entity/Q2482462,http://www.wikidata.org/entity/Q1132066,école spéciale militaire de Saint-Cyr,education
http://www.wikidata.org/entity/Q2483192,http://www.wikidata.org/entity/Q776223,université de Montpellier,education
http://www.wikidata.org/entity/Q2496489,http://www.wikidata.org/entity/Q1132066,école spéciale militaire de Saint-Cyr,education
http://www.wikidata.org/entity/Q2496489,http://www.wikidata.org/entity/Q21514706,École supérieure de guerre,education
http://www.wikidata.org/entity/Q2496489,http://www.wikidata.org/entity/Q2983698,collège Stanislas,education
http://www.wikidata.org/entity/Q2514772,http://www.wikidata.org/entity/Q335841,université de Corse-Pascal-Paoli,education
http://www.wikidata.org/entity/Q256294,http://www.wikidata.org/entity/Q2005815,Conseil des communes et régions d'Europe,membership
http://www.wikidata.org/entity/Q256294,http://www.wikidata.org/entity/Q2974854,Cités et Gouvernements locaux unis,membership
http://www.wikidata.org/entity/Q256294,http://www.wikidata.org/entity/Q590201,université Toulouse-Capitole,education
http://www.wikidata.org/entity/Q2564543,http://www.wikidata.org/entity/Q1093381,X-Crise,membership
http://www.wikidata.org/entity/Q2564543,http://www.wikidata.org/entity/Q273626,École polytechnique,education
http://www.wikidata.org/entity/Q2597725,http://www.wikidata.org/entity/Q287072,université Bourgogne-Europe,education
http://www.wikidata.org/entity/Q26214575,http://www.wikidata.org/entity/Q947747,université de Picardie Jules-Verne,education
http://www.wikidata.org/entity/Q2636454,http://www.wikidata.org/entity/Q65619818,loge Écho 1,membership
http://www.wikidata.org/entity/Q2676536,http://www.wikidata.org/entity/Q83259,École normale supérieure,education
http://www.wikidata.org/entity/Q268595,http://www.wikidata.org/entity/Q1034621,Capgemini,employment
http://www.wikidata.org/entity/Q268595,http://www.wikidata.org/entity/Q1059546,lycée Louis-le-Grand,education
http://www.wikidata.org/entity/Q268595,http://www.wikidata.org/entity/Q18515603,lycée Jean-Pierre-Vernant,education
http://www.wikidata.org/entity/Q268595,http://www.wikidata.org/entity/Q273626,École polytechnique,education
http://www.wikidata.org/entity/Q268595,http://www.wikidata.org/entity/Q3075672,French-American Foundation,membership
http://www.wikidata.org/entity/Q268634,http://www.wikidata.org/entity/Q1235608,université Paris-Diderot,education
http://www.wikidata.org/entity/Q268634,http://www.wikidata.org/entity/Q273642,École supérieure des sciences économiques et commerciales,education
http://www.wikidata.org/entity/Q268634,http://www.wikidata.org/entity/Q55849612,université Paris-Cité,education
http://www.wikidata.org/entity/Q268669,http://www.wikidata.org/entity/Q136822,enseignement supérieur,education
http://www.wikidata.org/entity/Q268669,http://www.wikidata.org/entity/Q829449,université Marie-et-Louis-Pasteur,education
http://www.wikidata.org/entity/Q268675,http://www.wikidata.org/entity/Q1144549,université Pierre-et-Marie-Curie,education
http://www.wikidata.org/entity/Q268675,http://www.wikidata.org/entity/Q546118,université Paris-Sorbonne,education
http://www.wikidata.org/entity/Q268675,http://www.wikidata.org/entity/Q662976,université Paris-Panthéon-Assas,education
http://www.wikidata.org/entity/Q2689081,http://www.wikidata.org/entity/Q459026,université Rennes-II,education
http://www.wikidata.org/entity/Q2689088,http://www.wikidata.org/entity/Q3152159,Institut des hautes études de droit rural et d'économie agricole,education
http://www.wikidata.org/entity/Q2695709,http://www.wikidata.org/entity/Q2947157,Ceux de la Résistance,membership
http://www.wikidata.org/entity/Q2695709,http://www.wikidata.org/entity/Q337543,Académie des sciences morales et politiques,membership
http://www.wikidata.org/entity/Q2695709,http://www.wikidata.org/entity/Q939743,Assemblée parlementaire du Conseil de l'Europe,membership
http://www.wikidata.org/entity/Q270094,http://www.wikidata.org/entity/Q13371,Université Harvard,education
http://www.wikidata.org/entity/Q270094,http://www.wikidata.org/entity/Q3075672,French-American Foundation,membership
http://www.wikidata.org/entity/Q270094,http://www.wikidata.org/entity/Q83259,École normale supérieure,education
http://www.wikidata.org/entity/Q270094,http://www.wikidata.org/entity/Q859363,Institut d'études politiques de Paris,education
http://www.wikidata.org/entity/Q270094,http://www.wikidata.org/entity/Q859363,Institut d'études politiques de Paris,employment
http://www.wikidata.org/entity/Q271537,http://www.wikidata.org/entity/Q280413,Centre national de la recherche scientifique,employment
http://www.wikidata.org/entity/Q271537,http://www.wikidata.org/entity/Q590952,Crédit agricole,employment
http://www.wikidata.org/entity/Q271537,http://www.wikidata.org/entity/Q662976,université Paris-Panthéon-Assas,education
http://www.wikidata.org/entity/Q273143,http://www.wikidata.org/entity/Q1394262,université Paris-Nanterre,education
http://www.wikidata.org/entity/Q2733287,http://www.wikidata.org/entity/Q859363,Institut d'études politiques de Paris,education
http://www.wikidata.org/entity/Q273701,http://www.wikidata.org/entity/Q662976,université Paris-Panthéon-Assas,education
http://www.wikidata.org/entity/Q274267,http://www.wikidata.org/entity/Q1137404,L'Humanité,employment
http://www.wikidata.org/entity/Q274267,http://www.wikidata.org/entity/Q2867026,Assemblée consultative provisoire,membership
http://www.wikidata.org/entity/Q274267,http://www.wikidata.org/entity/Q3068311,Femmes solidaires,membership
http://www.wikidata.org/entity/Q274267,http://www.wikidata.org/entity/Q5147634,collège Sévigné,education
http://www.wikidata.org/entity/Q274267,http://www.wikidata.org/entity/Q579924,Nuit et brouillard,membership
http://www.wikidata.org/entity/Q274276,http://www.wikidata.org/entity/Q1546437,université Paris-Dauphine,education
http://www.wikidata.org/entity/Q274276,http://www.wikidata.org/entity/Q273642,École supérieure des sciences économiques et commerciales,education
http://www.wikidata.org/entity/Q2746785,http://www.wikidata.org/entity/Q1878600,lycée Henri-IV,education
http://www.wikidata.org/entity/Q2746785,http://www.wikidata.org/entity/Q209842,université de Paris,education
http://www.wikidata.org/entity/Q2746785,http://www.wikidata.org/entity/Q50129778,Association corporative des étudiants en droit,membership
http://www.wikidata.org/entity/Q2746785,http://www.wikidata.org/entity/Q662976,université Paris-Panthéon-Assas,education
http://www.wikidata.org/entity/Q274689,http://www.wikidata.org/entity/Q1139065,Institut d'études politiques d'Aix-en-Provence,education
http://www.wikidata.org/entity/Q274689,http://www.wikidata.org/entity/Q1204304,université Paul-Cézanne - Aix-Marseille III,education
http://www.wikidata.org/entity/Q274689,http://www.wikidata.org/entity/Q273579,École nationale d'administration,education
http://www.wikidata.org/entity/Q274689,http://www.wikidata.org/entity/Q2912244,université Paul-Valéry,education
http://www.wikidata.org/entity/Q2749277,http://www.wikidata.org/entity/Q273579,École nationale d'administration,education
http://www.wikidata.org/entity/Q2754524,http://www.wikidata.org/entity/Q1780212,université Paris-Nord,education
http://www.wikidata.org/entity/Q2754524,http://www.wikidata.org/entity/Q2033673,université Nancy-I,education
http://www.wikidata.org/entity/Q2791083,http://www.wikidata.org/entity/Q1857334,université de Bretagne-Occidentale,education
http://www.wikidata.org/entity/Q2791083,http://www.wikidata.org/entity/Q726595,université Rennes-I,education
http://www.wikidata.org/entity/Q2791083,http://www.wikidata.org/entity/Q999763,université Paris-I-Panthéon-Sorbonne,education
http://www.wikidata.org/entity/Q2791086,http://www.wikidata.org/entity/Q2980151,Carrefour de l'horloge,membership
http://www.wikidata.org/entity/Q28105164,http://www.wikidata.org/entity/Q859363,Institut d'études politiques de Paris,education
http://www.wikidata.org/entity/Q281455,http://www.wikidata.org/entity/Q273560,École nationale de la magistrature,education
http://www.wikidata.org/entity/Q2815233,http://www.wikidata.org/entity/Q1857334,université de Bretagne-Occidentale,education
http://www.wikidata.org/entity/Q2821354,http://www.wikidata.org/entity/Q3551496,université Strasbourg-III,education
http://www.wikidata.org/entity/Q2825162,http://www.wikidata.org/entity/Q939743,Assemblée parlementaire du Conseil de l'Europe,membership
http://www.wikidata.org/entity/Q2828100,http://www.wikidata.org/entity/Q3094814,Gallia,membership
http://www.wikidata.org/entity/Q2829528,http://www.wikidata.org/entity/Q939743,Assemblée parlementaire du Conseil de l'Europe,membership
http://www.wikidata.org/entity/Q2829666,http://www.wikidata.org/entity/Q2253344,Institut d'études politiques de Lyon,education
http://www.wikidata.org/entity/Q2829669,http://www.wikidata.org/entity/Q939743,Assemblée parlementaire du Conseil de l'Europe,membership
http://www.wikidata.org/entity/Q2829673,http://www.wikidata.org/entity/Q661056,université de Poitiers,education
http://www.wikidata.org/entity/Q2829853,http://www.wikidata.org/entity/Q947747,université de Picardie Jules-Verne,education
http://www.wikidata.org/entity/Q2829881,http://www.wikidata.org/entity/Q216047,Le Figaro,employment
http://www.wikidata.org/entity/Q2830085,http://www.wikidata.org/entity/Q273518,École des hautes études en sciences sociales,education
http://www.wikidata.org/entity/Q2830085,http://www.wikidata.org/entity/Q3578450,École supérieure de journalisme de Lille,education
http://www.wikidata.org/entity/Q2830094,http://www.wikidata.org/entity/Q939743,Assemblée parlementaire du Conseil de l'Europe,membership
http://www.wikidata.org/entity/Q2830248,http://www.wikidata.org/entity/Q3151959,Institut d'études politiques de Grenoble,education
http://www.wikidata.org/entity/Q2830299,http://www.wikidata.org/entity/Q859363,Institut d'études politiques de Paris,education
http://www.wikidata.org/entity/Q2830315,http://www.wikidata.org/entity/Q25379453,Union Paneuropéenne de France,membership
http://www.wikidata.org/entity/Q2830328,http://www.wikidata.org/entity/Q568554,université de Caen-Normandie,education
http://www.wikidata.org/entity/Q2830393,http://www.wikidata.org/entity/Q3152161,Institut des hautes études de défense nationale,membership
http://www.wikidata.org/entity/Q2830393,http://www.wikidata.org/entity/Q661056,université de Poitiers,education
http://www.wikidata.org/entity/Q2831091,http://www.wikidata.org/entity/Q3152321,Institut industriel du Nord,education
http://www.wikidata.org/entity/Q2831629,http://www.wikidata.org/entity/Q939743,Assemblée parlementaire du Conseil de l'Europe,membership
http://www.wikidata.org/entity/Q283173,http://www.wikidata.org/entity/Q859363,Institut d'études politiques de Paris,employment
http://www.wikidata.org/entity/Q283173,http://www.wikidata.org/entity/Q947747,université de Picardie Jules-Verne,education
http://www.wikidata.org/entity/Q2834012,http://www.wikidata.org/entity/Q2983698,collège Stanislas,education
http://www.wikidata.org/entity/Q2834022,http://www.wikidata.org/entity/Q273579,École nationale d'administration,education
http://www.wikidata.org/entity/Q2834022,http://www.wikidata.org/entity/Q859363,Institut d'études politiques de Paris,education
http://www.wikidata.org/entity/Q2834446,http://www.wikidata.org/entity/Q999763,université Paris-I-Panthéon-Sorbonne,education
http://www.wikidata.org/entity/Q2834481,http://www.wikidata.org/entity/Q1235608,université Paris-Diderot,education
http://www.wikidata.org/entity/Q2834481,http://www.wikidata.org/entity/Q2912244,université Paul-Valéry,education
http://www.wikidata.org/entity/Q2834481,http://www.wikidata.org/entity/Q776223,université de Montpellier,education
http://www.wikidata.org/entity/Q2834481,http://www.wikidata.org/entity/Q980688,université Paris-Est-Créteil-Val-de-Marne,education
http://www.wikidata.org/entity/Q2835495,http://www.wikidata.org/entity/Q273523,École nationale des ponts et chaussées,education
http://www.wikidata.org/entity/Q2835495,http://www.wikidata.org/entity/Q3268638,lycée Pierre-Corneille de Rouen,education
http://www.wikidata.org/entity/Q2844632,http://www.wikidata.org/entity/Q273557,école nationale de la France d'outre-mer,education
http://www.wikidata.org/entity/Q2844632,http://www.wikidata.org/entity/Q3268642,lycée David d'Angers,education
http://www.wikidata.org/entity/Q2844632,http://www.wikidata.org/entity/Q3577832,École de cavalerie de Saumur,education
http://www.wikidata.org/entity/Q2847153,http://www.wikidata.org/entity/Q273600,École nationale vétérinaire d'Alfort,education
http://www.wikidata.org/entity/Q2847220,http://www.wikidata.org/entity/Q2570220,École nationale supérieure d'arts et métiers,education
http://www.wikidata.org/entity/Q2847355,http://www.wikidata.org/entity/Q273626,École polytechnique,education
http://www.wikidata.org/entity/Q2847355,http://www.wikidata.org/entity/Q939743,Assemblée parlementaire du Conseil de l'Europe,membership
http://www.wikidata.org/entity/Q2847578,http://www.wikidata.org/entity/Q20749407,faculté de droit et des sciences économiques de Paris,education
http://www.wikidata.org/entity/Q2847578,http://www.wikidata.org/entity/Q2822337,"Académie des sciences morales, des lettres et des arts de Versailles et d'Île-de-France",membership
http://www.wikidata.org/entity/Q2847578,http://www.wikidata.org/entity/Q337543,Académie des sciences morales et politiques,membership
http://www.wikidata.org/entity/Q2847578,http://www.wikidata.org/entity/Q662976,université Paris-Panthéon-Assas,education
http://www.wikidata.org/entity/Q2847599,http://www.wikidata.org/entity/Q337512,Académie des sciences d'outre-mer,membership
http://www.wikidata.org/entity/Q2847989,http://www.wikidata.org/entity/Q2923797,Brandy (réseau),membership
http://www.wikidata.org/entity/Q2848256,http://www.wikidata.org/entity/Q3268638,lycée Pierre-Corneille de Rouen,education
http://www.wikidata.org/entity/Q2848335,http://www.wikidata.org/entity/Q1619018,Forces aériennes françaises libres,employment
http://www.wikidata.org/entity/Q2848335,http://www.wikidata.org/entity/Q2749447,Max Holste,employment
http://www.wikidata.org/entity/Q2848335,http://www.wikidata.org/entity/Q3487922,Société de construction des avions Hurel-Dubois,employment
http://www.wikidata.org/entity/Q2848335,http://www.wikidata.org/entity/Q35982,Matra,employment
http://www.wikidata.org/entity/Q2848614,http://www.wikidata.org/entity/Q1430113,Institut national des langues et civilisations orientales,education
http://www.wikidata.org/entity/Q2848614,http://www.wikidata.org/entity/Q20749407,faculté de droit et des sciences économiques de Paris,education
http://www.wikidata.org/entity/Q2848614,http://www.wikidata.org/entity/Q3268876,lycée Pasteur de Neuilly-sur-Seine,education
http://www.wikidata.org/entity/Q2848614,http://www.wikidata.org/entity/Q859363,Institut d'études politiques de Paris,education
http://www.wikidata.org/entity/Q2848614,http://www.wikidata.org/entity/Q999763,université Paris-I-Panthéon-Sorbonne,education
http://www.wikidata.org/entity/Q2848693,http://www.wikidata.org/entity/Q3151889,Institut d'administration des entreprises d'Aix-Marseille,education
http://www.wikidata.org/entity/Q2848745,http://www.wikidata.org/entity/Q3151959,Institut d'études politiques de Grenoble,education
http://www.wikidata.org/entity/Q2848786,http://www.wikidata.org/entity/Q287072,université Bourgogne-Europe,education
http://www.wikidata.org/entity/Q28496177,http://www.wikidata.org/entity/Q4041,université Lumière-Lyon-II,education
http://www.wikidata.org/entity/Q2850772,http://www.wikidata.org/entity/Q1546437,université Paris-Dauphine,education
http://www.wikidata.org/entity/Q2850772,http://www.wikidata.org/entity/Q3268847,lycée Michelet de Vanves,education
http://www.wikidata.org/entity/Q2850772,http://www.wikidata.org/entity/Q3312239,micromécanique,education
http://www.wikidata.org/entity/Q2850946,http://www.wikidata.org/entity/Q902688,université Montpellier-II,education
http://www.wikidata.org/entity/Q2851591,http://www.wikidata.org/entity/Q2945332,Centre de formation et de perfectionnement des journalistes,education
http://www.wikidata.org/entity/Q2854040,http://www.wikidata.org/entity/Q939743,Assemblée parlementaire du Conseil de l'Europe,membership
http://www.wikidata.org/entity/Q2854096,http://www.wikidata.org/entity/Q859363,Institut d'études politiques de Paris,education
http://www.wikidata.org/entity/Q2856427,http://www.wikidata.org/entity/Q1252062,Institut d'études politiques de Bordeaux,education
http://www.wikidata.org/entity/Q2856427,http://www.wikidata.org/entity/Q13335,université Bordeaux-IV,education
http://www.wikidata.org/entity/Q2856427,http://www.wikidata.org/entity/Q662976,université Paris-Panthéon-Assas,education
http://www.wikidata.org/entity/Q2856638,http://www.wikidata.org/entity/Q273579,École nationale d'administration,education
http://www.wikidata.org/entity/Q2856700,http://www.wikidata.org/entity/Q273579,École nationale d'administration,education
http://www.wikidata.org/entity/Q2863072,http://www.wikidata.org/entity/Q273579,École nationale d'administration,education
http://www.wikidata.org/entity/Q2863207,http://www.wikidata.org/entity/Q494247,université de Rouen-Normandie,education
http://www.wikidata.org/entity/Q2863207,http://www.wikidata.org/entity/Q56312228,Coallia,employment
http://www.wikidata.org/entity/Q2863211,http://www.wikidata.org/entity/Q2496149,université de Reims-Champagne-Ardenne,education
http://www.wikidata.org/entity/Q2865057,http://www.wikidata.org/entity/Q1440784,France-Soir,employment
http://www.wikidata.org/entity/Q2865057,http://www.wikidata.org/entity/Q216047,Le Figaro,employment
http://www.wikidata.org/entity/Q2865057,http://www.wikidata.org/entity/Q2269524,L'Indépendant,employment
http://www.wikidata.org/entity/Q2865057,http://www.wikidata.org/entity/Q2361734,Les Nouvelles littéraires,employment
http://www.wikidata.org/entity/Q2865057,http://www.wikidata.org/entity/Q3226208,Le Quotidien de Paris,employment
http://www.wikidata.org/entity/Q2865057,http://www.wikidata.org/entity/Q3268672,lycée François-Arago de Perpignan,education
http://www.wikidata.org/entity/Q2865057,http://www.wikidata.org/entity/Q362280,Office de radiodiffusion télévision française,employment
http://www.wikidata.org/entity/Q2865057,http://www.wikidata.org/entity/Q678095,Paris Match,employment
http://www.wikidata.org/entity/Q2865057,http://www.wikidata.org/entity/Q776223,université de Montpellier,education
http://www.wikidata.org/entity/Q2865057,http://www.wikidata.org/entity/Q939743,Assemblée parlementaire du Conseil de l'Europe,membership
http://www.wikidata.org/entity/Q28653600,http://www.wikidata.org/entity/Q273579,École nationale d'administration,education
http://www.wikidata.org/entity/Q28653600,http://www.wikidata.org/entity/Q273604,École normale supérieure Paris-Saclay,education
http://www.wikidata.org/entity/Q28653600,http://www.wikidata.org/entity/Q859363,Institut d'études politiques de Paris,education
http://www.wikidata.org/entity/Q2871535,http://www.wikidata.org/entity/Q939743,Assemblée parlementaire du Conseil de l'Europe,membership
http://www.wikidata.org/entity/Q2871537,http://www.wikidata.org/entity/Q2985442,Comité départemental de Libération,membership
http://www.wikidata.org/entity/Q2872015,http://www.wikidata.org/entity/Q118626,Attac,employment
http://www.wikidata.org/entity/Q2872015,http://www.wikidata.org/entity/Q1637105,Institut des sciences et industries du vivant et de l'environnement (AgroParisTech),education
http://www.wikidata.org/entity/Q2872015,http://www.wikidata.org/entity/Q1637105,Institut des sciences et industries du vivant et de l'environnement (AgroParisTech),employment
http://www.wikidata.org/entity/Q2872015,http://www.wikidata.org/entity/Q287072,université Bourgogne-Europe,education
http://www.wikidata.org/entity/Q2872015,http://www.wikidata.org/entity/Q287072,université Bourgogne-Europe,employment
http://www.wikidata.org/entity/Q2872015,http://www.wikidata.org/entity/Q3578172,École nationale supérieure agronomique de Toulouse,education
http://www.wikidata.org/entity/Q2874956,http://www.wikidata.org/entity/Q3083542,CNews,employment
http://www.wikidata.org/entity/Q2874956,http://www.wikidata.org/entity/Q314407,Europe 1,employment
http://www.wikidata.org/entity/Q2874956,http://www.wikidata.org/entity/Q3578450,École supérieure de journalisme de Lille,education
http://www.wikidata.org/entity/Q288486,http://www.wikidata.org/entity/Q112611146,HEC Alumni,membership
http://www.wikidata.org/entity/Q288486,http://www.wikidata.org/entity/Q273535,HEC Paris,education
http://www.wikidata.org/entity/Q288486,http://www.wikidata.org/entity/Q662976,université Paris-Panthéon-Assas,education
http://www.wikidata.org/entity/Q288486,http://www.wikidata.org/entity/Q859363,Institut d'études politiques de Paris,education
http://www.wikidata.org/entity/Q28914642,http://www.wikidata.org/entity/Q30261370,Institut de Biologie de l'École Normale Supérieure,employment
http://www.wikidata.org/entity/Q28914642,http://www.wikidata.org/entity/Q939743,Assemblée parlementaire du Conseil de l'Europe,membership
http://www.wikidata.org/entity/Q2896372,http://www.wikidata.org/entity/Q859363,Institut d'études politiques de Paris,employment
http://www.wikidata.org/entity/Q2896372,http://www.wikidata.org/entity/Q999763,université Paris-I-Panthéon-Sorbonne,education
http://www.wikidata.org/entity/Q28964087,http://www.wikidata.org/entity/Q3151899,IAE Paris-Sorbonne,education
http://www.wikidata.org/entity/Q28964087,http://www.wikidata.org/entity/Q3151959,Institut d'études politiques de Grenoble,education
http://www.wikidata.org/entity/Q28964087,http://www.wikidata.org/entity/Q999763,université Paris-I-Panthéon-Sorbonne,education
http://www.wikidata.org/entity/Q2897359,http://www.wikidata.org/entity/Q3151959,Institut d'études politiques de Grenoble,education
http://www.wikidata.org/entity/Q2897580,http://www.wikidata.org/entity/Q3178189,Jeunesse étudiante chrétienne,membership
http://www.wikidata.org/entity/Q2897604,http://www.wikidata.org/entity/Q112611146,HEC Alumni,membership
http://www.wikidata.org/entity/Q2897604,http://www.wikidata.org/entity/Q273535,HEC Paris,education
http://www.wikidata.org/entity/Q2897641,http://www.wikidata.org/entity/Q3117938,Groupe union défense,membership
http://www.wikidata.org/entity/Q2897641,http://www.wikidata.org/entity/Q662976,université Paris-Panthéon-Assas,education
http://www.wikidata.org/entity/Q2897642,http://www.wikidata.org/entity/Q859363,Institut d'études politiques de Paris,education
http://www.wikidata.org/entity/Q2897761,http://www.wikidata.org/entity/Q1131080,hôpital Cochin,employment
http://www.wikidata.org/entity/Q2897761,http://www.wikidata.org/entity/Q1144549,université Pierre-et-Marie-Curie,education
http://www.wikidata.org/entity/Q2897761,http://www.wikidata.org/entity/Q1155944,université Paris-Descartes,employment
http://www.wikidata.org/entity/Q2897761,http://www.wikidata.org/entity/Q1431541,lycée Janson-de-Sailly,education
http://www.wikidata.org/entity/Q2897761,http://www.wikidata.org/entity/Q2867205,Assistance publique – Hôpitaux de Paris,employment
http://www.wikidata.org/entity/Q2897761,http://www.wikidata.org/entity/Q3128334,cours Hattemer,education
http://www.wikidata.org/entity/Q2897761,http://www.wikidata.org/entity/Q337512,Académie des sciences d'outre-mer,membership
http://www.wikidata.org/entity/Q2897779,http://www.wikidata.org/entity/Q65669210,École normale d'instituteurs de Parthenay,education
http://www.wikidata.org/entity/Q2897794,http://www.wikidata.org/entity/Q337543,Académie des sciences morales et politiques,membership
http://www.wikidata.org/entity/Q2897794,http://www.wikidata.org/entity/Q939743,Assemblée parlementaire du Conseil de l'Europe,membership
http://www.wikidata.org/entity/Q2897843,http://www.wikidata.org/entity/Q3578506,École supérieure des techniques aéronautiques et de construction automobile,education
http://www.wikidata.org/entity/Q2897988,http://www.wikidata.org/entity/Q3268795,lycée Lakanal,education
http://www.wikidata.org/entity/Q2897988,http://www.wikidata.org/entity/Q859363,Institut d'études politiques de Paris,education
http://www.wikidata.org/entity/Q2898142,http://www.wikidata.org/entity/Q3064277,faculté de médecine de Paris,education
http://www.wikidata.org/entity/Q2898160,http://www.wikidata.org/entity/Q2992785,Confédération nationale des syndicats de travailleurs paysans,membership
http://www.wikidata.org/entity/Q2898240,http://www.wikidata.org/entity/Q3151959,Institut d'études politiques de Grenoble,education
http://www.wikidata.org/entity/Q2898248,http://www.wikidata.org/entity/Q1144549,université Pierre-et-Marie-Curie,education
http://www.wikidata.org/entity/Q2898248,http://www.wikidata.org/entity/Q494247,université de Rouen-Normandie,education
http://www.wikidata.org/entity/Q2898547,http://www.wikidata.org/entity/Q1665118,Institut national des études territoriales,education
http://www.wikidata.org/entity/Q2898805,http://www.wikidata.org/entity/Q271,Prytanée national militaire,education
http://www.wikidata.org/entity/Q2898805,http://www.wikidata.org/entity/Q273579,École nationale d'administration,education
http://www.wikidata.org/entity/Q2898805,http://www.wikidata.org/entity/Q859363,Institut d'études politiques de Paris,education
http://www.wikidata.org/entity/Q2899486,http://www.wikidata.org/entity/Q273579,École nationale d'administration,education
http://www.wikidata.org/entity/Q2899529,http://www.wikidata.org/entity/Q2297128,Société de géographie,membership
http://www.wikidata.org/entity/Q2899529,http://www.wikidata.org/entity/Q2411202,The Explorers Club,membership
http://www.wikidata.org/entity/Q2899529,http://www.wikidata.org/entity/Q273553,École libre des sciences politiques,education
http://www.wikidata.org/entity/Q2899586,http://www.wikidata.org/entity/Q1139065,Institut d'études politiques d'Aix-en-Provence,education
http://www.wikidata.org/entity/Q29021094,http://www.wikidata.org/entity/Q273579,École nationale d'administration,education
http://www.wikidata.org/entity/Q29021094,http://www.wikidata.org/entity/Q859363,Institut d'études politiques de Paris,education
http://www.wikidata.org/entity/Q2908882,http://www.wikidata.org/entity/Q18396715,Confédération intersyndicale de Mayotte,employment
http://www.wikidata.org/entity/Q2913287,http://www.wikidata.org/entity/Q2912244,université Paul-Valéry,education
http://www.wikidata.org/entity/Q291385,http://www.wikidata.org/entity/Q1235608,université Paris-Diderot,education
http://www.wikidata.org/entity/Q291385,http://www.wikidata.org/entity/Q1878600,lycée Henri-IV,education
http://www.wikidata.org/entity/Q291385,http://www.wikidata.org/entity/Q55849612,université Paris-Cité,education
http://www.wikidata.org/entity/Q2918769,http://www.wikidata.org/entity/Q3578137,École nationale des impôts,education
http://www.wikidata.org/entity/Q2918769,http://www.wikidata.org/entity/Q578023,université de Toulouse,education
http://www.wikidata.org/entity/Q29193047,http://www.wikidata.org/entity/Q3578232,École nationale supérieure de la Police,education
http://www.wikidata.org/entity/Q2920825,http://www.wikidata.org/entity/Q3151965,Institut d'études politiques de Rennes,education
http://www.wikidata.org/entity/Q29210910,http://www.wikidata.org/entity/Q112611146,HEC Alumni,membership
http://www.wikidata.org/entity/Q29210910,http://www.wikidata.org/entity/Q273535,HEC Paris,education
http://www.wikidata.org/entity/Q29210910,http://www.wikidata.org/entity/Q859363,Institut d'études politiques de Paris,education
http://www.wikidata.org/entity/Q292458,http://www.wikidata.org/entity/Q131137989,emlyon alumni,membership
http://www.wikidata.org/entity/Q292458,http://www.wikidata.org/entity/Q1795504,EM Lyon Business School,education
http://www.wikidata.org/entity/Q292458,http://www.wikidata.org/entity/Q29184684,institution Saint-Pie-X,education
http://www.wikidata.org/entity/Q292458,http://www.wikidata.org/entity/Q662976,université Paris-Panthéon-Assas,education
http://www.wikidata.org/entity/Q2925398,http://www.wikidata.org/entity/Q939743,Assemblée parlementaire du Conseil de l'Europe,membership
http://www.wikidata.org/entity/Q2925446,http://www.wikidata.org/entity/Q568554,université de Caen-Normandie,education
http://www.wikidata.org/entity/Q2926654,http://www.wikidata.org/entity/Q10178,"École supérieure de chimie, physique, électronique de Lyon",education
http://www.wikidata.org/entity/Q2926654,http://www.wikidata.org/entity/Q13409231,Atari Inc.,employment
http://www.wikidata.org/entity/Q2926654,http://www.wikidata.org/entity/Q1546437,université Paris-Dauphine,education
http://www.wikidata.org/entity/Q2926654,http://www.wikidata.org/entity/Q1782700,Infogrames Entertainment,employment
http://www.wikidata.org/entity/Q2926654,http://www.wikidata.org/entity/Q1795504,EM Lyon Business School,employment
http://www.wikidata.org/entity/Q2926654,http://www.wikidata.org/entity/Q193582,Assemblée nationale,employment
http://www.wikidata.org/entity/Q2926654,http://www.wikidata.org/entity/Q19951924,Business France,employment
http://www.wikidata.org/entity/Q2926654,http://www.wikidata.org/entity/Q3150819,Infonie,employment
http://www.wikidata.org/entity/Q2926654,http://www.wikidata.org/entity/Q3437238,Robopolis,employment
http://www.wikidata.org/entity/Q2926688,http://www.wikidata.org/entity/Q1394262,université Paris-Nanterre,education
http://www.wikidata.org/entity/Q2926861,http://www.wikidata.org/entity/Q1394262,université Paris-Nanterre,education
http://www.wikidata.org/entity/Q2926861,http://www.wikidata.org/entity/Q3075672,French-American Foundation,membership
http://www.wikidata.org/entity/Q2926942,http://www.wikidata.org/entity/Q116197664,Ensemble scolaire Saint-Gabriel - Saint-Michel,education
http://www.wikidata.org/entity/Q2926942,http://www.wikidata.org/entity/Q859363,Institut d'études politiques de Paris,education
http://www.wikidata.org/entity/Q2927013,http://www.wikidata.org/entity/Q859363,Institut d'études politiques de Paris,education
http://www.wikidata.org/entity/Q2929462,http://www.wikidata.org/entity/Q859363,Institut d'études politiques de Paris,education
http://www.wikidata.org/entity/Q2929478,http://www.wikidata.org/entity/Q2000147,université Grenoble-II,education
http://www.wikidata.org/entity/Q2935125,http://www.wikidata.org/entity/Q662976,université Paris-Panthéon-Assas,education
http://www.wikidata.org/entity/Q2939880,http://www.wikidata.org/entity/Q590201,université Toulouse-Capitole,education
http://www.wikidata.org/entity/Q2941945,http://www.wikidata.org/entity/Q3551621,université de Lille,education
http://www.wikidata.org/entity/Q2942018,http://www.wikidata.org/entity/Q494247,université de Rouen-Normandie,education
http://www.wikidata.org/entity/Q2942078,http://www.wikidata.org/entity/Q273579,École nationale d'administration,education
http://www.wikidata.org/entity/Q2942078,http://www.wikidata.org/entity/Q859363,Institut d'études politiques de Paris,education
http://www.wikidata.org/entity/Q2942079,http://www.wikidata.org/entity/Q494247,université de Rouen-Normandie,education
http://www.wikidata.org/entity/Q2942097,http://www.wikidata.org/entity/Q1155944,université Paris-Descartes,education
http://www.wikidata.org/entity/Q2956263,http://www.wikidata.org/entity/Q13344,université de Bordeaux,education
http://www.wikidata.org/entity/Q2956266,http://www.wikidata.org/entity/Q1394262,université Paris-Nanterre,education
http://www.wikidata.org/entity/Q2956266,http://www.wikidata.org/entity/Q859363,Institut d'études politiques de Paris,education
http://www.wikidata.org/entity/Q2956288,http://www.wikidata.org/entity/Q186638,université de Versailles-Saint-Quentin-en-Yvelines,employment
http://www.wikidata.org/entity/Q29570183,http://www.wikidata.org/entity/Q859363,Institut d'études politiques de Paris,education
http://www.wikidata.org/entity/Q29575749,http://www.wikidata.org/entity/Q1198571,université Nice-Sophia-Antipolis,education
http://www.wikidata.org/entity/Q29575749,http://www.wikidata.org/entity/Q1273188,université Toulouse III,education
http://www.wikidata.org/entity/Q29575749,http://www.wikidata.org/entity/Q273591,École nationale supérieure d'informatique et de mathématiques appliquées,education
http://www.wikidata.org/entity/Q2958585,http://www.wikidata.org/entity/Q939743,Assemblée parlementaire du Conseil de l'Europe,membership
http://www.wikidata.org/entity/Q2959006,http://www.wikidata.org/entity/Q939743,Assemblée parlementaire du Conseil de l'Europe,membership
http://www.wikidata.org/entity/Q2959501,http://www.wikidata.org/entity/Q859363,Institut d'études politiques de Paris,education
http://www.wikidata.org/entity/Q2959741,http://www.wikidata.org/entity/Q13363209,Forces françaises libres,membership
http://www.wikidata.org/entity/Q2959741,http://www.wikidata.org/entity/Q186595,Forces françaises de l'intérieur,membership
http://www.wikidata.org/entity/Q2960021,http://www.wikidata.org/entity/Q939743,Assemblée parlementaire du Conseil de l'Europe,membership
http://www.wikidata.org/entity/Q2960570,http://www.wikidata.org/entity/Q273579,École nationale d'administration,education
http://www.wikidata.org/entity/Q2960570,http://www.wikidata.org/entity/Q273642,École supérieure des sciences économiques et commerciales,education
http://www.wikidata.org/entity/Q29634279,http://www.wikidata.org/entity/Q112611146,HEC Alumni,membership
http://www.wikidata.org/entity/Q29634279,http://www.wikidata.org/entity/Q273535,HEC Paris,education
http://www.wikidata.org/entity/Q29634279,http://www.wikidata.org/entity/Q859363,Institut d'études politiques de Paris,education
http://www.wikidata.org/entity/Q29634279,http://www.wikidata.org/entity/Q999763,université Paris-I-Panthéon-Sorbonne,education
http://www.wikidata.org/entity/Q2965018,http://www.wikidata.org/entity/Q1132066,école spéciale militaire de Saint-Cyr,education
http://www.wikidata.org/entity/Q2965058,http://www.wikidata.org/entity/Q1252062,Institut d'études politiques de Bordeaux,education
http://www.wikidata.org/entity/Q2965058,http://www.wikidata.org/entity/Q131005,Air France,employment
http://www.wikidata.org/entity/Q2965058,http://www.wikidata.org/entity/Q334122,Merrill Lynch,employment
http://www.wikidata.org/entity/Q2965058,http://www.wikidata.org/entity/Q643290,Régie autonome des transports parisiens,employment
http://www.wikidata.org/entity/Q2965058,http://www.wikidata.org/entity/Q65770384,lycée Montesquieu de Bordeaux,education
http://www.wikidata.org/entity/Q2965060,http://www.wikidata.org/entity/Q273553,École libre des sciences politiques,education
http://www.wikidata.org/entity/Q2965060,http://www.wikidata.org/entity/Q2983698,collège Stanislas,education
http://www.wikidata.org/entity/Q2965180,http://www.wikidata.org/entity/Q939743,Assemblée parlementaire du Conseil de l'Europe,membership
http://www.wikidata.org/entity/Q2965229,http://www.wikidata.org/entity/Q662976,université Paris-Panthéon-Assas,education
http://www.wikidata.org/entity/Q2965236,http://www.wikidata.org/entity/Q4173330,Université de Lorraine,education
http://www.wikidata.org/entity/Q2965349,http://www.wikidata.org/entity/Q11509930,université Lille-II,education
http://www.wikidata.org/entity/Q2965349,http://www.wikidata.org/entity/Q50328746,République moderne,membership
http://www.wikidata.org/entity/Q2965500,http://www.wikidata.org/entity/Q259388,université de Nantes,education
http://www.wikidata.org/entity/Q2965500,http://www.wikidata.org/entity/Q939743,Assemblée parlementaire du Conseil de l'Europe,membership
http://www.wikidata.org/entity/Q2965547,http://www.wikidata.org/entity/Q273579,École nationale d'administration,education
http://www.wikidata.org/entity/Q2965547,http://www.wikidata.org/entity/Q337234,Academia Europaea,membership
http://www.wikidata.org/entity/Q2965547,http://www.wikidata.org/entity/Q859363,Institut d'études politiques de Paris,education
http://www.wikidata.org/entity/Q2965787,http://www.wikidata.org/entity/Q105362280,Faculté des lettres de Bordeaux,education
http://www.wikidata.org/entity/Q2965787,http://www.wikidata.org/entity/Q481762,École normale supérieure de jeunes filles,education
http://www.wikidata.org/entity/Q2965938,http://www.wikidata.org/entity/Q157575,université de Strasbourg,education
http://www.wikidata.org/entity/Q2965938,http://www.wikidata.org/entity/Q20723291,faculté de droit et science politique de Montpellier,employment
http://www.wikidata.org/entity/Q2965938,http://www.wikidata.org/entity/Q546118,université Paris-Sorbonne,education
http://www.wikidata.org/entity/Q2965938,http://www.wikidata.org/entity/Q572968,université de Pau et des pays de l'Adour,employment
http://www.wikidata.org/entity/Q2965938,http://www.wikidata.org/entity/Q662976,université Paris-Panthéon-Assas,education
http://www.wikidata.org/entity/Q2966121,http://www.wikidata.org/entity/Q494247,université de Rouen-Normandie,education
http://www.wikidata.org/entity/Q2966137,http://www.wikidata.org/entity/Q3151959,Institut d'études politiques de Grenoble,education
http://www.wikidata.org/entity/Q2966490,http://www.wikidata.org/entity/Q287072,université Bourgogne-Europe,education
http://www.wikidata.org/entity/Q29738515,http://www.wikidata.org/entity/Q273579,École nationale d'administration,education
http://www.wikidata.org/entity/Q29738515,http://www.wikidata.org/entity/Q3268566,lycée Alphonse-Daudet,education
http://www.wikidata.org/entity/Q29738515,http://www.wikidata.org/entity/Q3268766,lycée Joffre,education
http://www.wikidata.org/entity/Q2977020,http://www.wikidata.org/entity/Q503473,Université de Genève,education
http://www.wikidata.org/entity/Q2977020,http://www.wikidata.org/entity/Q939743,Assemblée parlementaire du Conseil de l'Europe,membership
http://www.wikidata.org/entity/Q2977355,http://www.wikidata.org/entity/Q1044328,Le Nouvel Obs,employment
http://www.wikidata.org/entity/Q2977355,http://www.wikidata.org/entity/Q3268614,lycée Carnot,education
http://www.wikidata.org/entity/Q2977355,http://www.wikidata.org/entity/Q859363,Institut d'études politiques de Paris,education
http://www.wikidata.org/entity/Q2977433,http://www.wikidata.org/entity/Q939743,Assemblée parlementaire du Conseil de l'Europe,membership
http://www.wikidata.org/entity/Q2977451,http://www.wikidata.org/entity/Q3578275,École nationale vétérinaire de Toulouse,education
http://www.wikidata.org/entity/Q2978175,http://www.wikidata.org/entity/Q157575,université de Strasbourg,education
http://www.wikidata.org/entity/Q2978280,http://www.wikidata.org/entity/Q3578432,Clermont School of Business,education
http://www.wikidata.org/entity/Q2978334,http://www.wikidata.org/entity/Q3152159,Institut des hautes études de droit rural et d'économie agricole,education
http://www.wikidata.org/entity/Q2978334,http://www.wikidata.org/entity/Q999763,université Paris-I-Panthéon-Sorbonne,education
http://www.wikidata.org/entity/Q2978384,http://www.wikidata.org/entity/Q259388,université de Nantes,employment
http://www.wikidata.org/entity/Q2978384,http://www.wikidata.org/entity/Q939743,Assemblée parlementaire du Conseil de l'Europe,membership
http://www.wikidata.org/entity/Q2980738,http://www.wikidata.org/entity/Q1194988,université Paris-VIII,education
http://www.wikidata.org/entity/Q298355,http://www.wikidata.org/entity/Q3551496,université Strasbourg-III,education
http://www.wikidata.org/entity/Q298355,http://www.wikidata.org/entity/Q939743,Assemblée parlementaire du Conseil de l'Europe,membership
http://www.wikidata.org/entity/Q29896234,http://www.wikidata.org/entity/Q19606821,Boulevard Voltaire,employment
http://www.wikidata.org/entity/Q2997360,http://www.wikidata.org/entity/Q3546585,Télécom et Management SudParis,education
http://www.wikidata.org/entity/Q30068067,http://www.wikidata.org/entity/Q1376496,Conseil européen pour les relations internationales,employment
http://www.wikidata.org/entity/Q30068067,http://www.wikidata.org/entity/Q153006,université libre de Berlin,education
http://www.wikidata.org/entity/Q30068067,http://www.wikidata.org/entity/Q49127,John F. Kennedy School of Government,education
http://www.wikidata.org/entity/Q30068067,http://www.wikidata.org/entity/Q571293,université Sorbonne-Nouvelle,education
http://www.wikidata.org/entity/Q30068067,http://www.wikidata.org/entity/Q83259,École normale supérieure,education
http://www.wikidata.org/entity/Q30068067,http://www.wikidata.org/entity/Q999763,université Paris-I-Panthéon-Sorbonne,education
http://www.wikidata.org/entity/Q3009791,http://www.wikidata.org/entity/Q3152509,Institut régional d'administration de Lyon,education
http://www.wikidata.org/entity/Q30103202,http://www.wikidata.org/entity/Q273579,École nationale d'administration,education
http://www.wikidata.org/entity/Q30103202,http://www.wikidata.org/entity/Q859363,Institut d'études politiques de Paris,education
http://www.wikidata.org/entity/Q30130489,http://www.wikidata.org/entity/Q174570,London School of Economics,education
http://www.wikidata.org/entity/Q30130489,http://www.wikidata.org/entity/Q273626,École polytechnique,education
http://www.wikidata.org/entity/Q3013711,http://www.wikidata.org/entity/Q2822402,Académie du Morvan,membership
http://www.wikidata.org/entity/Q3013867,http://www.wikidata.org/entity/Q2302586,université d'Aix-Marseille,education
http://www.wikidata.org/entity/Q3014035,http://www.wikidata.org/entity/Q3486229,Skema Business School,employment
http://www.wikidata.org/entity/Q3014035,http://www.wikidata.org/entity/Q3551755,université du Littoral-Côte-d'Opale,employment
http://www.wikidata.org/entity/Q3014035,http://www.wikidata.org/entity/Q662976,université Paris-Panthéon-Assas,education
http://www.wikidata.org/entity/Q3014077,http://www.wikidata.org/entity/Q2980151,Carrefour de l'horloge,membership
http://www.wikidata.org/entity/Q3014077,http://www.wikidata.org/entity/Q859363,Institut d'études politiques de Paris,education
http://www.wikidata.org/entity/Q3014108,http://www.wikidata.org/entity/Q939743,Assemblée parlementaire du Conseil de l'Europe,membership
http://www.wikidata.org/entity/Q3014427,http://www.wikidata.org/entity/Q662976,université Paris-Panthéon-Assas,education
http://www.wikidata.org/entity/Q3014962,http://www.wikidata.org/entity/Q112865435,Planning familial des Côtes d'Armor,membership
http://www.wikidata.org/entity/Q3014962,http://www.wikidata.org/entity/Q3128482,HEC Jeunes Filles,education
http://www.wikidata.org/entity/Q3014962,http://www.wikidata.org/entity/Q3326680,Mouvement français pour le Planning familial,membership
http://www.wikidata.org/entity/Q3015137,http://www.wikidata.org/entity/Q1198571,université Nice-Sophia-Antipolis,education
http://www.wikidata.org/entity/Q3015137,http://www.wikidata.org/entity/Q1198571,université Nice-Sophia-Antipolis,employment
http://www.wikidata.org/entity/Q3015137,http://www.wikidata.org/entity/Q4032,université Claude-Bernard-Lyon-I,education
http://www.wikidata.org/entity/Q3015137,http://www.wikidata.org/entity/Q902688,université Montpellier-II,employment
http://www.wikidata.org/entity/Q3015850,http://www.wikidata.org/entity/Q1198571,université Nice-Sophia-Antipolis,education
http://www.wikidata.org/entity/Q3015850,http://www.wikidata.org/entity/Q287072,université Bourgogne-Europe,education
http://www.wikidata.org/entity/Q3018028,http://www.wikidata.org/entity/Q1252062,Institut d'études politiques de Bordeaux,education
http://www.wikidata.org/entity/Q30223120,http://www.wikidata.org/entity/Q174570,London School of Economics,education
http://www.wikidata.org/entity/Q30223120,http://www.wikidata.org/entity/Q2826643,Agence française de développement,employment
http://www.wikidata.org/entity/Q30223120,http://www.wikidata.org/entity/Q3151958,Institut d’études politiques de Lille,education
http://www.wikidata.org/entity/Q30223120,http://www.wikidata.org/entity/Q41506,Université Stanford,employment
http://www.wikidata.org/entity/Q3022540,http://www.wikidata.org/entity/Q273447,École centrale Paris,education
http://www.wikidata.org/entity/Q30229438,http://www.wikidata.org/entity/Q1235608,université Paris-Diderot,education
http://www.wikidata.org/entity/Q30229438,http://www.wikidata.org/entity/Q3151965,Institut d'études politiques de Rennes,education
http://www.wikidata.org/entity/Q30229514,http://www.wikidata.org/entity/Q304872,université de Perpignan Via Domitia,education
http://www.wikidata.org/entity/Q30239185,http://www.wikidata.org/entity/Q392110,Groupe IONIS,education
http://www.wikidata.org/entity/Q30239185,http://www.wikidata.org/entity/Q55044,Université Louis-et-Maximilien de Munich,education
http://www.wikidata.org/entity/Q30239185,http://www.wikidata.org/entity/Q839224,Grenoble École de management,education
http://www.wikidata.org/entity/Q3026913,http://www.wikidata.org/entity/Q859363,Institut d'études politiques de Paris,education
http://www.wikidata.org/entity/Q3027066,http://www.wikidata.org/entity/Q1878600,lycée Henri-IV,education
http://www.wikidata.org/entity/Q3027066,http://www.wikidata.org/entity/Q3268795,lycée Lakanal,education
http://www.wikidata.org/entity/Q3027123,http://www.wikidata.org/entity/Q2253344,Institut d'études politiques de Lyon,education
http://www.wikidata.org/entity/Q3027191,http://www.wikidata.org/entity/Q1139065,Institut d'études politiques d'Aix-en-Provence,education
http://www.wikidata.org/entity/Q3027191,http://www.wikidata.org/entity/Q1204304,université Paul-Cézanne - Aix-Marseille III,education
http://www.wikidata.org/entity/Q30331583,http://www.wikidata.org/entity/Q859363,Institut d'études politiques de Paris,education
http://www.wikidata.org/entity/Q30332919,http://www.wikidata.org/entity/Q859363,Institut d'études politiques de Paris,education
http://www.wikidata.org/entity/Q30332919,http://www.wikidata.org/entity/Q999763,université Paris-I-Panthéon-Sorbonne,education
http://www.wikidata.org/entity/Q30333326,http://www.wikidata.org/entity/Q1139065,Institut d'études politiques d'Aix-en-Provence,education
http://www.wikidata.org/entity/Q30333326,http://www.wikidata.org/entity/Q174570,London School of Economics,education
http://www.wikidata.org/entity/Q30333326,http://www.wikidata.org/entity/Q49127,John F. Kennedy School of Government,education
http://www.wikidata.org/entity/Q30334006,http://www.wikidata.org/entity/Q3578315,École polytechnique universitaire de Sorbonne Université,education
http://www.wikidata.org/entity/Q30334188,http://www.wikidata.org/entity/Q2912244,université Paul-Valéry,education
http://www.wikidata.org/entity/Q30334210,http://www.wikidata.org/entity/Q726595,université Rennes-I,education
http://www.wikidata.org/entity/Q30334480,http://www.wikidata.org/entity/Q1275285,EM Strasbourg Business School,education
http://www.wikidata.org/entity/Q30334480,http://www.wikidata.org/entity/Q3578246,École nationale supérieure des ingénieurs Sud Alsace,education
http://www.wikidata.org/entity/Q30334715,http://www.wikidata.org/entity/Q662976,université Paris-Panthéon-Assas,education
http://www.wikidata.org/entity/Q30334718,http://www.wikidata.org/entity/Q2302586,université d'Aix-Marseille,education
http://www.wikidata.org/entity/Q30334900,http://www.wikidata.org/entity/Q834819,université de La Réunion,education
http://www.wikidata.org/entity/Q30335033,http://www.wikidata.org/entity/Q29293,ESCP Business School,education
http://www.wikidata.org/entity/Q30335095,http://www.wikidata.org/entity/Q273576,École nationale supérieure de l'aéronautique et de l'espace,education
http://www.wikidata.org/entity/Q30335095,http://www.wikidata.org/entity/Q274591,Électricité de France,employment
http://www.wikidata.org/entity/Q30335095,http://www.wikidata.org/entity/Q3268861,lycée Montgrand de Marseille,education
http://www.wikidata.org/entity/Q30335328,http://www.wikidata.org/entity/Q1816857,université de Toulon,education
http://www.wikidata.org/entity/Q30335340,http://www.wikidata.org/entity/Q999763,université Paris-I-Panthéon-Sorbonne,education
http://www.wikidata.org/entity/Q30335887,http://www.wikidata.org/entity/Q13344,université de Bordeaux,employment
http://www.wikidata.org/entity/Q30335887,http://www.wikidata.org/entity/Q494335,université de Tours,education
http://www.wikidata.org/entity/Q30335899,http://www.wikidata.org/entity/Q2033673,université Nancy-I,education
http://www.wikidata.org/entity/Q30335899,http://www.wikidata.org/entity/Q287072,université Bourgogne-Europe,education
http://www.wikidata.org/entity/Q30335908,http://www.wikidata.org/entity/Q939743,Assemblée parlementaire du Conseil de l'Europe,membership
http://www.wikidata.org/entity/Q30336075,http://www.wikidata.org/entity/Q1035745,Université de Cardiff,education
http://www.wikidata.org/entity/Q30336075,http://www.wikidata.org/entity/Q1252062,Institut d'études politiques de Bordeaux,education
http://www.wikidata.org/entity/Q30336818,http://www.wikidata.org/entity/Q1381437,université d'Auvergne - Clermont I,education
http://www.wikidata.org/entity/Q30336862,http://www.wikidata.org/entity/Q1132955,Institut national polytechnique de Lorraine,education
http://www.wikidata.org/entity/Q30336912,http://www.wikidata.org/entity/Q21427431,Institut des hautes études européennes,education
http://www.wikidata.org/entity/Q30337015,http://www.wikidata.org/entity/Q1139065,Institut d'études politiques d'Aix-en-Provence,education
http://www.wikidata.org/entity/Q30337015,http://www.wikidata.org/entity/Q999763,université Paris-I-Panthéon-Sorbonne,education
http://www.wikidata.org/entity/Q30337138,http://www.wikidata.org/entity/Q259388,université de Nantes,education
http://www.wikidata.org/entity/Q30337139,http://www.wikidata.org/entity/Q1204304,université Paul-Cézanne - Aix-Marseille III,education
http://www.wikidata.org/entity/Q30337139,http://www.wikidata.org/entity/Q41506,Université Stanford,education
http://www.wikidata.org/entity/Q30337139,http://www.wikidata.org/entity/Q524289,Conservatoire national des arts et métiers,education
http://www.wikidata.org/entity/Q30337171,http://www.wikidata.org/entity/Q1477551,université catholique de Lille,education
http://www.wikidata.org/entity/Q30337193,http://www.wikidata.org/entity/Q1784954,université du Havre,education
http://www.wikidata.org/entity/Q30337196,http://www.wikidata.org/entity/Q947747,université de Picardie Jules-Verne,education
http://www.wikidata.org/entity/Q30337196,http://www.wikidata.org/entity/Q947747,université de Picardie Jules-Verne,employment
http://www.wikidata.org/entity/Q30337397,http://www.wikidata.org/entity/Q501207,université Paris-Est-Marne-la-Vallée,education
http://www.wikidata.org/entity/Q30337836,http://www.wikidata.org/entity/Q3578177,École nationale supérieure d'agronomie et des industries alimentaires,education
http://www.wikidata.org/entity/Q30337897,http://www.wikidata.org/entity/Q2496158,université Savoie-Mont-Blanc,education
http://www.wikidata.org/entity/Q30337897,http://www.wikidata.org/entity/Q4027,université Jean-Moulin-Lyon-III,education
http://www.wikidata.org/entity/Q30337897,http://www.wikidata.org/entity/Q662976,université Paris-Panthéon-Assas,education
http://www.wikidata.org/entity/Q30337966,http://www.wikidata.org/entity/Q4027,université Jean-Moulin-Lyon-III,education
http://www.wikidata.org/entity/Q30337966,http://www.wikidata.org/entity/Q4041,université Lumière-Lyon-II,education
http://www.wikidata.org/entity/Q30338651,http://www.wikidata.org/entity/Q1546437,université Paris-Dauphine,education
http://www.wikidata.org/entity/Q30338651,http://www.wikidata.org/entity/Q859363,Institut d'études politiques de Paris,education
http://www.wikidata.org/entity/Q30338651,http://www.wikidata.org/entity/Q939743,Assemblée parlementaire du Conseil de l'Europe,membership
http://www.wikidata.org/entity/Q30338805,http://www.wikidata.org/entity/Q2000147,université Grenoble-II,education
http://www.wikidata.org/entity/Q30338881,http://www.wikidata.org/entity/Q217406,Marine nationale,employment
http://www.wikidata.org/entity/Q30338881,http://www.wikidata.org/entity/Q2985968,Commando Jaubert,membership
http://www.wikidata.org/entity/Q30338881,http://www.wikidata.org/entity/Q2985974,Commando Trépel,membership
http://www.wikidata.org/entity/Q30338881,http://www.wikidata.org/entity/Q3029050,diplôme d'État d'infirmier,education
http://www.wikidata.org/entity/Q30338881,http://www.wikidata.org/entity/Q30784137,École des fusiliers marins de Lorient,education
http://www.wikidata.org/entity/Q30339116,http://www.wikidata.org/entity/Q3046044,EPF,education
http://www.wikidata.org/entity/Q30339126,http://www.wikidata.org/entity/Q2496149,université de Reims-Champagne-Ardenne,education
http://www.wikidata.org/entity/Q30339188,http://www.wikidata.org/entity/Q2986535,"Commission des Finances, de l'Économie générale et du Contrôle budgétaire",membership
http://www.wikidata.org/entity/Q30339188,http://www.wikidata.org/entity/Q500740,université Lille-I,education
http://www.wikidata.org/entity/Q30339190,http://www.wikidata.org/entity/Q273535,HEC Paris,education
http://www.wikidata.org/entity/Q30339190,http://www.wikidata.org/entity/Q662976,université Paris-Panthéon-Assas,education
http://www.wikidata.org/entity/Q30339198,http://www.wikidata.org/entity/Q112611146,HEC Alumni,membership
http://www.wikidata.org/entity/Q30339198,http://www.wikidata.org/entity/Q273535,HEC Paris,education
http://www.wikidata.org/entity/Q30339198,http://www.wikidata.org/entity/Q273536,École d'économie de Paris,education
http://www.wikidata.org/entity/Q30339198,http://www.wikidata.org/entity/Q859363,Institut d'études politiques de Paris,education
http://www.wikidata.org/entity/Q30339206,http://www.wikidata.org/entity/Q273600,École nationale vétérinaire d'Alfort,education
http://www.wikidata.org/entity/Q30339229,http://www.wikidata.org/entity/Q174570,London School of Economics,education
http://www.wikidata.org/entity/Q30339229,http://www.wikidata.org/entity/Q859363,Institut d'études politiques de Paris,education
http://www.wikidata.org/entity/Q30339238,http://www.wikidata.org/entity/Q1198571,université Nice-Sophia-Antipolis,education
http://www.wikidata.org/entity/Q30339241,http://www.wikidata.org/entity/Q3117393,TBS Education,education
http://www.wikidata.org/entity/Q30339245,http://www.wikidata.org/entity/Q999763,université Paris-I-Panthéon-Sorbonne,education
http://www.wikidata.org/entity/Q30339246,http://www.wikidata.org/entity/Q4041,université Lumière-Lyon-II,education
http://www.wikidata.org/entity/Q30339246,http://www.wikidata.org/entity/Q524289,Conservatoire national des arts et métiers,education
http://www.wikidata.org/entity/Q30339248,http://www.wikidata.org/entity/Q1273188,université Toulouse III,education
http://www.wikidata.org/entity/Q30339250,http://www.wikidata.org/entity/Q273447,École centrale Paris,education
http://www.wikidata.org/entity/Q30339250,http://www.wikidata.org/entity/Q859363,Institut d'études politiques de Paris,education
http://www.wikidata.org/entity/Q30339272,http://www.wikidata.org/entity/Q3578248,école nationale supérieure des ingénieurs en arts chimiques et technologiques,education
http://www.wikidata.org/entity/Q30339275,http://www.wikidata.org/entity/Q1653495,IFG,education
http://www.wikidata.org/entity/Q30339275,http://www.wikidata.org/entity/Q2661290,université de Limoges,education
http://www.wikidata.org/entity/Q30339275,http://www.wikidata.org/entity/Q999763,université Paris-I-Panthéon-Sorbonne,education
http://www.wikidata.org/entity/Q30339276,http://www.wikidata.org/entity/Q273523,École nationale des ponts et chaussées,education
http://www.wikidata.org/entity/Q30339276,http://www.wikidata.org/entity/Q273626,École polytechnique,education
http://www.wikidata.org/entity/Q30339280,http://www.wikidata.org/entity/Q1144549,université Pierre-et-Marie-Curie,education
http://www.wikidata.org/entity/Q30339280,http://www.wikidata.org/entity/Q1155944,université Paris-Descartes,education
http://www.wikidata.org/entity/Q30339280,http://www.wikidata.org/entity/Q41497113,Sorbonne Université,education
http://www.wikidata.org/entity/Q30339280,http://www.wikidata.org/entity/Q7523091,Singapore Polytechnic,education
http://www.wikidata.org/entity/Q30339281,http://www.wikidata.org/entity/Q2408177,centre hospitalier régional d'Orléans,employment
http://www.wikidata.org/entity/Q30339281,http://www.wikidata.org/entity/Q3550815,faculté de médecine de l'université Paris-Cité,education
http://www.wikidata.org/entity/Q30339281,http://www.wikidata.org/entity/Q859363,Institut d'études politiques de Paris,education
http://www.wikidata.org/entity/Q30339292,http://www.wikidata.org/entity/Q945876,université Grenoble-Alpes,education
http://www.wikidata.org/entity/Q30339295,http://www.wikidata.org/entity/Q23731823,Renaissance,membership
http://www.wikidata.org/entity/Q30339298,http://www.wikidata.org/entity/Q23731823,Renaissance,membership
http://www.wikidata.org/entity/Q30339298,http://www.wikidata.org/entity/Q3152679,Institut universitaire de technologie de Brest,employment
http://www.wikidata.org/entity/Q30339298,http://www.wikidata.org/entity/Q3578429,École supérieure de commerce Bretagne Brest,education
http://www.wikidata.org/entity/Q30339307,http://www.wikidata.org/entity/Q1546437,université Paris-Dauphine,education
http://www.wikidata.org/entity/Q30339307,http://www.wikidata.org/entity/Q3145328,hôpital du Scorff,employment
http://www.wikidata.org/entity/Q30339307,http://www.wikidata.org/entity/Q859363,Institut d'études politiques de Paris,education
http://www.wikidata.org/entity/Q30339307,http://www.wikidata.org/entity/Q999763,université Paris-I-Panthéon-Sorbonne,education
http://www.wikidata.org/entity/Q30339328,http://www.wikidata.org/entity/Q62537607,lycée polyvalent Jean-Baptiste Dumas d'Alès,education
http://www.wikidata.org/entity/Q30339343,http://www.wikidata.org/entity/Q3551497,université Strasbourg-I,education
http://www.wikidata.org/entity/Q30339350,http://www.wikidata.org/entity/Q3577716,École alsacienne,education
http://www.wikidata.org/entity/Q30339350,http://www.wikidata.org/entity/Q662976,université Paris-Panthéon-Assas,education
http://www.wikidata.org/entity/Q30339350,http://www.wikidata.org/entity/Q859363,Institut d'études politiques de Paris,education
http://www.wikidata.org/entity/Q30339351,http://www.wikidata.org/entity/Q859363,Institut d'études politiques de Paris,education
http://www.wikidata.org/entity/Q30339352,http://www.wikidata.org/entity/Q1155944,université Paris-Descartes,education
http://www.wikidata.org/entity/Q30339352,http://www.wikidata.org/entity/Q3578104,École nationale de chimie physique et biologie de Paris,education
http://www.wikidata.org/entity/Q30339354,http://www.wikidata.org/entity/Q459026,université Rennes-II,education
http://www.wikidata.org/entity/Q30339356,http://www.wikidata.org/entity/Q1124861,France Télévisions,employment
http://www.wikidata.org/entity/Q30339356,http://www.wikidata.org/entity/Q1881062,M6,employment
http://www.wikidata.org/entity/Q30339356,http://www.wikidata.org/entity/Q21484379,Eurosport,employment
http://www.wikidata.org/entity/Q30339363,http://www.wikidata.org/entity/Q661056,université de Poitiers,education
http://www.wikidata.org/entity/Q30339370,http://www.wikidata.org/entity/Q1141586,université Lille-III,education
http://www.wikidata.org/entity/Q30339370,http://www.wikidata.org/entity/Q30263689,Institut régional d’administration de Lille,education
http://www.wikidata.org/entity/Q30339372,http://www.wikidata.org/entity/Q3151959,Institut d'études politiques de Grenoble,education
http://www.wikidata.org/entity/Q30339379,http://www.wikidata.org/entity/Q11509930,université Lille-II,education
http://www.wikidata.org/entity/Q30339379,http://www.wikidata.org/entity/Q3151958,Institut d’études politiques de Lille,education
http://www.wikidata.org/entity/Q30339386,http://www.wikidata.org/entity/Q1687719,université de Provence Aix-Marseille-I,education
http://www.wikidata.org/entity/Q30339394,http://www.wikidata.org/entity/Q662976,université Paris-Panthéon-Assas,education
http://www.wikidata.org/entity/Q30339397,http://www.wikidata.org/entity/Q3064295,faculté de pharmacie de Paris,education
http://www.wikidata.org/entity/Q30339402,http://www.wikidata.org/entity/Q106999751,Lilly France,employment
http://www.wikidata.org/entity/Q30339402,http://www.wikidata.org/entity/Q20743909,École supérieure de commerce de Paris,education
http://www.wikidata.org/entity/Q30339402,http://www.wikidata.org/entity/Q2383228,lycée Kléber de Strasbourg,education
http://www.wikidata.org/entity/Q30339402,http://www.wikidata.org/entity/Q29293,ESCP Business School,education
http://www.wikidata.org/entity/Q30339402,http://www.wikidata.org/entity/Q627969,Université d'Ottawa,education
http://www.wikidata.org/entity/Q30339415,http://www.wikidata.org/entity/Q3578175,École nationale supérieure d'architecture de Bretagne,education
http://www.wikidata.org/entity/Q30339419,http://www.wikidata.org/entity/Q2496158,université Savoie-Mont-Blanc,education
http://www.wikidata.org/entity/Q30339419,http://www.wikidata.org/entity/Q3152119,Institut de relations internationales et stratégiques,education
http://www.wikidata.org/entity/Q30339422,http://www.wikidata.org/entity/Q1394262,université Paris-Nanterre,education
http://www.wikidata.org/entity/Q30339422,http://www.wikidata.org/entity/Q16684217,École Aquiba,education
http://www.wikidata.org/entity/Q30339476,http://www.wikidata.org/entity/Q273579,École nationale d'administration,education
http://www.wikidata.org/entity/Q30339476,http://www.wikidata.org/entity/Q939743,Assemblée parlementaire du Conseil de l'Europe,membership
http://www.wikidata.org/entity/Q30339795,http://www.wikidata.org/entity/Q3268540,lycée Jules-Ferry de Paris,education
http://www.wikidata.org/entity/Q30339795,http://www.wikidata.org/entity/Q859363,Institut d'études politiques de Paris,education
http://www.wikidata.org/entity/Q30341493,http://www.wikidata.org/entity/Q287072,université Bourgogne-Europe,education
http://www.wikidata.org/entity/Q30341918,http://www.wikidata.org/entity/Q3578434,École supérieure de commerce de Dijon-Bourgogne,education
http://www.wikidata.org/entity/Q30342132,http://www.wikidata.org/entity/Q4032,université Claude-Bernard-Lyon-I,education
http://www.wikidata.org/entity/Q30342359,http://www.wikidata.org/entity/Q1546437,université Paris-Dauphine,education
http://www.wikidata.org/entity/Q30342359,http://www.wikidata.org/entity/Q1587855,École des hautes études en santé publique,education
http://www.wikidata.org/entity/Q30342359,http://www.wikidata.org/entity/Q1664755,Institut d'études politiques de Toulouse,education
http://www.wikidata.org/entity/Q30342359,http://www.wikidata.org/entity/Q1933558,université Toulouse-Jean-Jaurès,education
http://www.wikidata.org/entity/Q30342372,http://www.wikidata.org/entity/Q1198571,université Nice-Sophia-Antipolis,education
http://www.wikidata.org/entity/Q30342372,http://www.wikidata.org/entity/Q3578396,École supérieure d'art et de design de Reims,education
http://www.wikidata.org/entity/Q30342405,http://www.wikidata.org/entity/Q214654,Sorbonne,education
http://www.wikidata.org/entity/Q30342434,http://www.wikidata.org/entity/Q157575,université de Strasbourg,education
http://www.wikidata.org/entity/Q30342434,http://www.wikidata.org/entity/Q16011153,École de gestion et de commerce de Franche-Comté,education
http://www.wikidata.org/entity/Q30342475,http://www.wikidata.org/entity/Q1933558,université Toulouse-Jean-Jaurès,education
http://www.wikidata.org/entity/Q30342506,http://www.wikidata.org/entity/Q273642,École supérieure des sciences économiques et commerciales,education
http://www.wikidata.org/entity/Q30342506,http://www.wikidata.org/entity/Q3151967,Institut d'études politiques de Strasbourg,education
http://www.wikidata.org/entity/Q30342530,http://www.wikidata.org/entity/Q1816857,université de Toulon,employment
http://www.wikidata.org/entity/Q30342575,http://www.wikidata.org/entity/Q4041,université Lumière-Lyon-II,education
http://www.wikidata.org/entity/Q30342812,http://www.wikidata.org/entity/Q259388,université de Nantes,education
http://www.wikidata.org/entity/Q30342812,http://www.wikidata.org/entity/Q3577891,École de management de Normandie,education
http://www.wikidata.org/entity/Q30342903,http://www.wikidata.org/entity/Q335841,université de Corse-Pascal-Paoli,education
http://www.wikidata.org/entity/Q30342921,http://www.wikidata.org/entity/Q1252062,Institut d'études politiques de Bordeaux,education
http://www.wikidata.org/entity/Q30342921,http://www.wikidata.org/entity/Q13335,université Bordeaux-IV,education
http://www.wikidata.org/entity/Q30342921,http://www.wikidata.org/entity/Q3578137,École nationale des impôts,education
http://www.wikidata.org/entity/Q30342940,http://www.wikidata.org/entity/Q1537378,Publicis Groupe,employment
http://www.wikidata.org/entity/Q30342940,http://www.wikidata.org/entity/Q1987282,université de Rennes,education
http://www.wikidata.org/entity/Q30342940,http://www.wikidata.org/entity/Q3315333,ministère de la Ville,employment
http://www.wikidata.org/entity/Q30342940,http://www.wikidata.org/entity/Q3577933,École des hautes études en sciences de l'information et de la communication – Celsa,education
http://www.wikidata.org/entity/Q30342940,http://www.wikidata.org/entity/Q726595,université Rennes-I,education
http://www.wikidata.org/entity/Q30342954,http://www.wikidata.org/entity/Q590201,université Toulouse-Capitole,education
http://www.wikidata.org/entity/Q30342968,http://www.wikidata.org/entity/Q859363,Institut d'études politiques de Paris,education
http://www.wikidata.org/entity/Q30342982,http://www.wikidata.org/entity/Q3064282,faculté des sciences médicales et paramédicales de Marseille,education
http://www.wikidata.org/entity/Q30342993,http://www.wikidata.org/entity/Q16508354,Institut de Commerce de Lyon,education
http://www.wikidata.org/entity/Q30343005,http://www.wikidata.org/entity/Q174335,École nationale de l'aviation civile,education
http://www.wikidata.org/entity/Q30343005,http://www.wikidata.org/entity/Q180922,CAE,education
http://www.wikidata.org/entity/Q30343005,http://www.wikidata.org/entity/Q273626,École polytechnique,education
http://www.wikidata.org/entity/Q30343005,http://www.wikidata.org/entity/Q3152161,Institut des hautes études de défense nationale,education
http://www.wikidata.org/entity/Q30343030,http://www.wikidata.org/entity/Q2253344,Institut d'études politiques de Lyon,education
http://www.wikidata.org/entity/Q30343070,http://www.wikidata.org/entity/Q898448,Institut d'optique Graduate School,education
http://www.wikidata.org/entity/Q30343074,http://www.wikidata.org/entity/Q262760,École Polytechnique Fédérale de Lausanne,education
http://www.wikidata.org/entity/Q30343074,http://www.wikidata.org/entity/Q287072,université Bourgogne-Europe,education
http://www.wikidata.org/entity/Q30343074,http://www.wikidata.org/entity/Q2945783,Centre hospitalier universitaire vaudois,employment
http://www.wikidata.org/entity/Q30343074,http://www.wikidata.org/entity/Q658975,Université de Lausanne,education
http://www.wikidata.org/entity/Q30343112,http://www.wikidata.org/entity/Q112611146,HEC Alumni,membership
http://www.wikidata.org/entity/Q30343112,http://www.wikidata.org/entity/Q1878600,lycée Henri-IV,education
http://www.wikidata.org/entity/Q30343112,http://www.wikidata.org/entity/Q273535,HEC Paris,education
http://www.wikidata.org/entity/Q30343112,http://www.wikidata.org/entity/Q3051054,Elis,employment
http://www.wikidata.org/entity/Q30343128,http://www.wikidata.org/entity/Q859363,Institut d'études politiques de Paris,education
http://www.wikidata.org/entity/Q30343165,http://www.wikidata.org/entity/Q999763,université Paris-I-Panthéon-Sorbonne,education
http://www.wikidata.org/entity/Q30343198,http://www.wikidata.org/entity/Q2661290,université de Limoges,education
http://www.wikidata.org/entity/Q30343212,http://www.wikidata.org/entity/Q1109135,collège d'Europe,education
http://www.wikidata.org/entity/Q30343212,http://www.wikidata.org/entity/Q1121983,Université du Groenland,employment
http://www.wikidata.org/entity/Q30343212,http://www.wikidata.org/entity/Q1878600,lycée Henri-IV,education
http://www.wikidata.org/entity/Q30343212,http://www.wikidata.org/entity/Q23731823,Renaissance,membership
http://www.wikidata.org/entity/Q30343212,http://www.wikidata.org/entity/Q30788155,lycée sainte-Anne,education
http://www.wikidata.org/entity/Q30343212,http://www.wikidata.org/entity/Q3151958,Institut d’études politiques de Lille,education
http://www.wikidata.org/entity/Q30343212,http://www.wikidata.org/entity/Q613786,Les Écologistes – Europe Écologie Les Verts,membership
http://www.wikidata.org/entity/Q30343212,http://www.wikidata.org/entity/Q789848,ministère de l'Europe et des Affaires étrangères,employment
http://www.wikidata.org/entity/Q30343212,http://www.wikidata.org/entity/Q999763,université Paris-I-Panthéon-Sorbonne,education
http://www.wikidata.org/entity/Q30343220,http://www.wikidata.org/entity/Q273518,École des hautes études en sciences sociales,education
http://www.wikidata.org/entity/Q30343220,http://www.wikidata.org/entity/Q3151898,IAE Lille,education
http://www.wikidata.org/entity/Q30343220,http://www.wikidata.org/entity/Q3151958,Institut d’études politiques de Lille,education
http://www.wikidata.org/entity/Q30343220,http://www.wikidata.org/entity/Q3577933,École des hautes études en sciences de l'information et de la communication – Celsa,education
http://www.wikidata.org/entity/Q30343220,http://www.wikidata.org/entity/Q3578499,École supérieure des sciences commerciales d'Angers,employment
http://www.wikidata.org/entity/Q30343220,http://www.wikidata.org/entity/Q524289,Conservatoire national des arts et métiers,education
http://www.wikidata.org/entity/Q30343220,http://www.wikidata.org/entity/Q769040,École des hautes études commerciales du Nord,employment
http://www.wikidata.org/entity/Q30343220,http://www.wikidata.org/entity/Q87571761,Laboratoire de l'égalité,membership
http://www.wikidata.org/entity/Q30343245,http://www.wikidata.org/entity/Q2371114,lycée Lyautey,education
http://www.wikidata.org/entity/Q30343245,http://www.wikidata.org/entity/Q259388,université de Nantes,education
http://www.wikidata.org/entity/Q30343446,http://www.wikidata.org/entity/Q2033673,université Nancy-I,education
http://www.wikidata.org/entity/Q30344304,http://www.wikidata.org/entity/Q174570,London School of Economics,education
http://www.wikidata.org/entity/Q30344304,http://www.wikidata.org/entity/Q245247,King's College de Londres,education
http://www.wikidata.org/entity/Q30344304,http://www.wikidata.org/entity/Q3269062,lycée français Charles-de-Gaulle,education
http://www.wikidata.org/entity/Q30344304,http://www.wikidata.org/entity/Q859363,Institut d'études politiques de Paris,education
http://www.wikidata.org/entity/Q30344380,http://www.wikidata.org/entity/Q3151859,Institut catholique d'arts et métiers,education
http://www.wikidata.org/entity/Q30344462,http://www.wikidata.org/entity/Q61931533,ordre des avocats de Rennes,membership
http://www.wikidata.org/entity/Q30344462,http://www.wikidata.org/entity/Q726595,université Rennes-I,education
http://www.wikidata.org/entity/Q30344568,http://www.wikidata.org/entity/Q2946096,Centre universitaire d'enseignement du journalisme,education
http://www.wikidata.org/entity/Q30344625,http://www.wikidata.org/entity/Q3128685,Havas 360,employment
http://www.wikidata.org/entity/Q30344625,http://www.wikidata.org/entity/Q859363,Institut d'études politiques de Paris,education
http://www.wikidata.org/entity/Q30344657,http://www.wikidata.org/entity/Q1665124,ISC paris business school,education
http://www.wikidata.org/entity/Q30344710,http://www.wikidata.org/entity/Q2033673,université Nancy-I,education
http://www.wikidata.org/entity/Q30344710,http://www.wikidata.org/entity/Q459026,université Rennes-II,education
http://www.wikidata.org/entity/Q30345334,http://www.wikidata.org/entity/Q3268590,lycée général Berthollet d'Annecy,education
http://www.wikidata.org/entity/Q30345412,http://www.wikidata.org/entity/Q13344,université de Bordeaux,education
http://www.wikidata.org/entity/Q30346873,http://www.wikidata.org/entity/Q1333933,université Torcuato Di Tella,education
http://www.wikidata.org/entity/Q30346873,http://www.wikidata.org/entity/Q16635111,Etalab,employment
http://www.wikidata.org/entity/Q30346873,http://www.wikidata.org/entity/Q6707464,lycée franco-argentin Jean-Mermoz,education
http://www.wikidata.org/entity/Q30346873,http://www.wikidata.org/entity/Q859363,Institut d'études politiques de Paris,education
http://www.wikidata.org/entity/Q30347171,http://www.wikidata.org/entity/Q304872,université de Perpignan Via Domitia,education
http://www.wikidata.org/entity/Q30347481,http://www.wikidata.org/entity/Q1477551,université catholique de Lille,education
http://www.wikidata.org/entity/Q30347481,http://www.wikidata.org/entity/Q1480643,université Paris-Sud,education
http://www.wikidata.org/entity/Q30347481,http://www.wikidata.org/entity/Q1887879,université de San Francisco,education
http://www.wikidata.org/entity/Q30347481,http://www.wikidata.org/entity/Q500740,université Lille-I,education
http://www.wikidata.org/entity/Q30347481,http://www.wikidata.org/entity/Q509404,Alcatel-Lucent,employment
http://www.wikidata.org/entity/Q30347481,http://www.wikidata.org/entity/Q855479,TDK,employment
http://www.wikidata.org/entity/Q30348526,http://www.wikidata.org/entity/Q3551496,université Strasbourg-III,education
http://www.wikidata.org/entity/Q30348579,http://www.wikidata.org/entity/Q1987282,université de Rennes,education
http://www.wikidata.org/entity/Q30348579,http://www.wikidata.org/entity/Q23731823,Renaissance,membership
http://www.wikidata.org/entity/Q30348579,http://www.wikidata.org/entity/Q273534,École du Louvre,education
http://www.wikidata.org/entity/Q30348579,http://www.wikidata.org/entity/Q459026,université Rennes-II,education
http://www.wikidata.org/entity/Q30348579,http://www.wikidata.org/entity/Q587370,Mouvement démocrate,membership
http://www.wikidata.org/entity/Q30348579,http://www.wikidata.org/entity/Q870925,École nationale supérieure de création industrielle,education
http://www.wikidata.org/entity/Q30348845,http://www.wikidata.org/entity/Q273579,École nationale d'administration,education
http://www.wikidata.org/entity/Q30348845,http://www.wikidata.org/entity/Q3151967,Institut d'études politiques de Strasbourg,education
http://www.wikidata.org/entity/Q30348845,http://www.wikidata.org/entity/Q3268760,lycée Jeanne-d'Arc,education
http://www.wikidata.org/entity/Q30348845,http://www.wikidata.org/entity/Q662976,université Paris-Panthéon-Assas,education
http://www.wikidata.org/entity/Q30348845,http://www.wikidata.org/entity/Q859363,Institut d'études politiques de Paris,education
http://www.wikidata.org/entity/Q30348845,http://www.wikidata.org/entity/Q939743,Assemblée parlementaire du Conseil de l'Europe,membership
http://www.wikidata.org/entity/Q30348849,http://www.wikidata.org/entity/Q1465237,université de Metz,education
http://www.wikidata.org/entity/Q30348928,http://www.wikidata.org/entity/Q110875330,Omnes Éducation,education
http://www.wikidata.org/entity/Q30348996,http://www.wikidata.org/entity/Q568554,université de Caen-Normandie,education
http://www.wikidata.org/entity/Q30348996,http://www.wikidata.org/entity/Q568554,université de Caen-Normandie,employment
http://www.wikidata.org/entity/Q30349019,http://www.wikidata.org/entity/Q661056,université de Poitiers,education
http://www.wikidata.org/entity/Q30349021,http://www.wikidata.org/entity/Q726595,université Rennes-I,education
http://www.wikidata.org/entity/Q30349021,http://www.wikidata.org/entity/Q939743,Assemblée parlementaire du Conseil de l'Europe,membership
http://www.wikidata.org/entity/Q30349049,http://www.wikidata.org/entity/Q726595,université Rennes-I,education
http://www.wikidata.org/entity/Q30349074,http://www.wikidata.org/entity/Q13342,université Bordeaux-Montaigne,education
http://www.wikidata.org/entity/Q30349104,http://www.wikidata.org/entity/Q494335,université de Tours,education
http://www.wikidata.org/entity/Q30349124,http://www.wikidata.org/entity/Q273534,École du Louvre,education
http://www.wikidata.org/entity/Q30349208,http://www.wikidata.org/entity/Q1381437,université d'Auvergne - Clermont I,education
http://www.wikidata.org/entity/Q30349248,http://www.wikidata.org/entity/Q287072,université Bourgogne-Europe,education
http://www.wikidata.org/entity/Q30349300,http://www.wikidata.org/entity/Q494247,université de Rouen-Normandie,education
http://www.wikidata.org/entity/Q30349301,http://www.wikidata.org/entity/Q287072,université Bourgogne-Europe,education
http://www.wikidata.org/entity/Q30349303,http://www.wikidata.org/entity/Q287072,université Bourgogne-Europe,education
http://www.wikidata.org/entity/Q30349303,http://www.wikidata.org/entity/Q2945762,centre hospitalier universitaire de Dijon,employment
http://www.wikidata.org/entity/Q30349303,http://www.wikidata.org/entity/Q3268613,lycée Carnot,education
http://www.wikidata.org/entity/Q30349303,http://www.wikidata.org/entity/Q47500774,Club des juristes,membership
http://www.wikidata.org/entity/Q30349307,http://www.wikidata.org/entity/Q662976,université Paris-Panthéon-Assas,education
http://www.wikidata.org/entity/Q30349322,http://www.wikidata.org/entity/Q1538727,université d'Angers,education
http://www.wikidata.org/entity/Q30349322,http://www.wikidata.org/entity/Q3578137,École nationale des impôts,education
http://www.wikidata.org/entity/Q30349328,http://www.wikidata.org/entity/Q3578212,École nationale supérieure d'électricité et de mécanique,education
http://www.wikidata.org/entity/Q30349347,http://www.wikidata.org/entity/Q3195113,Kendalc'h,membership
http://www.wikidata.org/entity/Q30349347,http://www.wikidata.org/entity/Q459026,université Rennes-II,education
http://www.wikidata.org/entity/Q30349354,http://www.wikidata.org/entity/Q131137989,emlyon alumni,membership
http://www.wikidata.org/entity/Q30349354,http://www.wikidata.org/entity/Q1795504,EM Lyon Business School,education
http://www.wikidata.org/entity/Q30349354,http://www.wikidata.org/entity/Q24237057,École de guerre,education
http://www.wikidata.org/entity/Q30349354,http://www.wikidata.org/entity/Q3152161,Institut des hautes études de défense nationale,education
http://www.wikidata.org/entity/Q30349354,http://www.wikidata.org/entity/Q4041,université Lumière-Lyon-II,education
http://www.wikidata.org/entity/Q30349369,http://www.wikidata.org/entity/Q13344,université de Bordeaux,education
http://www.wikidata.org/entity/Q30349369,http://www.wikidata.org/entity/Q524289,Conservatoire national des arts et métiers,education
http://www.wikidata.org/entity/Q30349408,http://www.wikidata.org/entity/Q112746726,W&Cie,employment
http://www.wikidata.org/entity/Q30349408,http://www.wikidata.org/entity/Q112746760,Avisa Partners,employment
http://www.wikidata.org/entity/Q30349408,http://www.wikidata.org/entity/Q1152240,DDB Worldwide,employment
http://www.wikidata.org/entity/Q30349408,http://www.wikidata.org/entity/Q1394262,université Paris-Nanterre,education
http://www.wikidata.org/entity/Q30349408,http://www.wikidata.org/entity/Q16635111,Etalab,employment
http://www.wikidata.org/entity/Q30349408,http://www.wikidata.org/entity/Q273642,École supérieure des sciences économiques et commerciales,education
http://www.wikidata.org/entity/Q30349408,http://www.wikidata.org/entity/Q678565,Saint-Gobain,employment
http://www.wikidata.org/entity/Q30349408,http://www.wikidata.org/entity/Q859363,Institut d'études politiques de Paris,education
http://www.wikidata.org/entity/Q30349429,http://www.wikidata.org/entity/Q2033673,université Nancy-I,education
http://www.wikidata.org/entity/Q30349445,http://www.wikidata.org/entity/Q259388,université de Nantes,education
http://www.wikidata.org/entity/Q30349465,http://www.wikidata.org/entity/Q1232180,Université de Grenade,education
http://www.wikidata.org/entity/Q30349465,http://www.wikidata.org/entity/Q661056,université de Poitiers,education
http://www.wikidata.org/entity/Q30349465,http://www.wikidata.org/entity/Q662976,université Paris-Panthéon-Assas,education
http://www.wikidata.org/entity/Q30349518,http://www.wikidata.org/entity/Q661056,université de Poitiers,education
http://www.wikidata.org/entity/Q30349549,http://www.wikidata.org/entity/Q1784954,université du Havre,education
http://www.wikidata.org/entity/Q30349588,http://www.wikidata.org/entity/Q1816857,université de Toulon,education
http://www.wikidata.org/entity/Q30349632,http://www.wikidata.org/entity/Q273642,École supérieure des sciences économiques et commerciales,education
http://www.wikidata.org/entity/Q30349651,http://www.wikidata.org/entity/Q500740,université Lille-I,education
http://www.wikidata.org/entity/Q3034968,http://www.wikidata.org/entity/Q3151958,Institut d’études politiques de Lille,employment
http://www.wikidata.org/entity/Q3034968,http://www.wikidata.org/entity/Q500740,université Lille-I,education
http://www.wikidata.org/entity/Q3034968,http://www.wikidata.org/entity/Q859363,Institut d'études politiques de Paris,education
http://www.wikidata.org/entity/Q3034968,http://www.wikidata.org/entity/Q859363,Institut d'études politiques de Paris,employment
http://www.wikidata.org/entity/Q30349862,http://www.wikidata.org/entity/Q910798,Union nationale des étudiants de France,membership
http://www.wikidata.org/entity/Q30349870,http://www.wikidata.org/entity/Q3551576,université de Clermont-Ferrand,education
http://www.wikidata.org/entity/Q30349937,http://www.wikidata.org/entity/Q259388,université de Nantes,education
http://www.wikidata.org/entity/Q30349937,http://www.wikidata.org/entity/Q726595,université Rennes-I,education
http://www.wikidata.org/entity/Q3035053,http://www.wikidata.org/entity/Q2983698,collège Stanislas,education
http://www.wikidata.org/entity/Q30350575,http://www.wikidata.org/entity/Q3578029,CY Tech,education
http://www.wikidata.org/entity/Q30350683,http://www.wikidata.org/entity/Q13344,université de Bordeaux,education
http://www.wikidata.org/entity/Q3035111,http://www.wikidata.org/entity/Q112611146,HEC Alumni,membership
http://www.wikidata.org/entity/Q3035111,http://www.wikidata.org/entity/Q273535,HEC Paris,education
http://www.wikidata.org/entity/Q3035111,http://www.wikidata.org/entity/Q4027,université Jean-Moulin-Lyon-III,education
http://www.wikidata.org/entity/Q30351663,http://www.wikidata.org/entity/Q1189954,École nationale supérieure des mines de Paris,education
http://www.wikidata.org/entity/Q3035175,http://www.wikidata.org/entity/Q273447,École centrale Paris,education
http://www.wikidata.org/entity/Q3035175,http://www.wikidata.org/entity/Q3268638,lycée Pierre-Corneille de Rouen,education
http://www.wikidata.org/entity/Q3035175,http://www.wikidata.org/entity/Q3488451,Société libre d'émulation de la Seine-Maritime,membership
http://www.wikidata.org/entity/Q3035273,http://www.wikidata.org/entity/Q939743,Assemblée parlementaire du Conseil de l'Europe,membership
http://www.wikidata.org/entity/Q3035279,http://www.wikidata.org/entity/Q273579,École nationale d'administration,education
http://www.wikidata.org/entity/Q3035368,http://www.wikidata.org/entity/Q1546437,université Paris-Dauphine,education
http://www.wikidata.org/entity/Q3035420,http://www.wikidata.org/entity/Q1394262,université Paris-Nanterre,education
http://www.wikidata.org/entity/Q3035420,http://www.wikidata.org/entity/Q1431541,lycée Janson-de-Sailly,education
http://www.wikidata.org/entity/Q3035420,http://www.wikidata.org/entity/Q3577688,école Pascal,education
http://www.wikidata.org/entity/Q3035420,http://www.wikidata.org/entity/Q999763,université Paris-I-Panthéon-Sorbonne,education
http://www.wikidata.org/entity/Q3035423,http://www.wikidata.org/entity/Q1538727,université d'Angers,education
http://www.wikidata.org/entity/Q3035430,http://www.wikidata.org/entity/Q859363,Institut d'études politiques de Paris,education
http://www.wikidata.org/entity/Q3035447,http://www.wikidata.org/entity/Q730513,"Académie des sciences, belles-lettres et arts de Lyon",membership
http://www.wikidata.org/entity/Q30375947,http://www.wikidata.org/entity/Q1857334,université de Bretagne-Occidentale,education
http://www.wikidata.org/entity/Q30376107,http://www.wikidata.org/entity/Q259388,université de Nantes,education
http://www.wikidata.org/entity/Q30376107,http://www.wikidata.org/entity/Q661056,université de Poitiers,education
http://www.wikidata.org/entity/Q30376256,http://www.wikidata.org/entity/Q3577763,ISTOM - École supérieure d'agro-développement international,education
http://www.wikidata.org/entity/Q30376809,http://www.wikidata.org/entity/Q2661290,université de Limoges,education
http://www.wikidata.org/entity/Q30377001,http://www.wikidata.org/entity/Q500740,université Lille-I,education
http://www.wikidata.org/entity/Q30377460,http://www.wikidata.org/entity/Q494247,université de Rouen-Normandie,education
http://www.wikidata.org/entity/Q30377701,http://www.wikidata.org/entity/Q3151859,Institut catholique d'arts et métiers,education
http://www.wikidata.org/entity/Q30378425,http://www.wikidata.org/entity/Q1194988,université Paris-VIII,education
http://www.wikidata.org/entity/Q30378425,http://www.wikidata.org/entity/Q304872,université de Perpignan Via Domitia,education
http://www.wikidata.org/entity/Q30378641,http://www.wikidata.org/entity/Q1616573,université Grenoble-III,education
http://www.wikidata.org/entity/Q30378878,http://www.wikidata.org/entity/Q859363,Institut d'études politiques de Paris,education
http://www.wikidata.org/entity/Q30379003,http://www.wikidata.org/entity/Q623154,université Jean-Monnet-Saint-Étienne,education
http://www.wikidata.org/entity/Q30379410,http://www.wikidata.org/entity/Q112611146,HEC Alumni,membership
http://www.wikidata.org/entity/Q30379410,http://www.wikidata.org/entity/Q1376496,Conseil européen pour les relations internationales,employment
http://www.wikidata.org/entity/Q30379410,http://www.wikidata.org/entity/Q273535,HEC Paris,education
http://www.wikidata.org/entity/Q30379410,http://www.wikidata.org/entity/Q49127,John F. Kennedy School of Government,education
http://www.wikidata.org/entity/Q30379410,http://www.wikidata.org/entity/Q546118,université Paris-Sorbonne,education
http://www.wikidata.org/entity/Q30385534,http://www.wikidata.org/entity/Q500740,université Lille-I,education
http://www.wikidata.org/entity/Q30385652,http://www.wikidata.org/entity/Q29293,ESCP Business School,education
http://www.wikidata.org/entity/Q30386520,http://www.wikidata.org/entity/Q3146547,ICN Business School,education
http://www.wikidata.org/entity/Q30386520,http://www.wikidata.org/entity/Q939743,Assemblée parlementaire du Conseil de l'Europe,membership
http://www.wikidata.org/entity/Q30386710,http://www.wikidata.org/entity/Q859363,Institut d'études politiques de Paris,education
http://www.wikidata.org/entity/Q30386813,http://www.wikidata.org/entity/Q859363,Institut d'études politiques de Paris,education
http://www.wikidata.org/entity/Q30388169,http://www.wikidata.org/entity/Q3578431,INSEEC Chambéry,education
http://www.wikidata.org/entity/Q30388327,http://www.wikidata.org/entity/Q662976,université Paris-Panthéon-Assas,education
http://www.wikidata.org/entity/Q30388733,http://www.wikidata.org/entity/Q1322641,France 3,employment
http://www.wikidata.org/entity/Q30388733,http://www.wikidata.org/entity/Q1628816,Mouvement jeunes communistes de France,membership
http://www.wikidata.org/entity/Q30388733,http://www.wikidata.org/entity/Q2945332,Centre de formation et de perfectionnement des journalistes,education
http://www.wikidata.org/entity/Q30389297,http://www.wikidata.org/entity/Q1132066,école spéciale militaire de Saint-Cyr,education
http://www.wikidata.org/entity/Q30389297,http://www.wikidata.org/entity/Q271,Prytanée national militaire,education
http://www.wikidata.org/entity/Q30389738,http://www.wikidata.org/entity/Q4027,université Jean-Moulin-Lyon-III,education
http://www.wikidata.org/entity/Q30390636,http://www.wikidata.org/entity/Q1252062,Institut d'études politiques de Bordeaux,education
http://www.wikidata.org/entity/Q30390791,http://www.wikidata.org/entity/Q494247,université de Rouen-Normandie,education
http://www.wikidata.org/entity/Q30390884,http://www.wikidata.org/entity/Q2661290,université de Limoges,education
http://www.wikidata.org/entity/Q30391048,http://www.wikidata.org/entity/Q19952206,Conseil représentatif des associations asiatiques de France,membership
http://www.wikidata.org/entity/Q30391746,http://www.wikidata.org/entity/Q2473125,université Nancy-II,education
http://www.wikidata.org/entity/Q30392038,http://www.wikidata.org/entity/Q1637105,Institut des sciences et industries du vivant et de l'environnement (AgroParisTech),education
http://www.wikidata.org/entity/Q30392574,http://www.wikidata.org/entity/Q16507899,Faculté de pharmacie de Clermont-Ferrand,education
http://www.wikidata.org/entity/Q30395630,http://www.wikidata.org/entity/Q1273188,université Toulouse III,education
http://www.wikidata.org/entity/Q30395630,http://www.wikidata.org/entity/Q3117571,Montpellier Business School,education
http://www.wikidata.org/entity/Q30395666,http://www.wikidata.org/entity/Q11509930,université Lille-II,employment
http://www.wikidata.org/entity/Q30395666,http://www.wikidata.org/entity/Q3551621,université de Lille,education
http://www.wikidata.org/entity/Q30417849,http://www.wikidata.org/entity/Q112611146,HEC Alumni,membership
http://www.wikidata.org/entity/Q30417849,http://www.wikidata.org/entity/Q173395,Cisco Systems,employment
http://www.wikidata.org/entity/Q30417849,http://www.wikidata.org/entity/Q273454,École centrale de Marseille,education
http://www.wikidata.org/entity/Q30417849,http://www.wikidata.org/entity/Q273535,HEC Paris,education
http://www.wikidata.org/entity/Q30417849,http://www.wikidata.org/entity/Q312,Apple,employment
http://www.wikidata.org/entity/Q30417849,http://www.wikidata.org/entity/Q324603,Compaq,employment
http://www.wikidata.org/entity/Q30417849,http://www.wikidata.org/entity/Q581438,Bouygues Telecom,employment
http://www.wikidata.org/entity/Q30417849,http://www.wikidata.org/entity/Q678565,Saint-Gobain,employment
http://www.wikidata.org/entity/Q30420910,http://www.wikidata.org/entity/Q2912244,université Paul-Valéry,education
http://www.wikidata.org/entity/Q30430460,http://www.wikidata.org/entity/Q2496158,université Savoie-Mont-Blanc,education
http://www.wikidata.org/entity/Q30433642,http://www.wikidata.org/entity/Q1155944,université Paris-Descartes,education
http://www.wikidata.org/entity/Q30433642,http://www.wikidata.org/entity/Q55849612,université Paris-Cité,education
http://www.wikidata.org/entity/Q30433642,http://www.wikidata.org/entity/Q661056,université de Poitiers,education
http://www.wikidata.org/entity/Q30433890,http://www.wikidata.org/entity/Q259388,université de Nantes,education
http://www.wikidata.org/entity/Q30435693,http://www.wikidata.org/entity/Q1616573,université Grenoble-III,education
http://www.wikidata.org/entity/Q30435693,http://www.wikidata.org/entity/Q273447,École centrale Paris,education
http://www.wikidata.org/entity/Q30435693,http://www.wikidata.org/entity/Q8484,lycée du Parc,education
http://www.wikidata.org/entity/Q30440777,http://www.wikidata.org/entity/Q726595,université Rennes-I,education
http://www.wikidata.org/entity/Q30448094,http://www.wikidata.org/entity/Q3459256,EFAP,education
http://www.wikidata.org/entity/Q30449710,http://www.wikidata.org/entity/Q902688,université Montpellier-II,education
http://www.wikidata.org/entity/Q30450097,http://www.wikidata.org/entity/Q500740,université Lille-I,education
http://www.wikidata.org/entity/Q30450097,http://www.wikidata.org/entity/Q546118,université Paris-Sorbonne,education
http://www.wikidata.org/entity/Q30451909,http://www.wikidata.org/entity/Q859363,Institut d'études politiques de Paris,education
http://www.wikidata.org/entity/Q30453870,http://www.wikidata.org/entity/Q273579,École nationale d'administration,education
http://www.wikidata.org/entity/Q30458783,http://www.wikidata.org/entity/Q2473125,université Nancy-II,education
http://www.wikidata.org/entity/Q30458783,http://www.wikidata.org/entity/Q4027,université Jean-Moulin-Lyon-III,education
http://www.wikidata.org/entity/Q30458783,http://www.wikidata.org/entity/Q903888,université Montpellier-I,education
http://www.wikidata.org/entity/Q30459009,http://www.wikidata.org/entity/Q1480643,université Paris-Sud,education
http://www.wikidata.org/entity/Q30459009,http://www.wikidata.org/entity/Q859363,Institut d'études politiques de Paris,education
http://www.wikidata.org/entity/Q30459009,http://www.wikidata.org/entity/Q939743,Assemblée parlementaire du Conseil de l'Europe,membership
http://www.wikidata.org/entity/Q3047730,http://www.wikidata.org/entity/Q662976,université Paris-Panthéon-Assas,employment
http://www.wikidata.org/entity/Q3047730,http://www.wikidata.org/entity/Q859363,Institut d'études politiques de Paris,education
http://www.wikidata.org/entity/Q3047759,http://www.wikidata.org/entity/Q107145642,Groupes mobiles d'Alsace,membership
http://www.wikidata.org/entity/Q3047759,http://www.wikidata.org/entity/Q3456570,Réseau Kléber,membership
http://www.wikidata.org/entity/Q3048368,http://www.wikidata.org/entity/Q859363,Institut d'études politiques de Paris,education
http://www.wikidata.org/entity/Q3048368,http://www.wikidata.org/entity/Q980688,université Paris-Est-Créteil-Val-de-Marne,education
http://www.wikidata.org/entity/Q30493489,http://www.wikidata.org/entity/Q131137989,emlyon alumni,membership
http://www.wikidata.org/entity/Q30493489,http://www.wikidata.org/entity/Q1795504,EM Lyon Business School,education
http://www.wikidata.org/entity/Q30496487,http://www.wikidata.org/entity/Q661056,université de Poitiers,education
http://www.wikidata.org/entity/Q30496487,http://www.wikidata.org/entity/Q999763,université Paris-I-Panthéon-Sorbonne,education
http://www.wikidata.org/entity/Q30496891,http://www.wikidata.org/entity/Q304872,université de Perpignan Via Domitia,education
http://www.wikidata.org/entity/Q30496891,http://www.wikidata.org/entity/Q590201,université Toulouse-Capitole,education
http://www.wikidata.org/entity/Q30497082,http://www.wikidata.org/entity/Q273642,École supérieure des sciences économiques et commerciales,education
http://www.wikidata.org/entity/Q30497590,http://www.wikidata.org/entity/Q273642,École supérieure des sciences économiques et commerciales,education
http://www.wikidata.org/entity/Q30503206,http://www.wikidata.org/entity/Q109278920,Commission indépendante sur l'inceste et les violences sexuelles faites aux enfants,membership
http://www.wikidata.org/entity/Q30503206,http://www.wikidata.org/entity/Q999763,université Paris-I-Panthéon-Sorbonne,education
http://www.wikidata.org/entity/Q30503261,http://www.wikidata.org/entity/Q578023,université de Toulouse,education
http://www.wikidata.org/entity/Q30503939,http://www.wikidata.org/entity/Q834825,Université du Mans,education
http://www.wikidata.org/entity/Q30503939,http://www.wikidata.org/entity/Q859363,Institut d'études politiques de Paris,education
http://www.wikidata.org/entity/Q30503939,http://www.wikidata.org/entity/Q999763,université Paris-I-Panthéon-Sorbonne,education
http://www.wikidata.org/entity/Q30504358,http://www.wikidata.org/entity/Q13342,université Bordeaux-Montaigne,education
http://www.wikidata.org/entity/Q30504358,http://www.wikidata.org/entity/Q999763,université Paris-I-Panthéon-Sorbonne,education
http://www.wikidata.org/entity/Q30505626,http://www.wikidata.org/entity/Q999763,université Paris-I-Panthéon-Sorbonne,education
http://www.wikidata.org/entity/Q30505632,http://www.wikidata.org/entity/Q2496158,université Savoie-Mont-Blanc,education
http://www.wikidata.org/entity/Q30505632,http://www.wikidata.org/entity/Q945876,université Grenoble-Alpes,education
http://www.wikidata.org/entity/Q30505891,http://www.wikidata.org/entity/Q13344,université de Bordeaux,education
http://www.wikidata.org/entity/Q30505891,http://www.wikidata.org/entity/Q795819,Bordeaux école de management,education
http://www.wikidata.org/entity/Q30506159,http://www.wikidata.org/entity/Q4027,université Jean-Moulin-Lyon-III,education
http://www.wikidata.org/entity/Q30506332,http://www.wikidata.org/entity/Q3578164,"École nationale du génie rural, des eaux et des forêts",education
http://www.wikidata.org/entity/Q30506365,http://www.wikidata.org/entity/Q859363,Institut d'études politiques de Paris,education
http://www.wikidata.org/entity/Q30509463,http://www.wikidata.org/entity/Q2473125,université Nancy-II,education
http://www.wikidata.org/entity/Q30511578,http://www.wikidata.org/entity/Q1394262,université Paris-Nanterre,education
http://www.wikidata.org/entity/Q30511580,http://www.wikidata.org/entity/Q568554,université de Caen-Normandie,education
http://www.wikidata.org/entity/Q30512286,http://www.wikidata.org/entity/Q1139065,Institut d'études politiques d'Aix-en-Provence,education
http://www.wikidata.org/entity/Q30512286,http://www.wikidata.org/entity/Q1381437,université d'Auvergne - Clermont I,education
http://www.wikidata.org/entity/Q30512286,http://www.wikidata.org/entity/Q3152045,Institut de management public et de gouvernance territoriale,education
http://www.wikidata.org/entity/Q30512501,http://www.wikidata.org/entity/Q500740,université Lille-I,education
http://www.wikidata.org/entity/Q30512608,http://www.wikidata.org/entity/Q769040,École des hautes études commerciales du Nord,education
http://www.wikidata.org/entity/Q30513192,http://www.wikidata.org/entity/Q3278478,Ville de Paris,employment
http://www.wikidata.org/entity/Q30517132,http://www.wikidata.org/entity/Q13335,université Bordeaux-IV,education
http://www.wikidata.org/entity/Q30519525,http://www.wikidata.org/entity/Q2000147,université Grenoble-II,education
http://www.wikidata.org/entity/Q30525143,http://www.wikidata.org/entity/Q1125605,Confédération française démocratique du travail,membership
http://www.wikidata.org/entity/Q30525143,http://www.wikidata.org/entity/Q4041,université Lumière-Lyon-II,education
http://www.wikidata.org/entity/Q30525143,http://www.wikidata.org/entity/Q829449,université Marie-et-Louis-Pasteur,education
http://www.wikidata.org/entity/Q30526465,http://www.wikidata.org/entity/Q1659456,Institut supérieur de gestion,education
http://www.wikidata.org/entity/Q30527240,http://www.wikidata.org/entity/Q662976,université Paris-Panthéon-Assas,education
http://www.wikidata.org/entity/Q3052726,http://www.wikidata.org/entity/Q2983698,collège Stanislas,education
http://www.wikidata.org/entity/Q3052795,http://www.wikidata.org/entity/Q546118,université Paris-Sorbonne,education
http://www.wikidata.org/entity/Q3052795,http://www.wikidata.org/entity/Q859363,Institut d'études politiques de Paris,education
http://www.wikidata.org/entity/Q3052795,http://www.wikidata.org/entity/Q859363,Institut d'études politiques de Paris,employment
http://www.wikidata.org/entity/Q30528115,http://www.wikidata.org/entity/Q3268876,lycée Pasteur de Neuilly-sur-Seine,education
http://www.wikidata.org/entity/Q30528115,http://www.wikidata.org/entity/Q859363,Institut d'études politiques de Paris,education
http://www.wikidata.org/entity/Q30530300,http://www.wikidata.org/entity/Q3151898,IAE Lille,education
http://www.wikidata.org/entity/Q30530581,http://www.wikidata.org/entity/Q13342,université Bordeaux-Montaigne,education
http://www.wikidata.org/entity/Q30538517,http://www.wikidata.org/entity/Q2473125,université Nancy-II,education
http://www.wikidata.org/entity/Q30538517,http://www.wikidata.org/entity/Q336968,Conservatoire royal de Bruxelles,education
http://www.wikidata.org/entity/Q30538517,http://www.wikidata.org/entity/Q475504,université d'Artois,education
http://www.wikidata.org/entity/Q30540280,http://www.wikidata.org/entity/Q11509930,université Lille-II,education
http://www.wikidata.org/entity/Q3056510,http://www.wikidata.org/entity/Q834819,université de La Réunion,education
http://www.wikidata.org/entity/Q3056510,http://www.wikidata.org/entity/Q999763,université Paris-I-Panthéon-Sorbonne,education
http://www.wikidata.org/entity/Q3059723,http://www.wikidata.org/entity/Q209842,université de Paris,education
http://www.wikidata.org/entity/Q30729075,http://www.wikidata.org/entity/Q999763,université Paris-I-Panthéon-Sorbonne,education
http://www.wikidata.org/entity/Q3079081,http://www.wikidata.org/entity/Q273626,École polytechnique,education
http://www.wikidata.org/entity/Q3079081,http://www.wikidata.org/entity/Q3268957,lycée Thiers,education
http://www.wikidata.org/entity/Q3081384,http://www.wikidata.org/entity/Q939743,Assemblée parlementaire du Conseil de l'Europe,membership
http://www.wikidata.org/entity/Q3081676,http://www.wikidata.org/entity/Q2570220,École nationale supérieure d'arts et métiers,education
http://www.wikidata.org/entity/Q3081737,http://www.wikidata.org/entity/Q3128626,École des hautes études d'ingénieur - Junia,education
http://www.wikidata.org/entity/Q3082745,http://www.wikidata.org/entity/Q578023,université de Toulouse,education
http://www.wikidata.org/entity/Q3082745,http://www.wikidata.org/entity/Q742587,La Dépêche du Midi,employment
http://www.wikidata.org/entity/Q3082845,http://www.wikidata.org/entity/Q590201,université Toulouse-Capitole,education
http://www.wikidata.org/entity/Q3084113,http://www.wikidata.org/entity/Q776223,université de Montpellier,education
http://www.wikidata.org/entity/Q3084310,http://www.wikidata.org/entity/Q1394262,université Paris-Nanterre,education
http://www.wikidata.org/entity/Q3084338,http://www.wikidata.org/entity/Q1857334,université de Bretagne-Occidentale,education
http://www.wikidata.org/entity/Q3084338,http://www.wikidata.org/entity/Q859363,Institut d'études politiques de Paris,education
http://www.wikidata.org/entity/Q3084411,http://www.wikidata.org/entity/Q2822394,Académie des sciences et lettres de Montpellier,membership
http://www.wikidata.org/entity/Q3084411,http://www.wikidata.org/entity/Q859363,Institut d'études politiques de Paris,education
http://www.wikidata.org/entity/Q3084768,http://www.wikidata.org/entity/Q273447,École centrale Paris,education
http://www.wikidata.org/entity/Q3084768,http://www.wikidata.org/entity/Q273579,École nationale d'administration,education
http://www.wikidata.org/entity/Q3084768,http://www.wikidata.org/entity/Q859363,Institut d'études politiques de Paris,education
http://www.wikidata.org/entity/Q3084783,http://www.wikidata.org/entity/Q939743,Assemblée parlementaire du Conseil de l'Europe,membership
http://www.wikidata.org/entity/Q3084787,http://www.wikidata.org/entity/Q939743,Assemblée parlementaire du Conseil de l'Europe,membership
http://www.wikidata.org/entity/Q3084796,http://www.wikidata.org/entity/Q3268864,lycée Notre-Dame Saint-Sigisbert,education
http://www.wikidata.org/entity/Q3084884,http://www.wikidata.org/entity/Q546118,université Paris-Sorbonne,education
http://www.wikidata.org/entity/Q3084884,http://www.wikidata.org/entity/Q859363,Institut d'études politiques de Paris,education
http://www.wikidata.org/entity/Q3085111,http://www.wikidata.org/entity/Q3064267,faculté de droit de Rennes,education
http://www.wikidata.org/entity/Q3085111,http://www.wikidata.org/entity/Q546118,université Paris-Sorbonne,education
http://www.wikidata.org/entity/Q3085196,http://www.wikidata.org/entity/Q2945328,Centre de formation des journalistes,education
http://www.wikidata.org/entity/Q3085525,http://www.wikidata.org/entity/Q273600,École nationale vétérinaire d'Alfort,education
http://www.wikidata.org/entity/Q3085621,http://www.wikidata.org/entity/Q1542667,Grand Orient de France,membership
http://www.wikidata.org/entity/Q3085763,http://www.wikidata.org/entity/Q2945328,Centre de formation des journalistes,education
http://www.wikidata.org/entity/Q3085763,http://www.wikidata.org/entity/Q29889309,lycée La Providence d'Amiens,education
http://www.wikidata.org/entity/Q3085763,http://www.wikidata.org/entity/Q3064698,Fakir,employment
http://www.wikidata.org/entity/Q3085763,http://www.wikidata.org/entity/Q947747,université de Picardie Jules-Verne,education
http://www.wikidata.org/entity/Q3085816,http://www.wikidata.org/entity/Q2496149,université de Reims-Champagne-Ardenne,education
http://www.wikidata.org/entity/Q3085898,http://www.wikidata.org/entity/Q2985327,Comité d'étude et de liaison des intérêts bretons,membership
http://www.wikidata.org/entity/Q3085898,http://www.wikidata.org/entity/Q2992720,Confédération générale de l'agriculture,membership
http://www.wikidata.org/entity/Q3085898,http://www.wikidata.org/entity/Q443312,Libération-Nord,membership
http://www.wikidata.org/entity/Q3086090,http://www.wikidata.org/entity/Q1059546,lycée Louis-le-Grand,education
http://www.wikidata.org/entity/Q3086090,http://www.wikidata.org/entity/Q112611146,HEC Alumni,membership
http://www.wikidata.org/entity/Q3086090,http://www.wikidata.org/entity/Q273535,HEC Paris,education
http://www.wikidata.org/entity/Q3086090,http://www.wikidata.org/entity/Q273579,École nationale d'administration,education
http://www.wikidata.org/entity/Q3086090,http://www.wikidata.org/entity/Q2822267,Académie catholique de France,membership
http://www.wikidata.org/entity/Q3086090,http://www.wikidata.org/entity/Q859363,Institut d'études politiques de Paris,education
http://www.wikidata.org/entity/Q3086255,http://www.wikidata.org/entity/Q273579,École nationale d'administration,education
http://www.wikidata.org/entity/Q3086255,http://www.wikidata.org/entity/Q2994592,conservatoire à rayonnement régional de Versailles,education
http://www.wikidata.org/entity/Q3086255,http://www.wikidata.org/entity/Q662976,université Paris-Panthéon-Assas,education
http://www.wikidata.org/entity/Q3086255,http://www.wikidata.org/entity/Q859363,Institut d'études politiques de Paris,education
http://www.wikidata.org/entity/Q3086418,http://www.wikidata.org/entity/Q273518,École des hautes études en sciences sociales,education
http://www.wikidata.org/entity/Q3086490,http://www.wikidata.org/entity/Q273518,École des hautes études en sciences sociales,employment
http://www.wikidata.org/entity/Q3086490,http://www.wikidata.org/entity/Q273579,École nationale d'administration,education
http://www.wikidata.org/entity/Q3086490,http://www.wikidata.org/entity/Q859363,Institut d'études politiques de Paris,education
http://www.wikidata.org/entity/Q3086507,http://www.wikidata.org/entity/Q3046044,EPF,education
http://www.wikidata.org/entity/Q3086906,http://www.wikidata.org/entity/Q13363209,Forces françaises libres,membership
http://www.wikidata.org/entity/Q3088070,http://www.wikidata.org/entity/Q2822388,"Académie des sciences, arts et belles-lettres de Dijon",membership
http://www.wikidata.org/entity/Q3088070,http://www.wikidata.org/entity/Q83259,École normale supérieure,education
http://www.wikidata.org/entity/Q3089918,http://www.wikidata.org/entity/Q776223,université de Montpellier,education
http://www.wikidata.org/entity/Q3090161,http://www.wikidata.org/entity/Q939743,Assemblée parlementaire du Conseil de l'Europe,membership
http://www.wikidata.org/entity/Q3090356,http://www.wikidata.org/entity/Q273579,École nationale d'administration,education
http://www.wikidata.org/entity/Q3090356,http://www.wikidata.org/entity/Q3151643,Inspection générale des finances,employment
http://www.wikidata.org/entity/Q3090356,http://www.wikidata.org/entity/Q859363,Institut d'études politiques de Paris,education
http://www.wikidata.org/entity/Q3090377,http://www.wikidata.org/entity/Q662976,université Paris-Panthéon-Assas,education
http://www.wikidata.org/entity/Q3093805,http://www.wikidata.org/entity/Q939743,Assemblée parlementaire du Conseil de l'Europe,membership
http://www.wikidata.org/entity/Q3099138,http://www.wikidata.org/entity/Q273579,École nationale d'administration,education
http://www.wikidata.org/entity/Q3099884,http://www.wikidata.org/entity/Q1546437,université Paris-Dauphine,education
http://www.wikidata.org/entity/Q3099884,http://www.wikidata.org/entity/Q662976,université Paris-Panthéon-Assas,education
http://www.wikidata.org/entity/Q3099884,http://www.wikidata.org/entity/Q859363,Institut d'études politiques de Paris,education
http://www.wikidata.org/entity/Q3099918,http://www.wikidata.org/entity/Q273579,École nationale d'administration,education
http://www.wikidata.org/entity/Q3099918,http://www.wikidata.org/entity/Q859363,Institut d'études politiques de Paris,education
http://www.wikidata.org/entity/Q3100615,http://www.wikidata.org/entity/Q13340,université Bordeaux-II,education
http://www.wikidata.org/entity/Q3100615,http://www.wikidata.org/entity/Q13344,université de Bordeaux,education
http://www.wikidata.org/entity/Q3101372,http://www.wikidata.org/entity/Q1198571,université Nice-Sophia-Antipolis,education
http://www.wikidata.org/entity/Q3102136,http://www.wikidata.org/entity/Q1233816,Présent,employment
http://www.wikidata.org/entity/Q3102136,http://www.wikidata.org/entity/Q45032590,Cercle Renaissance,membership
http://www.wikidata.org/entity/Q3102136,http://www.wikidata.org/entity/Q60457840,Associació Nacional d'Advocats,membership
http://www.wikidata.org/entity/Q3102266,http://www.wikidata.org/entity/Q10176,université de Lyon (ComUE),education
http://www.wikidata.org/entity/Q3102266,http://www.wikidata.org/entity/Q2994566,conservatoire à rayonnement régional de Lyon,education
http://www.wikidata.org/entity/Q3102266,http://www.wikidata.org/entity/Q3052319,L'Est républicain,employment
http://www.wikidata.org/entity/Q3102266,http://www.wikidata.org/entity/Q829449,université Marie-et-Louis-Pasteur,education
http://www.wikidata.org/entity/Q3102659,http://www.wikidata.org/entity/Q3091853,Fédération française de tir,membership
http://www.wikidata.org/entity/Q3102791,http://www.wikidata.org/entity/Q29293,ESCP Business School,education
http://www.wikidata.org/entity/Q3103080,http://www.wikidata.org/entity/Q3578287,École normale supérieure de Saint-Cloud,education
http://www.wikidata.org/entity/Q3103191,http://www.wikidata.org/entity/Q273579,École nationale d'administration,education
http://www.wikidata.org/entity/Q3103191,http://www.wikidata.org/entity/Q45032590,Cercle Renaissance,membership
http://www.wikidata.org/entity/Q3103332,http://www.wikidata.org/entity/Q273553,École libre des sciences politiques,education
http://www.wikidata.org/entity/Q3103332,http://www.wikidata.org/entity/Q3064259,faculté de droit de Paris,education
http://www.wikidata.org/entity/Q3103332,http://www.wikidata.org/entity/Q939743,Assemblée parlementaire du Conseil de l'Europe,membership
http://www.wikidata.org/entity/Q3103459,http://www.wikidata.org/entity/Q2822333,Académie de Vaucluse,membership
http://www.wikidata.org/entity/Q3103459,http://www.wikidata.org/entity/Q3003244,Croix-Rouge française,membership
http://www.wikidata.org/entity/Q3103572,http://www.wikidata.org/entity/Q3268926,lycée Saint-Louis-de-Gonzague,education
http://www.wikidata.org/entity/Q3103788,http://www.wikidata.org/entity/Q999763,université Paris-I-Panthéon-Sorbonne,education
http://www.wikidata.org/entity/Q3105594,http://www.wikidata.org/entity/Q568554,université de Caen-Normandie,education
http://www.wikidata.org/entity/Q3105594,http://www.wikidata.org/entity/Q829449,université Marie-et-Louis-Pasteur,education
http://www.wikidata.org/entity/Q3105870,http://www.wikidata.org/entity/Q939743,Assemblée parlementaire du Conseil de l'Europe,membership
http://www.wikidata.org/entity/Q3106061,http://www.wikidata.org/entity/Q623154,université Jean-Monnet-Saint-Étienne,education
http://www.wikidata.org/entity/Q3106149,http://www.wikidata.org/entity/Q273535,HEC Paris,education
http://www.wikidata.org/entity/Q3106149,http://www.wikidata.org/entity/Q273579,École nationale d'administration,education
http://www.wikidata.org/entity/Q3106366,http://www.wikidata.org/entity/Q3064308,Faculté de sciences économiques de Rennes-I,education
http://www.wikidata.org/entity/Q3106559,http://www.wikidata.org/entity/Q903888,université Montpellier-I,education
http://www.wikidata.org/entity/Q3119647,http://www.wikidata.org/entity/Q546118,université Paris-Sorbonne,education
http://www.wikidata.org/entity/Q3119861,http://www.wikidata.org/entity/Q859363,Institut d'études politiques de Paris,education
http://www.wikidata.org/entity/Q3119861,http://www.wikidata.org/entity/Q999763,université Paris-I-Panthéon-Sorbonne,education
http://www.wikidata.org/entity/Q3120008,http://www.wikidata.org/entity/Q273579,École nationale d'administration,education
http://www.wikidata.org/entity/Q3120008,http://www.wikidata.org/entity/Q273642,École supérieure des sciences économiques et commerciales,education
http://www.wikidata.org/entity/Q3120008,http://www.wikidata.org/entity/Q2885547,ordre des avocats de Paris,membership
http://www.wikidata.org/entity/Q3120008,http://www.wikidata.org/entity/Q769657,Conseil d'État,employment
http://www.wikidata.org/entity/Q3120008,http://www.wikidata.org/entity/Q859363,Institut d'études politiques de Paris,education
http://www.wikidata.org/entity/Q3120121,http://www.wikidata.org/entity/Q3268795,lycée Lakanal,education
http://www.wikidata.org/entity/Q3120121,http://www.wikidata.org/entity/Q546118,université Paris-Sorbonne,education
http://www.wikidata.org/entity/Q3120121,http://www.wikidata.org/entity/Q999763,université Paris-I-Panthéon-Sorbonne,education
http://www.wikidata.org/entity/Q312026,http://www.wikidata.org/entity/Q3268926,lycée Saint-Louis-de-Gonzague,education
http://www.wikidata.org/entity/Q312026,http://www.wikidata.org/entity/Q8484,lycée du Parc,education
http://www.wikidata.org/entity/Q312026,http://www.wikidata.org/entity/Q918356,Organisation armée secrète,membership
http://www.wikidata.org/entity/Q312026,http://www.wikidata.org/entity/Q939743,Assemblée parlementaire du Conseil de l'Europe,membership
http://www.wikidata.org/entity/Q312034,http://www.wikidata.org/entity/Q1059546,lycée Louis-le-Grand,education
http://www.wikidata.org/entity/Q312034,http://www.wikidata.org/entity/Q3064259,faculté de droit de Paris,education
http://www.wikidata.org/entity/Q312034,http://www.wikidata.org/entity/Q3151643,Inspection générale des finances,employment
http://www.wikidata.org/entity/Q312034,http://www.wikidata.org/entity/Q3268614,lycée Carnot,education
http://www.wikidata.org/entity/Q312034,http://www.wikidata.org/entity/Q859363,Institut d'études politiques de Paris,education
http://www.wikidata.org/entity/Q3121735,http://www.wikidata.org/entity/Q2867252,association France-URSS,membership
http://www.wikidata.org/entity/Q3121817,http://www.wikidata.org/entity/Q273579,École nationale d'administration,education
http://www.wikidata.org/entity/Q3121953,http://www.wikidata.org/entity/Q939743,Assemblée parlementaire du Conseil de l'Europe,membership
http://www.wikidata.org/entity/Q3122425,http://www.wikidata.org/entity/Q662976,université Paris-Panthéon-Assas,education
http://www.wikidata.org/entity/Q3122538,http://www.wikidata.org/entity/Q1125958,université de Bretagne-Sud,education
http://www.wikidata.org/entity/Q3123610,http://www.wikidata.org/entity/Q3151958,Institut d’études politiques de Lille,education
http://www.wikidata.org/entity/Q3123831,http://www.wikidata.org/entity/Q859363,Institut d'études politiques de Paris,education
http://www.wikidata.org/entity/Q3123839,http://www.wikidata.org/entity/Q2033673,université Nancy-I,education
http://www.wikidata.org/entity/Q3123968,http://www.wikidata.org/entity/Q3075469,Fondation Jean-Jaurès,membership
http://www.wikidata.org/entity/Q3124120,http://www.wikidata.org/entity/Q2253344,Institut d'études politiques de Lyon,education
http://www.wikidata.org/entity/Q3129278,http://www.wikidata.org/entity/Q45032590,Cercle Renaissance,membership
http://www.wikidata.org/entity/Q3131235,http://www.wikidata.org/entity/Q1546437,université Paris-Dauphine,education
http://www.wikidata.org/entity/Q3131235,http://www.wikidata.org/entity/Q546118,université Paris-Sorbonne,education
http://www.wikidata.org/entity/Q3131235,http://www.wikidata.org/entity/Q859363,Institut d'études politiques de Paris,education
http://www.wikidata.org/entity/Q3131235,http://www.wikidata.org/entity/Q859363,Institut d'études politiques de Paris,employment
http://www.wikidata.org/entity/Q3132080,http://www.wikidata.org/entity/Q112611146,HEC Alumni,membership
http://www.wikidata.org/entity/Q3132080,http://www.wikidata.org/entity/Q273535,HEC Paris,education
http://www.wikidata.org/entity/Q3132682,http://www.wikidata.org/entity/Q131137989,emlyon alumni,membership
http://www.wikidata.org/entity/Q3132682,http://www.wikidata.org/entity/Q1795504,EM Lyon Business School,education
http://www.wikidata.org/entity/Q3132985,http://www.wikidata.org/entity/Q100355586,Conseil supérieur de l'électricité et du gaz,membership
http://www.wikidata.org/entity/Q3133065,http://www.wikidata.org/entity/Q64223276,ordre des avocats de Saint-Denis,membership
http://www.wikidata.org/entity/Q3134593,http://www.wikidata.org/entity/Q1059546,lycée Louis-le-Grand,education
http://www.wikidata.org/entity/Q3134593,http://www.wikidata.org/entity/Q1546437,université Paris-Dauphine,education
http://www.wikidata.org/entity/Q3134593,http://www.wikidata.org/entity/Q273626,École polytechnique,education
http://www.wikidata.org/entity/Q3134593,http://www.wikidata.org/entity/Q859363,Institut d'études politiques de Paris,education
http://www.wikidata.org/entity/Q3142009,http://www.wikidata.org/entity/Q13363209,Forces françaises libres,membership
http://www.wikidata.org/entity/Q314265,http://www.wikidata.org/entity/Q1059546,lycée Louis-le-Grand,education
http://www.wikidata.org/entity/Q314265,http://www.wikidata.org/entity/Q1429947,Ligue des droits de l'homme,membership
http://www.wikidata.org/entity/Q314265,http://www.wikidata.org/entity/Q209842,université de Paris,education
http://www.wikidata.org/entity/Q3142783,http://www.wikidata.org/entity/Q131829846,Syndicat général de l'éducation nationale CFDT,membership
http://www.wikidata.org/entity/Q3142783,http://www.wikidata.org/entity/Q19958676,Union nationale des étudiants de France,membership
http://www.wikidata.org/entity/Q3142783,http://www.wikidata.org/entity/Q2383462,université de Lyon,education
http://www.wikidata.org/entity/Q3142783,http://www.wikidata.org/entity/Q3091563,Fédération de l'éducation nationale,membership
http://www.wikidata.org/entity/Q314545,http://www.wikidata.org/entity/Q1987282,université de Rennes,education
http://www.wikidata.org/entity/Q314545,http://www.wikidata.org/entity/Q209842,université de Paris,education
http://www.wikidata.org/entity/Q314545,http://www.wikidata.org/entity/Q273553,École libre des sciences politiques,education
http://www.wikidata.org/entity/Q314545,http://www.wikidata.org/entity/Q3268567,lycée Ambroise-Paré,education
http://www.wikidata.org/entity/Q314545,http://www.wikidata.org/entity/Q337512,Académie des sciences d'outre-mer,membership
http://www.wikidata.org/entity/Q3154961,http://www.wikidata.org/entity/Q3578428,École supérieure de commerce d'Amiens,education
http://www.wikidata.org/entity/Q3157296,http://www.wikidata.org/entity/Q1137404,L'Humanité,employment
http://www.wikidata.org/entity/Q3157725,http://www.wikidata.org/entity/Q3064277,faculté de médecine de Paris,education
http://www.wikidata.org/entity/Q3158199,http://www.wikidata.org/entity/Q2912244,université Paul-Valéry,education
http://www.wikidata.org/entity/Q3158273,http://www.wikidata.org/entity/Q939743,Assemblée parlementaire du Conseil de l'Europe,membership
http://www.wikidata.org/entity/Q3158379,http://www.wikidata.org/entity/Q273579,École nationale d'administration,education
http://www.wikidata.org/entity/Q3158379,http://www.wikidata.org/entity/Q3152119,Institut de relations internationales et stratégiques,membership
http://www.wikidata.org/entity/Q3158379,http://www.wikidata.org/entity/Q859363,Institut d'études politiques de Paris,education
http://www.wikidata.org/entity/Q3158517,http://www.wikidata.org/entity/Q22249413,université de Nancy,education
http://www.wikidata.org/entity/Q3158517,http://www.wikidata.org/entity/Q3268712,lycée Henri-Poincaré de Nancy,education
http://www.wikidata.org/entity/Q3158517,http://www.wikidata.org/entity/Q939743,Assemblée parlementaire du Conseil de l'Europe,membership
http://www.wikidata.org/entity/Q3158603,http://www.wikidata.org/entity/Q304872,université de Perpignan Via Domitia,education
http://www.wikidata.org/entity/Q3158751,http://www.wikidata.org/entity/Q50129778,Association corporative des étudiants en droit,membership
http://www.wikidata.org/entity/Q3158752,http://www.wikidata.org/entity/Q273626,École polytechnique,education
http://www.wikidata.org/entity/Q3158753,http://www.wikidata.org/entity/Q903888,université Montpellier-I,education
http://www.wikidata.org/entity/Q3158801,http://www.wikidata.org/entity/Q273579,École nationale d'administration,education
http://www.wikidata.org/entity/Q3158891,http://www.wikidata.org/entity/Q939743,Assemblée parlementaire du Conseil de l'Europe,membership
http://www.wikidata.org/entity/Q3159004,http://www.wikidata.org/entity/Q1142965,Service d'action civique,membership
http://www.wikidata.org/entity/Q3159004,http://www.wikidata.org/entity/Q1664755,Institut d'études politiques de Toulouse,education
http://www.wikidata.org/entity/Q3159004,http://www.wikidata.org/entity/Q337512,Académie des sciences d'outre-mer,membership
http://www.wikidata.org/entity/Q3159042,http://www.wikidata.org/entity/Q4041,université Lumière-Lyon-II,education
http://www.wikidata.org/entity/Q3159042,http://www.wikidata.org/entity/Q612648,université Blaise-Pascal,education
http://www.wikidata.org/entity/Q3159130,http://www.wikidata.org/entity/Q939743,Assemblée parlementaire du Conseil de l'Europe,membership
http://www.wikidata.org/entity/Q3159326,http://www.wikidata.org/entity/Q186595,Forces françaises de l'intérieur,membership
http://www.wikidata.org/entity/Q3159326,http://www.wikidata.org/entity/Q2822391,"Académie des sciences, belles-lettres et arts de Rouen",membership
http://www.wikidata.org/entity/Q3159326,http://www.wikidata.org/entity/Q3355964,Organisation civile et militaire,membership
http://www.wikidata.org/entity/Q3159326,http://www.wikidata.org/entity/Q3550362,Union nationale des syndicats agricoles,membership
http://www.wikidata.org/entity/Q3159399,http://www.wikidata.org/entity/Q273579,École nationale d'administration,education
http://www.wikidata.org/entity/Q3159469,http://www.wikidata.org/entity/Q939743,Assemblée parlementaire du Conseil de l'Europe,membership
http://www.wikidata.org/entity/Q3159495,http://www.wikidata.org/entity/Q1878600,lycée Henri-IV,education
http://www.wikidata.org/entity/Q3159495,http://www.wikidata.org/entity/Q20749407,faculté de droit et des sciences économiques de Paris,education
http://www.wikidata.org/entity/Q3159495,http://www.wikidata.org/entity/Q273553,École libre des sciences politiques,education
http://www.wikidata.org/entity/Q3159627,http://www.wikidata.org/entity/Q2253344,Institut d'études politiques de Lyon,education
http://www.wikidata.org/entity/Q3159627,http://www.wikidata.org/entity/Q48073634,Cercle Nation et République,membership
http://www.wikidata.org/entity/Q3159627,http://www.wikidata.org/entity/Q662976,université Paris-Panthéon-Assas,education
http://www.wikidata.org/entity/Q3159754,http://www.wikidata.org/entity/Q1198571,université Nice-Sophia-Antipolis,education
http://www.wikidata.org/entity/Q3159754,http://www.wikidata.org/entity/Q3064259,faculté de droit de Paris,education
http://www.wikidata.org/entity/Q3159822,http://www.wikidata.org/entity/Q1795504,EM Lyon Business School,employment
http://www.wikidata.org/entity/Q3159822,http://www.wikidata.org/entity/Q859363,Institut d'études politiques de Paris,education
http://www.wikidata.org/entity/Q3159902,http://www.wikidata.org/entity/Q273447,École centrale Paris,education
http://www.wikidata.org/entity/Q3159902,http://www.wikidata.org/entity/Q859363,Institut d'études politiques de Paris,education
http://www.wikidata.org/entity/Q3160025,http://www.wikidata.org/entity/Q3268696,lycée Georges-Clemenceau,education
http://www.wikidata.org/entity/Q3160161,http://www.wikidata.org/entity/Q273626,École polytechnique,education
http://www.wikidata.org/entity/Q3160195,http://www.wikidata.org/entity/Q186595,Forces françaises de l'intérieur,membership
http://www.wikidata.org/entity/Q3163882,http://www.wikidata.org/entity/Q3064259,faculté de droit de Paris,education
http://www.wikidata.org/entity/Q3163882,http://www.wikidata.org/entity/Q44414088,conseil scientifique du Front national,membership
http://www.wikidata.org/entity/Q3163882,http://www.wikidata.org/entity/Q918356,Organisation armée secrète,membership
http://www.wikidata.org/entity/Q3164383,http://www.wikidata.org/entity/Q494335,université de Tours,education
http://www.wikidata.org/entity/Q3164746,http://www.wikidata.org/entity/Q3578521,École supérieure libre des sciences commerciales appliquées,education
http://www.wikidata.org/entity/Q3164746,http://www.wikidata.org/entity/Q999763,université Paris-I-Panthéon-Sorbonne,education
http://www.wikidata.org/entity/Q3164858,http://www.wikidata.org/entity/Q273579,École nationale d'administration,education
http://www.wikidata.org/entity/Q3164858,http://www.wikidata.org/entity/Q859363,Institut d'études politiques de Paris,education
http://www.wikidata.org/entity/Q3164934,http://www.wikidata.org/entity/Q939743,Assemblée parlementaire du Conseil de l'Europe,membership
http://www.wikidata.org/entity/Q3164967,http://www.wikidata.org/entity/Q2253344,Institut d'études politiques de Lyon,education
http://www.wikidata.org/entity/Q3165004,http://www.wikidata.org/entity/Q112611146,HEC Alumni,membership
http://www.wikidata.org/entity/Q3165004,http://www.wikidata.org/entity/Q273535,HEC Paris,education
http://www.wikidata.org/entity/Q3165004,http://www.wikidata.org/entity/Q273579,École nationale d'administration,education
http://www.wikidata.org/entity/Q3165004,http://www.wikidata.org/entity/Q3268838,lycée Masséna de Nice,education
http://www.wikidata.org/entity/Q3165004,http://www.wikidata.org/entity/Q859363,Institut d'études politiques de Paris,employment
http://www.wikidata.org/entity/Q3165066,http://www.wikidata.org/entity/Q939743,Assemblée parlementaire du Conseil de l'Europe,membership
http://www.wikidata.org/entity/Q3165099,http://www.wikidata.org/entity/Q50018204,Association pour la suppression de l'impôt sur le revenu et la réforme fiscale,membership
http://www.wikidata.org/entity/Q3165099,http://www.wikidata.org/entity/Q50018647,Ligue des contribuables,membership
http://www.wikidata.org/entity/Q3165099,http://www.wikidata.org/entity/Q662976,université Paris-Panthéon-Assas,employment
http://www.wikidata.org/entity/Q3165099,http://www.wikidata.org/entity/Q903888,université Montpellier-I,education
http://www.wikidata.org/entity/Q3165220,http://www.wikidata.org/entity/Q939743,Assemblée parlementaire du Conseil de l'Europe,membership
http://www.wikidata.org/entity/Q3165226,http://www.wikidata.org/entity/Q1431541,lycée Janson-de-Sailly,education
http://www.wikidata.org/entity/Q3165226,http://www.wikidata.org/entity/Q859363,Institut d'études politiques de Paris,education
http://www.wikidata.org/entity/Q3165229,http://www.wikidata.org/entity/Q3551576,université de Clermont-Ferrand,education
http://www.wikidata.org/entity/Q3165682,http://www.wikidata.org/entity/Q662976,université Paris-Panthéon-Assas,education
http://www.wikidata.org/entity/Q3165682,http://www.wikidata.org/entity/Q7177,Jean-Marie Le Pen,employment
http://www.wikidata.org/entity/Q3165759,http://www.wikidata.org/entity/Q273579,École nationale d'administration,education
http://www.wikidata.org/entity/Q3165759,http://www.wikidata.org/entity/Q859363,Institut d'études politiques de Paris,education
http://www.wikidata.org/entity/Q3165988,http://www.wikidata.org/entity/Q209842,université de Paris,education
http://www.wikidata.org/entity/Q3165988,http://www.wikidata.org/entity/Q546118,université Paris-Sorbonne,education
http://www.wikidata.org/entity/Q3166069,http://www.wikidata.org/entity/Q939743,Assemblée parlementaire du Conseil de l'Europe,membership
http://www.wikidata.org/entity/Q3166151,http://www.wikidata.org/entity/Q2253344,Institut d'études politiques de Lyon,education
http://www.wikidata.org/entity/Q3166151,http://www.wikidata.org/entity/Q4041,université Lumière-Lyon-II,education
http://www.wikidata.org/entity/Q3166172,http://www.wikidata.org/entity/Q939743,Assemblée parlementaire du Conseil de l'Europe,membership
http://www.wikidata.org/entity/Q3166286,http://www.wikidata.org/entity/Q209842,université de Paris,education
http://www.wikidata.org/entity/Q3166286,http://www.wikidata.org/entity/Q859363,Institut d'études politiques de Paris,education
http://www.wikidata.org/entity/Q3166286,http://www.wikidata.org/entity/Q926749,lycée Condorcet,education
http://www.wikidata.org/entity/Q3166300,http://www.wikidata.org/entity/Q1665118,Institut national des études territoriales,education
http://www.wikidata.org/entity/Q3166465,http://www.wikidata.org/entity/Q3152166,Institut des hautes études internationales,education
http://www.wikidata.org/entity/Q3166465,http://www.wikidata.org/entity/Q546118,université Paris-Sorbonne,employment
http://www.wikidata.org/entity/Q3166465,http://www.wikidata.org/entity/Q859363,Institut d'études politiques de Paris,education
http://www.wikidata.org/entity/Q3166655,http://www.wikidata.org/entity/Q947747,université de Picardie Jules-Verne,education
http://www.wikidata.org/entity/Q3166737,http://www.wikidata.org/entity/Q273579,École nationale d'administration,education
http://www.wikidata.org/entity/Q3166737,http://www.wikidata.org/entity/Q29293,ESCP Business School,education
http://www.wikidata.org/entity/Q3166775,http://www.wikidata.org/entity/Q2253344,Institut d'études politiques de Lyon,education
http://www.wikidata.org/entity/Q3167246,http://www.wikidata.org/entity/Q3151967,Institut d'études politiques de Strasbourg,education
http://www.wikidata.org/entity/Q3167390,http://www.wikidata.org/entity/Q273626,École polytechnique,education
http://www.wikidata.org/entity/Q3167448,http://www.wikidata.org/entity/Q2253344,Institut d'études politiques de Lyon,education
http://www.wikidata.org/entity/Q3167594,http://www.wikidata.org/entity/Q1430113,Institut national des langues et civilisations orientales,education
http://www.wikidata.org/entity/Q3167594,http://www.wikidata.org/entity/Q1542667,Grand Orient de France,membership
http://www.wikidata.org/entity/Q3167594,http://www.wikidata.org/entity/Q273579,École nationale d'administration,education
http://www.wikidata.org/entity/Q3167594,http://www.wikidata.org/entity/Q3151959,Institut d'études politiques de Grenoble,education
http://www.wikidata.org/entity/Q3167594,http://www.wikidata.org/entity/Q3578255,École nationale supérieure des sciences agronomiques de Bordeaux Aquitaine,education
http://www.wikidata.org/entity/Q3167594,http://www.wikidata.org/entity/Q60184616,Association France-Asie,membership
http://www.wikidata.org/entity/Q3167594,http://www.wikidata.org/entity/Q60184733,Démocratie 2012,membership
http://www.wikidata.org/entity/Q3167626,http://www.wikidata.org/entity/Q939743,Assemblée parlementaire du Conseil de l'Europe,membership
http://www.wikidata.org/entity/Q3167676,http://www.wikidata.org/entity/Q939743,Assemblée parlementaire du Conseil de l'Europe,membership
http://www.wikidata.org/entity/Q3167719,http://www.wikidata.org/entity/Q45032590,Cercle Renaissance,membership
http://www.wikidata.org/entity/Q3167778,http://www.wikidata.org/entity/Q83259,École normale supérieure,education
http://www.wikidata.org/entity/Q3167849,http://www.wikidata.org/entity/Q273523,École nationale des ponts et chaussées,education
http://www.wikidata.org/entity/Q3167963,http://www.wikidata.org/entity/Q3268634,lycée Colbert de Lorient,education
http://www.wikidata.org/entity/Q3167990,http://www.wikidata.org/entity/Q661056,université de Poitiers,education
http://www.wikidata.org/entity/Q3168006,http://www.wikidata.org/entity/Q2383462,université de Lyon,education
http://www.wikidata.org/entity/Q3168006,http://www.wikidata.org/entity/Q4032,université Claude-Bernard-Lyon-I,employment
http://www.wikidata.org/entity/Q3168250,http://www.wikidata.org/entity/Q1125605,Confédération française démocratique du travail,membership
http://www.wikidata.org/entity/Q3168350,http://www.wikidata.org/entity/Q1381437,université d'Auvergne - Clermont I,education
http://www.wikidata.org/entity/Q3168350,http://www.wikidata.org/entity/Q271,Prytanée national militaire,education
http://www.wikidata.org/entity/Q3168380,http://www.wikidata.org/entity/Q10176,université de Lyon (ComUE),employment
http://www.wikidata.org/entity/Q3168380,http://www.wikidata.org/entity/Q4032,université Claude-Bernard-Lyon-I,education
http://www.wikidata.org/entity/Q3168439,http://www.wikidata.org/entity/Q1059546,lycée Louis-le-Grand,education
http://www.wikidata.org/entity/Q3168439,http://www.wikidata.org/entity/Q3064325,faculté des lettres de Paris,education
http://www.wikidata.org/entity/Q3168448,http://www.wikidata.org/entity/Q29889309,lycée La Providence d'Amiens,education
http://www.wikidata.org/entity/Q3168448,http://www.wikidata.org/entity/Q3117452,Junia ISA Lille,education
http://www.wikidata.org/entity/Q3168597,http://www.wikidata.org/entity/Q939743,Assemblée parlementaire du Conseil de l'Europe,membership
http://www.wikidata.org/entity/Q3168634,http://www.wikidata.org/entity/Q1132066,école spéciale militaire de Saint-Cyr,education
http://www.wikidata.org/entity/Q3168817,http://www.wikidata.org/entity/Q1137614,Cour des comptes,employment
http://www.wikidata.org/entity/Q3168817,http://www.wikidata.org/entity/Q273579,École nationale d'administration,education
http://www.wikidata.org/entity/Q3168829,http://www.wikidata.org/entity/Q50328746,République moderne,membership
http://www.wikidata.org/entity/Q3168969,http://www.wikidata.org/entity/Q939743,Assemblée parlementaire du Conseil de l'Europe,membership
http://www.wikidata.org/entity/Q3168990,http://www.wikidata.org/entity/Q939743,Assemblée parlementaire du Conseil de l'Europe,membership
http://www.wikidata.org/entity/Q3169107,http://www.wikidata.org/entity/Q578023,université de Toulouse,education
http://www.wikidata.org/entity/Q3169663,http://www.wikidata.org/entity/Q11509930,université Lille-II,education
http://www.wikidata.org/entity/Q3169743,http://www.wikidata.org/entity/Q1190852,université d'Alger,education
http://www.wikidata.org/entity/Q3169778,http://www.wikidata.org/entity/Q13334,université d'Orléans,education
http://www.wikidata.org/entity/Q3169778,http://www.wikidata.org/entity/Q13334,université d'Orléans,employment
http://www.wikidata.org/entity/Q3169833,http://www.wikidata.org/entity/Q939743,Assemblée parlementaire du Conseil de l'Europe,membership
http://www.wikidata.org/entity/Q3169921,http://www.wikidata.org/entity/Q459026,université Rennes-II,education
http://www.wikidata.org/entity/Q3169946,http://www.wikidata.org/entity/Q337543,Académie des sciences morales et politiques,membership
http://www.wikidata.org/entity/Q3170096,http://www.wikidata.org/entity/Q50328746,République moderne,membership
http://www.wikidata.org/entity/Q3170111,http://www.wikidata.org/entity/Q661056,université de Poitiers,employment
http://www.wikidata.org/entity/Q3170153,http://www.wikidata.org/entity/Q939743,Assemblée parlementaire du Conseil de l'Europe,membership
http://www.wikidata.org/entity/Q3170164,http://www.wikidata.org/entity/Q3551497,université Strasbourg-I,education
http://www.wikidata.org/entity/Q3170303,http://www.wikidata.org/entity/Q939743,Assemblée parlementaire du Conseil de l'Europe,membership
http://www.wikidata.org/entity/Q3170360,http://www.wikidata.org/entity/Q273604,École normale supérieure Paris-Saclay,education
http://www.wikidata.org/entity/Q3170464,http://www.wikidata.org/entity/Q4032,université Claude-Bernard-Lyon-I,education
http://www.wikidata.org/entity/Q3170946,http://www.wikidata.org/entity/Q730809,Nîmes Olympique,membership
http://www.wikidata.org/entity/Q3170974,http://www.wikidata.org/entity/Q1059546,lycée Louis-le-Grand,education
http://www.wikidata.org/entity/Q3170974,http://www.wikidata.org/entity/Q20749407,faculté de droit et des sciences économiques de Paris,education
http://www.wikidata.org/entity/Q3170974,http://www.wikidata.org/entity/Q273557,école nationale de la France d'outre-mer,education
http://www.wikidata.org/entity/Q3170974,http://www.wikidata.org/entity/Q3152161,Institut des hautes études de défense nationale,education
http://www.wikidata.org/entity/Q3170974,http://www.wikidata.org/entity/Q939743,Assemblée parlementaire du Conseil de l'Europe,membership
http://www.wikidata.org/entity/Q3170982,http://www.wikidata.org/entity/Q939743,Assemblée parlementaire du Conseil de l'Europe,membership
http://www.wikidata.org/entity/Q3171116,http://www.wikidata.org/entity/Q2983698,collège Stanislas,education
http://www.wikidata.org/entity/Q3171116,http://www.wikidata.org/entity/Q83259,École normale supérieure,education
http://www.wikidata.org/entity/Q3171209,http://www.wikidata.org/entity/Q3064259,faculté de droit de Paris,education
http://www.wikidata.org/entity/Q3171228,http://www.wikidata.org/entity/Q1059546,lycée Louis-le-Grand,education
http://www.wikidata.org/entity/Q3171228,http://www.wikidata.org/entity/Q273579,École nationale d'administration,education
http://www.wikidata.org/entity/Q3171228,http://www.wikidata.org/entity/Q83259,École normale supérieure,education
http://www.wikidata.org/entity/Q3171690,http://www.wikidata.org/entity/Q273600,École nationale vétérinaire d'Alfort,education
http://www.wikidata.org/entity/Q3171755,http://www.wikidata.org/entity/Q273447,École centrale Paris,education
http://www.wikidata.org/entity/Q3172294,http://www.wikidata.org/entity/Q110819527,Grand séminaire de L'Houmeau,education
http://www.wikidata.org/entity/Q3172294,http://www.wikidata.org/entity/Q113333419,Petit séminaire de Saintes,education
http://www.wikidata.org/entity/Q3172294,http://www.wikidata.org/entity/Q707083,Jeunesse ouvrière chrétienne,membership
http://www.wikidata.org/entity/Q3172322,http://www.wikidata.org/entity/Q3268847,lycée Michelet de Vanves,education
http://www.wikidata.org/entity/Q3172322,http://www.wikidata.org/entity/Q859363,Institut d'études politiques de Paris,education
http://www.wikidata.org/entity/Q3172689,http://www.wikidata.org/entity/Q20749407,faculté de droit et des sciences économiques de Paris,education
http://www.wikidata.org/entity/Q3172689,http://www.wikidata.org/entity/Q83259,École normale supérieure,education
http://www.wikidata.org/entity/Q3173146,http://www.wikidata.org/entity/Q859363,Institut d'études politiques de Paris,education
http://www.wikidata.org/entity/Q3173146,http://www.wikidata.org/entity/Q939743,Assemblée parlementaire du Conseil de l'Europe,membership
http://www.wikidata.org/entity/Q3173270,http://www.wikidata.org/entity/Q1189954,École nationale supérieure des mines de Paris,education
http://www.wikidata.org/entity/Q3173270,http://www.wikidata.org/entity/Q273626,École polytechnique,education
http://www.wikidata.org/entity/Q3173270,http://www.wikidata.org/entity/Q273631,École pratique des hautes études,education
http://www.wikidata.org/entity/Q3173270,http://www.wikidata.org/entity/Q4173330,Université de Lorraine,education
http://www.wikidata.org/entity/Q3173270,http://www.wikidata.org/entity/Q939743,Assemblée parlementaire du Conseil de l'Europe,membership
http://www.wikidata.org/entity/Q3173339,http://www.wikidata.org/entity/Q273579,École nationale d'administration,education
http://www.wikidata.org/entity/Q3173583,http://www.wikidata.org/entity/Q271,Prytanée national militaire,education
http://www.wikidata.org/entity/Q3173680,http://www.wikidata.org/entity/Q939743,Assemblée parlementaire du Conseil de l'Europe,membership
http://www.wikidata.org/entity/Q3174088,http://www.wikidata.org/entity/Q686375,RMC,employment
http://www.wikidata.org/entity/Q3174088,http://www.wikidata.org/entity/Q776223,université de Montpellier,education
http://www.wikidata.org/entity/Q3174088,http://www.wikidata.org/entity/Q859363,Institut d'études politiques de Paris,education
http://www.wikidata.org/entity/Q3174126,http://www.wikidata.org/entity/Q131137989,emlyon alumni,membership
http://www.wikidata.org/entity/Q3174126,http://www.wikidata.org/entity/Q1795504,EM Lyon Business School,education
http://www.wikidata.org/entity/Q3174130,http://www.wikidata.org/entity/Q494335,université de Tours,employment
http://www.wikidata.org/entity/Q3174500,http://www.wikidata.org/entity/Q939743,Assemblée parlementaire du Conseil de l'Europe,membership
http://www.wikidata.org/entity/Q3174528,http://www.wikidata.org/entity/Q1431541,lycée Janson-de-Sailly,education
http://www.wikidata.org/entity/Q3174528,http://www.wikidata.org/entity/Q926749,lycée Condorcet,education
http://www.wikidata.org/entity/Q3174605,http://www.wikidata.org/entity/Q939743,Assemblée parlementaire du Conseil de l'Europe,membership
http://www.wikidata.org/entity/Q3174934,http://www.wikidata.org/entity/Q939743,Assemblée parlementaire du Conseil de l'Europe,membership
http://www.wikidata.org/entity/Q3175288,http://www.wikidata.org/entity/Q3577716,École alsacienne,education
http://www.wikidata.org/entity/Q3175427,http://www.wikidata.org/entity/Q112611146,HEC Alumni,membership
http://www.wikidata.org/entity/Q3175427,http://www.wikidata.org/entity/Q1546437,université Paris-Dauphine,education
http://www.wikidata.org/entity/Q3175427,http://www.wikidata.org/entity/Q273535,HEC Paris,education
http://www.wikidata.org/entity/Q3175427,http://www.wikidata.org/entity/Q3152440,Institut national des techniques économiques et comptables,education
http://www.wikidata.org/entity/Q3175427,http://www.wikidata.org/entity/Q3578521,École supérieure libre des sciences commerciales appliquées,education
http://www.wikidata.org/entity/Q3175427,http://www.wikidata.org/entity/Q524289,Conservatoire national des arts et métiers,education
http://www.wikidata.org/entity/Q3175427,http://www.wikidata.org/entity/Q939743,Assemblée parlementaire du Conseil de l'Europe,membership
http://www.wikidata.org/entity/Q3175651,http://www.wikidata.org/entity/Q41726,franc-maçonnerie,membership
http://www.wikidata.org/entity/Q3175651,http://www.wikidata.org/entity/Q939743,Assemblée parlementaire du Conseil de l'Europe,membership
http://www.wikidata.org/entity/Q3176764,http://www.wikidata.org/entity/Q273642,École supérieure des sciences économiques et commerciales,education
http://www.wikidata.org/entity/Q3179100,http://www.wikidata.org/entity/Q2945328,Centre de formation des journalistes,education
http://www.wikidata.org/entity/Q3179100,http://www.wikidata.org/entity/Q2982806,Collectif le peuple des dunes,membership
http://www.wikidata.org/entity/Q3182341,http://www.wikidata.org/entity/Q3280155,maison familiale rurale,education
http://www.wikidata.org/entity/Q3185581,http://www.wikidata.org/entity/Q10177,École centrale de Lyon,education
http://www.wikidata.org/entity/Q3187428,http://www.wikidata.org/entity/Q678095,Paris Match,employment
http://www.wikidata.org/entity/Q3187459,http://www.wikidata.org/entity/Q273600,École nationale vétérinaire d'Alfort,education
http://www.wikidata.org/entity/Q3189121,http://www.wikidata.org/entity/Q980688,université Paris-Est-Créteil-Val-de-Marne,education
http://www.wikidata.org/entity/Q3189355,http://www.wikidata.org/entity/Q3151967,Institut d'études politiques de Strasbourg,education
http://www.wikidata.org/entity/Q3189473,http://www.wikidata.org/entity/Q1780212,université Paris-Nord,education
http://www.wikidata.org/entity/Q3190850,http://www.wikidata.org/entity/Q1155944,université Paris-Descartes,education
http://www.wikidata.org/entity/Q3190850,http://www.wikidata.org/entity/Q273642,École supérieure des sciences économiques et commerciales,education
http://www.wikidata.org/entity/Q3190850,http://www.wikidata.org/entity/Q3075672,French-American Foundation,membership
http://www.wikidata.org/entity/Q3190850,http://www.wikidata.org/entity/Q55849612,université Paris-Cité,education
http://www.wikidata.org/entity/Q3190850,http://www.wikidata.org/entity/Q999763,université Paris-I-Panthéon-Sorbonne,education
http://www.wikidata.org/entity/Q3190925,http://www.wikidata.org/entity/Q273579,École nationale d'administration,education
http://www.wikidata.org/entity/Q3190925,http://www.wikidata.org/entity/Q859363,Institut d'études politiques de Paris,education
http://www.wikidata.org/entity/Q3191042,http://www.wikidata.org/entity/Q1659456,Institut supérieur de gestion,education
http://www.wikidata.org/entity/Q3191042,http://www.wikidata.org/entity/Q3315661,Minute,employment
http://www.wikidata.org/entity/Q3193433,http://www.wikidata.org/entity/Q1194988,université Paris-VIII,education
http://www.wikidata.org/entity/Q3218809,http://www.wikidata.org/entity/Q2311820,Télécom Paris,education
http://www.wikidata.org/entity/Q3218809,http://www.wikidata.org/entity/Q83259,École normale supérieure,education
http://www.wikidata.org/entity/Q3219028,http://www.wikidata.org/entity/Q10177,École centrale de Lyon,education
http://www.wikidata.org/entity/Q3219028,http://www.wikidata.org/entity/Q1059546,lycée Louis-le-Grand,education
http://www.wikidata.org/entity/Q3219028,http://www.wikidata.org/entity/Q859363,Institut d'études politiques de Paris,education
http://www.wikidata.org/entity/Q3219188,http://www.wikidata.org/entity/Q859363,Institut d'études politiques de Paris,education
http://www.wikidata.org/entity/Q3219235,http://www.wikidata.org/entity/Q3151959,Institut d'études politiques de Grenoble,education
http://www.wikidata.org/entity/Q322924,http://www.wikidata.org/entity/Q273579,École nationale d'administration,education
http://www.wikidata.org/entity/Q322924,http://www.wikidata.org/entity/Q83259,École normale supérieure,education
http://www.wikidata.org/entity/Q322924,http://www.wikidata.org/entity/Q859363,Institut d'études politiques de Paris,education
http://www.wikidata.org/entity/Q3241971,http://www.wikidata.org/entity/Q273626,École polytechnique,education
http://www.wikidata.org/entity/Q3241971,http://www.wikidata.org/entity/Q859363,Institut d'études politiques de Paris,education
http://www.wikidata.org/entity/Q325235,http://www.wikidata.org/entity/Q112611146,HEC Alumni,membership
http://www.wikidata.org/entity/Q325235,http://www.wikidata.org/entity/Q273535,HEC Paris,education
http://www.wikidata.org/entity/Q32557023,http://www.wikidata.org/entity/Q157575,université de Strasbourg,education
http://www.wikidata.org/entity/Q3261014,http://www.wikidata.org/entity/Q590201,université Toulouse-Capitole,education
http://www.wikidata.org/entity/Q3261158,http://www.wikidata.org/entity/Q2570220,École nationale supérieure d'arts et métiers,education
http://www.wikidata.org/entity/Q3261257,http://www.wikidata.org/entity/Q3151959,Institut d'études politiques de Grenoble,education
http://www.wikidata.org/entity/Q3261713,http://www.wikidata.org/entity/Q939743,Assemblée parlementaire du Conseil de l'Europe,membership
http://www.wikidata.org/entity/Q3261849,http://www.wikidata.org/entity/Q939743,Assemblée parlementaire du Conseil de l'Europe,membership
http://www.wikidata.org/entity/Q3262045,http://www.wikidata.org/entity/Q662976,université Paris-Panthéon-Assas,education
http://www.wikidata.org/entity/Q3262692,http://www.wikidata.org/entity/Q23810808,Société d'études jaurésiennes,membership
http://www.wikidata.org/entity/Q3262692,http://www.wikidata.org/entity/Q3064325,faculté des lettres de Paris,education
http://www.wikidata.org/entity/Q3262692,http://www.wikidata.org/entity/Q859363,Institut d'études politiques de Paris,education
http://www.wikidata.org/entity/Q3262692,http://www.wikidata.org/entity/Q91228631,Faculté des lettres de Lille,education
http://www.wikidata.org/entity/Q3262695,http://www.wikidata.org/entity/Q939743,Assemblée parlementaire du Conseil de l'Europe,membership
http://www.wikidata.org/entity/Q3263250,http://www.wikidata.org/entity/Q1093381,X-Crise,membership
http://www.wikidata.org/entity/Q3263250,http://www.wikidata.org/entity/Q273626,École polytechnique,education
http://www.wikidata.org/entity/Q3264490,http://www.wikidata.org/entity/Q859363,Institut d'études politiques de Paris,education
http://www.wikidata.org/entity/Q3265133,http://www.wikidata.org/entity/Q209842,université de Paris,education
http://www.wikidata.org/entity/Q3265441,http://www.wikidata.org/entity/Q22249413,université de Nancy,education
http://www.wikidata.org/entity/Q3265654,http://www.wikidata.org/entity/Q939743,Assemblée parlementaire du Conseil de l'Europe,membership
http://www.wikidata.org/entity/Q327013,http://www.wikidata.org/entity/Q115898215,Académie du royaume du Maroc,membership
http://www.wikidata.org/entity/Q327013,http://www.wikidata.org/entity/Q161806,Académie française,membership
http://www.wikidata.org/entity/Q327013,http://www.wikidata.org/entity/Q16508742,lycée Henri-IV,education
http://www.wikidata.org/entity/Q327013,http://www.wikidata.org/entity/Q20749406,faculté de droit de Paris,education
http://www.wikidata.org/entity/Q327013,http://www.wikidata.org/entity/Q3268987,lycée Voltaire,education
http://www.wikidata.org/entity/Q327013,http://www.wikidata.org/entity/Q337512,Académie des sciences d'outre-mer,membership
http://www.wikidata.org/entity/Q327013,http://www.wikidata.org/entity/Q52440672,École nationale des langues orientales vivantes,education
http://www.wikidata.org/entity/Q3270480,http://www.wikidata.org/entity/Q1429947,Ligue des droits de l'homme,membership
http://www.wikidata.org/entity/Q3270480,http://www.wikidata.org/entity/Q209842,université de Paris,education
http://www.wikidata.org/entity/Q3270480,http://www.wikidata.org/entity/Q337512,Académie des sciences d'outre-mer,membership
http://www.wikidata.org/entity/Q3281828,http://www.wikidata.org/entity/Q1394262,université Paris-Nanterre,education
http://www.wikidata.org/entity/Q3281828,http://www.wikidata.org/entity/Q3246681,École supérieure de journalisme de Paris,education
http://www.wikidata.org/entity/Q3286733,http://www.wikidata.org/entity/Q662976,université Paris-Panthéon-Assas,education
http://www.wikidata.org/entity/Q3286733,http://www.wikidata.org/entity/Q859363,Institut d'études politiques de Paris,employment
http://www.wikidata.org/entity/Q3287966,http://www.wikidata.org/entity/Q157575,université de Strasbourg,education
http://www.wikidata.org/entity/Q3287966,http://www.wikidata.org/entity/Q20808141,université de Strasbourg,education
http://www.wikidata.org/entity/Q3288141,http://www.wikidata.org/entity/Q834825,Université du Mans,education
http://www.wikidata.org/entity/Q3288193,http://www.wikidata.org/entity/Q273579,École nationale d'administration,education
http://www.wikidata.org/entity/Q3288193,http://www.wikidata.org/entity/Q859363,Institut d'études politiques de Paris,education
http://www.wikidata.org/entity/Q329,http://www.wikidata.org/entity/Q1394262,université Paris-Nanterre,education
http://www.wikidata.org/entity/Q329,http://www.wikidata.org/entity/Q209842,université de Paris,education
http://www.wikidata.org/entity/Q329,http://www.wikidata.org/entity/Q3268619,lycée Chaptal,education
http://www.wikidata.org/entity/Q329,http://www.wikidata.org/entity/Q3368412,La-Salle - Passy-Buzenval,education
http://www.wikidata.org/entity/Q329,http://www.wikidata.org/entity/Q3577715,école Jeannine-Manuel,education
http://www.wikidata.org/entity/Q329,http://www.wikidata.org/entity/Q859363,Institut d'études politiques de Paris,education
http://www.wikidata.org/entity/Q329044,http://www.wikidata.org/entity/Q209842,université de Paris,education
http://www.wikidata.org/entity/Q3291298,http://www.wikidata.org/entity/Q3152161,Institut des hautes études de défense nationale,education
http://www.wikidata.org/entity/Q3291640,http://www.wikidata.org/entity/Q939743,Assemblée parlementaire du Conseil de l'Europe,membership
http://www.wikidata.org/entity/Q3291808,http://www.wikidata.org/entity/Q273579,École nationale d'administration,education
http://www.wikidata.org/entity/Q3291808,http://www.wikidata.org/entity/Q50328746,République moderne,membership
http://www.wikidata.org/entity/Q3291808,http://www.wikidata.org/entity/Q546118,université Paris-Sorbonne,education
http://www.wikidata.org/entity/Q3291808,http://www.wikidata.org/entity/Q859363,Institut d'études politiques de Paris,employment
http://www.wikidata.org/entity/Q3291817,http://www.wikidata.org/entity/Q1394262,université Paris-Nanterre,education
http://www.wikidata.org/entity/Q3291817,http://www.wikidata.org/entity/Q2366752,Écrits de Paris,employment
http://www.wikidata.org/entity/Q3292021,http://www.wikidata.org/entity/Q2912244,université Paul-Valéry,education
http://www.wikidata.org/entity/Q3292113,http://www.wikidata.org/entity/Q209842,université de Paris,education
http://www.wikidata.org/entity/Q3292131,http://www.wikidata.org/entity/Q3064259,faculté de droit de Paris,education
http://www.wikidata.org/entity/Q3292251,http://www.wikidata.org/entity/Q726595,université Rennes-I,education
http://www.wikidata.org/entity/Q3292773,http://www.wikidata.org/entity/Q1252062,Institut d'études politiques de Bordeaux,education
http://www.wikidata.org/entity/Q3293018,http://www.wikidata.org/entity/Q939743,Assemblée parlementaire du Conseil de l'Europe,membership
http://www.wikidata.org/entity/Q3295540,http://www.wikidata.org/entity/Q742587,La Dépêche du Midi,employment
http://www.wikidata.org/entity/Q3295540,http://www.wikidata.org/entity/Q939743,Assemblée parlementaire du Conseil de l'Europe,membership
http://www.wikidata.org/entity/Q3295761,http://www.wikidata.org/entity/Q2980151,Carrefour de l'horloge,membership
http://www.wikidata.org/entity/Q3295803,http://www.wikidata.org/entity/Q572968,université de Pau et des pays de l'Adour,education
http://www.wikidata.org/entity/Q32979246,http://www.wikidata.org/entity/Q17152822,Dominique Martin,employment
http://www.wikidata.org/entity/Q32979246,http://www.wikidata.org/entity/Q3511252,Égalité et Réconciliation,membership
http://www.wikidata.org/entity/Q3299831,http://www.wikidata.org/entity/Q10159,École normale supérieure de Lyon,education
http://www.wikidata.org/entity/Q3299831,http://www.wikidata.org/entity/Q1878600,lycée Henri-IV,education
http://www.wikidata.org/entity/Q3299831,http://www.wikidata.org/entity/Q273579,École nationale d'administration,education
http://www.wikidata.org/entity/Q3299831,http://www.wikidata.org/entity/Q3075672,French-American Foundation,membership
http://www.wikidata.org/entity/Q3299831,http://www.wikidata.org/entity/Q859363,Institut d'études politiques de Paris,education
http://www.wikidata.org/entity/Q3300496,http://www.wikidata.org/entity/Q939743,Assemblée parlementaire du Conseil de l'Europe,membership
http://www.wikidata.org/entity/Q3301062,http://www.wikidata.org/entity/Q273579,École nationale d'administration,education
http://www.wikidata.org/entity/Q3301062,http://www.wikidata.org/entity/Q859363,Institut d'études politiques de Paris,education
http://www.wikidata.org/entity/Q3301260,http://www.wikidata.org/entity/Q939743,Assemblée parlementaire du Conseil de l'Europe,membership
http://www.wikidata.org/entity/Q3302581,http://www.wikidata.org/entity/Q939743,Assemblée parlementaire du Conseil de l'Europe,membership
http://www.wikidata.org/entity/Q3308849,http://www.wikidata.org/entity/Q939743,Assemblée parlementaire du Conseil de l'Europe,membership
http://www.wikidata.org/entity/Q3308916,http://www.wikidata.org/entity/Q273579,École nationale d'administration,education
http://www.wikidata.org/entity/Q3308916,http://www.wikidata.org/entity/Q3659885,lycée Albert-Sarraut,education
http://www.wikidata.org/entity/Q3308916,http://www.wikidata.org/entity/Q859363,Institut d'études politiques de Paris,education
http://www.wikidata.org/entity/Q3309057,http://www.wikidata.org/entity/Q859363,Institut d'études politiques de Paris,education
http://www.wikidata.org/entity/Q3309252,http://www.wikidata.org/entity/Q859363,Institut d'études politiques de Paris,education
http://www.wikidata.org/entity/Q3309301,http://www.wikidata.org/entity/Q25379453,Union Paneuropéenne de France,membership
http://www.wikidata.org/entity/Q3309301,http://www.wikidata.org/entity/Q3152372,Institut national agronomique,education
http://www.wikidata.org/entity/Q3309350,http://www.wikidata.org/entity/Q273553,École libre des sciences politiques,education
http://www.wikidata.org/entity/Q3309350,http://www.wikidata.org/entity/Q3064259,faculté de droit de Paris,education
http://www.wikidata.org/entity/Q3309485,http://www.wikidata.org/entity/Q273579,École nationale d'administration,education
http://www.wikidata.org/entity/Q3309485,http://www.wikidata.org/entity/Q859363,Institut d'études politiques de Paris,education
http://www.wikidata.org/entity/Q3309506,http://www.wikidata.org/entity/Q859363,Institut d'études politiques de Paris,education
http://www.wikidata.org/entity/Q3309506,http://www.wikidata.org/entity/Q939743,Assemblée parlementaire du Conseil de l'Europe,membership
http://www.wikidata.org/entity/Q3309604,http://www.wikidata.org/entity/Q4032,université Claude-Bernard-Lyon-I,education
http://www.wikidata.org/entity/Q3309809,http://www.wikidata.org/entity/Q112611146,HEC Alumni,membership
http://www.wikidata.org/entity/Q3309809,http://www.wikidata.org/entity/Q273535,HEC Paris,education
http://www.wikidata.org/entity/Q3309809,http://www.wikidata.org/entity/Q2945533,Centre des hautes études de l'Armement,education
http://www.wikidata.org/entity/Q3309872,http://www.wikidata.org/entity/Q568554,université de Caen-Normandie,employment
http://www.wikidata.org/entity/Q3309872,http://www.wikidata.org/entity/Q955647,université Grenoble-I,education
http://www.wikidata.org/entity/Q3309891,http://www.wikidata.org/entity/Q2253344,Institut d'études politiques de Lyon,education
http://www.wikidata.org/entity/Q3309891,http://www.wikidata.org/entity/Q4027,université Jean-Moulin-Lyon-III,education
http://www.wikidata.org/entity/Q3309935,http://www.wikidata.org/entity/Q140193372,Service d’Information et de Contrôle sur les Circuits Financiers,employment
http://www.wikidata.org/entity/Q3309935,http://www.wikidata.org/entity/Q2986538,"Commission des Lois constitutionnelles, de la Législation et de l'Administration générale de la République",membership
http://www.wikidata.org/entity/Q3309935,http://www.wikidata.org/entity/Q939743,Assemblée parlementaire du Conseil de l'Europe,membership
http://www.wikidata.org/entity/Q3309972,http://www.wikidata.org/entity/Q939743,Assemblée parlementaire du Conseil de l'Europe,membership
http://www.wikidata.org/entity/Q3310009,http://www.wikidata.org/entity/Q1431541,lycée Janson-de-Sailly,education
http://www.wikidata.org/entity/Q3310009,http://www.wikidata.org/entity/Q20749407,faculté de droit et des sciences économiques de Paris,education
http://www.wikidata.org/entity/Q3310009,http://www.wikidata.org/entity/Q273553,École libre des sciences politiques,education
http://www.wikidata.org/entity/Q3310009,http://www.wikidata.org/entity/Q45032590,Cercle Renaissance,membership
http://www.wikidata.org/entity/Q3310009,http://www.wikidata.org/entity/Q939743,Assemblée parlementaire du Conseil de l'Europe,membership
http://www.wikidata.org/entity/Q3310053,http://www.wikidata.org/entity/Q13344,université de Bordeaux,education
http://www.wikidata.org/entity/Q3310053,http://www.wikidata.org/entity/Q3058065,Euskaltzaleen Biltzarra,membership
http://www.wikidata.org/entity/Q3310197,http://www.wikidata.org/entity/Q3151967,Institut d'études politiques de Strasbourg,education
http://www.wikidata.org/entity/Q33103094,http://www.wikidata.org/entity/Q273579,École nationale d'administration,education
http://www.wikidata.org/entity/Q3310322,http://www.wikidata.org/entity/Q926749,lycée Condorcet,education
http://www.wikidata.org/entity/Q33104478,http://www.wikidata.org/entity/Q273579,École nationale d'administration,education
http://www.wikidata.org/entity/Q33104478,http://www.wikidata.org/entity/Q83259,École normale supérieure,education
http://www.wikidata.org/entity/Q33104478,http://www.wikidata.org/entity/Q859363,Institut d'études politiques de Paris,education
http://www.wikidata.org/entity/Q3310469,http://www.wikidata.org/entity/Q4041,université Lumière-Lyon-II,education
http://www.wikidata.org/entity/Q3310640,http://www.wikidata.org/entity/Q910798,Union nationale des étudiants de France,membership
http://www.wikidata.org/entity/Q33106414,http://www.wikidata.org/entity/Q112611146,HEC Alumni,membership
http://www.wikidata.org/entity/Q33106414,http://www.wikidata.org/entity/Q273535,HEC Paris,education
http://www.wikidata.org/entity/Q33106414,http://www.wikidata.org/entity/Q49126,Harvard Business School,education
http://www.wikidata.org/entity/Q33106414,http://www.wikidata.org/entity/Q859363,Institut d'études politiques de Paris,education
http://www.wikidata.org/entity/Q3310649,http://www.wikidata.org/entity/Q1987282,université de Rennes,education
http://www.wikidata.org/entity/Q3310914,http://www.wikidata.org/entity/Q273579,École nationale d'administration,education
http://www.wikidata.org/entity/Q3311175,http://www.wikidata.org/entity/Q939743,Assemblée parlementaire du Conseil de l'Europe,membership
http://www.wikidata.org/entity/Q33112205,http://www.wikidata.org/entity/Q84784869,lycée François-Ier,education
http://www.wikidata.org/entity/Q33112205,http://www.wikidata.org/entity/Q999763,université Paris-I-Panthéon-Sorbonne,education
http://www.wikidata.org/entity/Q3311566,http://www.wikidata.org/entity/Q209842,université de Paris,education
http://www.wikidata.org/entity/Q33172434,http://www.wikidata.org/entity/Q1109135,collège d'Europe,education
http://www.wikidata.org/entity/Q33172434,http://www.wikidata.org/entity/Q273579,École nationale d'administration,education
http://www.wikidata.org/entity/Q33172434,http://www.wikidata.org/entity/Q859363,Institut d'études politiques de Paris,education
http://www.wikidata.org/entity/Q3320908,http://www.wikidata.org/entity/Q1470431,Institut catholique de Paris,education
http://www.wikidata.org/entity/Q3320908,http://www.wikidata.org/entity/Q1559556,Pax Christi,membership
http://www.wikidata.org/entity/Q3320908,http://www.wikidata.org/entity/Q209842,université de Paris,education
http://www.wikidata.org/entity/Q3320908,http://www.wikidata.org/entity/Q3178189,Jeunesse étudiante chrétienne,membership
http://www.wikidata.org/entity/Q33230494,http://www.wikidata.org/entity/Q112611146,HEC Alumni,membership
http://www.wikidata.org/entity/Q33230494,http://www.wikidata.org/entity/Q273535,HEC Paris,education
http://www.wikidata.org/entity/Q33230494,http://www.wikidata.org/entity/Q273579,École nationale d'administration,education
http://www.wikidata.org/entity/Q33230494,http://www.wikidata.org/entity/Q859363,Institut d'études politiques de Paris,education
http://www.wikidata.org/entity/Q3328120,http://www.wikidata.org/entity/Q662976,université Paris-Panthéon-Assas,education
http://www.wikidata.org/entity/Q3332699,http://www.wikidata.org/entity/Q859363,Institut d'études politiques de Paris,education
http://www.wikidata.org/entity/Q3332699,http://www.wikidata.org/entity/Q955647,université Grenoble-I,education
http://www.wikidata.org/entity/Q3334944,http://www.wikidata.org/entity/Q4173330,Université de Lorraine,education
http://www.wikidata.org/entity/Q3340014,http://www.wikidata.org/entity/Q939743,Assemblée parlementaire du Conseil de l'Europe,membership
http://www.wikidata.org/entity/Q3340330,http://www.wikidata.org/entity/Q546118,université Paris-Sorbonne,education
http://www.wikidata.org/entity/Q3340330,http://www.wikidata.org/entity/Q859363,Institut d'études politiques de Paris,education
http://www.wikidata.org/entity/Q334065,http://www.wikidata.org/entity/Q10176,université de Lyon (ComUE),employment
http://www.wikidata.org/entity/Q334065,http://www.wikidata.org/entity/Q1059546,lycée Louis-le-Grand,education
http://www.wikidata.org/entity/Q334065,http://www.wikidata.org/entity/Q1546437,université Paris-Dauphine,education
http://www.wikidata.org/entity/Q334065,http://www.wikidata.org/entity/Q1665127,Institut universitaire de France,membership
http://www.wikidata.org/entity/Q334065,http://www.wikidata.org/entity/Q18611041,Conseil stratégique de la recherche,membership
http://www.wikidata.org/entity/Q334065,http://www.wikidata.org/entity/Q18759541,conseil scientifique de Wikimédia France,membership
http://www.wikidata.org/entity/Q334065,http://www.wikidata.org/entity/Q188771,Académie des sciences,membership
http://www.wikidata.org/entity/Q334065,http://www.wikidata.org/entity/Q21450773,SAM High Level Group,membership
http://www.wikidata.org/entity/Q334065,http://www.wikidata.org/entity/Q3075672,French-American Foundation,membership
http://www.wikidata.org/entity/Q334065,http://www.wikidata.org/entity/Q337234,Academia Europaea,membership
http://www.wikidata.org/entity/Q334065,http://www.wikidata.org/entity/Q4032,université Claude-Bernard-Lyon-I,employment
http://www.wikidata.org/entity/Q334065,http://www.wikidata.org/entity/Q83259,École normale supérieure,education
http://www.wikidata.org/entity/Q334065,http://www.wikidata.org/entity/Q881206,Académie européenne des sciences,membership
http://www.wikidata.org/entity/Q334065,http://www.wikidata.org/entity/Q938622,Académie pontificale des sciences,membership
http://www.wikidata.org/entity/Q3340996,http://www.wikidata.org/entity/Q1065,Organisation des Nations unies,employment
http://www.wikidata.org/entity/Q3340996,http://www.wikidata.org/entity/Q568554,université de Caen-Normandie,education
http://www.wikidata.org/entity/Q3341021,http://www.wikidata.org/entity/Q662976,université Paris-Panthéon-Assas,employment
http://www.wikidata.org/entity/Q3343518,http://www.wikidata.org/entity/Q1470431,Institut catholique de Paris,employment
http://www.wikidata.org/entity/Q3350955,http://www.wikidata.org/entity/Q1139065,Institut d'études politiques d'Aix-en-Provence,education
http://www.wikidata.org/entity/Q3350955,http://www.wikidata.org/entity/Q273579,École nationale d'administration,education
http://www.wikidata.org/entity/Q3350961,http://www.wikidata.org/entity/Q3577870,école de l'air et de l’espace,education
http://www.wikidata.org/entity/Q3351009,http://www.wikidata.org/entity/Q13342,université Bordeaux-Montaigne,education
http://www.wikidata.org/entity/Q3351018,http://www.wikidata.org/entity/Q13334,université d'Orléans,education
http://www.wikidata.org/entity/Q3351018,http://www.wikidata.org/entity/Q3268894,lycée Pothier d'Orléans,education
http://www.wikidata.org/entity/Q3351018,http://www.wikidata.org/entity/Q999763,université Paris-I-Panthéon-Sorbonne,education
http://www.wikidata.org/entity/Q3351188,http://www.wikidata.org/entity/Q1381437,université d'Auvergne - Clermont I,education
http://www.wikidata.org/entity/Q3351188,http://www.wikidata.org/entity/Q859363,Institut d'études politiques de Paris,education
http://www.wikidata.org/entity/Q3351391,http://www.wikidata.org/entity/Q1431541,lycée Janson-de-Sailly,education
http://www.wikidata.org/entity/Q3351391,http://www.wikidata.org/entity/Q337512,Académie des sciences d'outre-mer,membership
http://www.wikidata.org/entity/Q3351391,http://www.wikidata.org/entity/Q859363,Institut d'études politiques de Paris,education
http://www.wikidata.org/entity/Q3351443,http://www.wikidata.org/entity/Q273642,École supérieure des sciences économiques et commerciales,education
http://www.wikidata.org/entity/Q3351443,http://www.wikidata.org/entity/Q2983698,collège Stanislas,education
http://www.wikidata.org/entity/Q3351472,http://www.wikidata.org/entity/Q1431541,lycée Janson-de-Sailly,education
http://www.wikidata.org/entity/Q336242,http://www.wikidata.org/entity/Q1021824,École normale William-Ponty,education
http://www.wikidata.org/entity/Q3367254,http://www.wikidata.org/entity/Q20723661,Réseau Orion,membership
http://www.wikidata.org/entity/Q3367254,http://www.wikidata.org/entity/Q273579,École nationale d'administration,education
http://www.wikidata.org/entity/Q3367254,http://www.wikidata.org/entity/Q2985998,Commandos de France,membership
http://www.wikidata.org/entity/Q3367366,http://www.wikidata.org/entity/Q13340,université Bordeaux-II,education
http://www.wikidata.org/entity/Q3367564,http://www.wikidata.org/entity/Q859363,Institut d'études politiques de Paris,education
http://www.wikidata.org/entity/Q3367654,http://www.wikidata.org/entity/Q1194988,université Paris-VIII,education
http://www.wikidata.org/entity/Q3369515,http://www.wikidata.org/entity/Q3374836,pensionnat Jean-Baptiste-de-La-Salle de Rouen,education
http://www.wikidata.org/entity/Q3369515,http://www.wikidata.org/entity/Q494247,université de Rouen-Normandie,education
http://www.wikidata.org/entity/Q3369516,http://www.wikidata.org/entity/Q1275285,EM Strasbourg Business School,education
http://www.wikidata.org/entity/Q3369516,http://www.wikidata.org/entity/Q662976,université Paris-Panthéon-Assas,employment
http://www.wikidata.org/entity/Q3369813,http://www.wikidata.org/entity/Q259388,université de Nantes,employment
http://www.wikidata.org/entity/Q3370440,http://www.wikidata.org/entity/Q273553,École libre des sciences politiques,education
http://www.wikidata.org/entity/Q3370440,http://www.wikidata.org/entity/Q3269052,lycée franco-hellénique Eugène-Delacroix,education
http://www.wikidata.org/entity/Q3371068,http://www.wikidata.org/entity/Q939743,Assemblée parlementaire du Conseil de l'Europe,membership
http://www.wikidata.org/entity/Q3371854,http://www.wikidata.org/entity/Q459026,université Rennes-II,education
http://www.wikidata.org/entity/Q3372014,http://www.wikidata.org/entity/Q2383462,université de Lyon,education
http://www.wikidata.org/entity/Q3372063,http://www.wikidata.org/entity/Q154950,Shell,employment
http://www.wikidata.org/entity/Q3372063,http://www.wikidata.org/entity/Q273626,École polytechnique,education
http://www.wikidata.org/entity/Q3372103,http://www.wikidata.org/entity/Q939743,Assemblée parlementaire du Conseil de l'Europe,membership
http://www.wikidata.org/entity/Q3378990,http://www.wikidata.org/entity/Q1394262,université Paris-Nanterre,education
http://www.wikidata.org/entity/Q3379248,http://www.wikidata.org/entity/Q273579,École nationale d'administration,education
http://www.wikidata.org/entity/Q3379248,http://www.wikidata.org/entity/Q273626,École polytechnique,education
http://www.wikidata.org/entity/Q3379248,http://www.wikidata.org/entity/Q3075672,French-American Foundation,membership
http://www.wikidata.org/entity/Q3379341,http://www.wikidata.org/entity/Q2496121,université de Nîmes,employment
http://www.wikidata.org/entity/Q3379341,http://www.wikidata.org/entity/Q902688,université Montpellier-II,education
http://www.wikidata.org/entity/Q3379355,http://www.wikidata.org/entity/Q3151967,Institut d'études politiques de Strasbourg,education
http://www.wikidata.org/entity/Q3379424,http://www.wikidata.org/entity/Q2994158,Conseil national de la mer et des littoraux,membership
http://www.wikidata.org/entity/Q3379424,http://www.wikidata.org/entity/Q55095687,Conseil national de la formation des élus locaux,membership
http://www.wikidata.org/entity/Q3379424,http://www.wikidata.org/entity/Q55195703,Conseil supérieur de la navigation de plaisance et des sports nautiques,membership
http://www.wikidata.org/entity/Q3379424,http://www.wikidata.org/entity/Q76009916,Faculté de médecine de Nantes,education
http://www.wikidata.org/entity/Q3379439,http://www.wikidata.org/entity/Q494335,université de Tours,education
http://www.wikidata.org/entity/Q3379695,http://www.wikidata.org/entity/Q1059546,lycée Louis-le-Grand,education
http://www.wikidata.org/entity/Q3379784,http://www.wikidata.org/entity/Q1204304,université Paul-Cézanne - Aix-Marseille III,education
http://www.wikidata.org/entity/Q3379838,http://www.wikidata.org/entity/Q1664755,Institut d'études politiques de Toulouse,education
http://www.wikidata.org/entity/Q3379838,http://www.wikidata.org/entity/Q590201,université Toulouse-Capitole,education
http://www.wikidata.org/entity/Q3379940,http://www.wikidata.org/entity/Q859363,Institut d'études politiques de Paris,education
http://www.wikidata.org/entity/Q3379945,http://www.wikidata.org/entity/Q1878600,lycée Henri-IV,education
http://www.wikidata.org/entity/Q3379945,http://www.wikidata.org/entity/Q859363,Institut d'études politiques de Paris,education
http://www.wikidata.org/entity/Q3380032,http://www.wikidata.org/entity/Q662976,université Paris-Panthéon-Assas,education
http://www.wikidata.org/entity/Q3380099,http://www.wikidata.org/entity/Q1141586,université Lille-III,education
http://www.wikidata.org/entity/Q3380180,http://www.wikidata.org/entity/Q3152468,Institut polytechnique UniLaSalle,education
http://www.wikidata.org/entity/Q3380290,http://www.wikidata.org/entity/Q1431541,lycée Janson-de-Sailly,education
http://www.wikidata.org/entity/Q3380290,http://www.wikidata.org/entity/Q273579,École nationale d'administration,education
http://www.wikidata.org/entity/Q3380364,http://www.wikidata.org/entity/Q20749407,faculté de droit et des sciences économiques de Paris,education
http://www.wikidata.org/entity/Q3380364,http://www.wikidata.org/entity/Q273557,école nationale de la France d'outre-mer,education
http://www.wikidata.org/entity/Q3380839,http://www.wikidata.org/entity/Q3578450,École supérieure de journalisme de Lille,education
http://www.wikidata.org/entity/Q3382822,http://www.wikidata.org/entity/Q273626,École polytechnique,education
http://www.wikidata.org/entity/Q3382825,http://www.wikidata.org/entity/Q273579,École nationale d'administration,education
http://www.wikidata.org/entity/Q3382922,http://www.wikidata.org/entity/Q939743,Assemblée parlementaire du Conseil de l'Europe,membership
http://www.wikidata.org/entity/Q3383264,http://www.wikidata.org/entity/Q939743,Assemblée parlementaire du Conseil de l'Europe,membership
http://www.wikidata.org/entity/Q3383278,http://www.wikidata.org/entity/Q120653437,Société française de chirurgie digestive,membership
http://www.wikidata.org/entity/Q3383278,http://www.wikidata.org/entity/Q45136591,Société nationale française de gastro-entérologie,membership
http://www.wikidata.org/entity/Q3383665,http://www.wikidata.org/entity/Q494247,université de Rouen-Normandie,education
http://www.wikidata.org/entity/Q3383665,http://www.wikidata.org/entity/Q568554,université de Caen-Normandie,education
http://www.wikidata.org/entity/Q3383665,http://www.wikidata.org/entity/Q992830,Université de Santa Clara,education
http://www.wikidata.org/entity/Q3383888,http://www.wikidata.org/entity/Q337512,Académie des sciences d'outre-mer,membership
http://www.wikidata.org/entity/Q3383943,http://www.wikidata.org/entity/Q3151959,Institut d'études politiques de Grenoble,education
http://www.wikidata.org/entity/Q3383943,http://www.wikidata.org/entity/Q945876,université Grenoble-Alpes,education
http://www.wikidata.org/entity/Q3384154,http://www.wikidata.org/entity/Q3268638,lycée Pierre-Corneille de Rouen,education
http://www.wikidata.org/entity/Q3384241,http://www.wikidata.org/entity/Q273642,École supérieure des sciences économiques et commerciales,education
http://www.wikidata.org/entity/Q3384241,http://www.wikidata.org/entity/Q859363,Institut d'études politiques de Paris,education
http://www.wikidata.org/entity/Q3384335,http://www.wikidata.org/entity/Q217059,Église de l'Unification,membership
http://www.wikidata.org/entity/Q3384521,http://www.wikidata.org/entity/Q337512,Académie des sciences d'outre-mer,membership
http://www.wikidata.org/entity/Q3384553,http://www.wikidata.org/entity/Q2867250,France-Israël,membership
http://www.wikidata.org/entity/Q3384553,http://www.wikidata.org/entity/Q577112,Association de droit international,membership
http://www.wikidata.org/entity/Q3384836,http://www.wikidata.org/entity/Q273626,École polytechnique,education
http://www.wikidata.org/entity/Q3384852,http://www.wikidata.org/entity/Q859363,Institut d'études politiques de Paris,education
http://www.wikidata.org/entity/Q3385274,http://www.wikidata.org/entity/Q3152723,Institut universitaire de technologie de Paris Rives de Seine,education
http://www.wikidata.org/entity/Q3385363,http://www.wikidata.org/entity/Q859363,Institut d'études politiques de Paris,education
http://www.wikidata.org/entity/Q3385657,http://www.wikidata.org/entity/Q83259,École normale supérieure,education
http://www.wikidata.org/entity/Q3385940,http://www.wikidata.org/entity/Q112611146,HEC Alumni,membership
http://www.wikidata.org/entity/Q3385940,http://www.wikidata.org/entity/Q273535,HEC Paris,education
http://www.wikidata.org/entity/Q3385940,http://www.wikidata.org/entity/Q2983635,collège Notre-Dame de Jamhour,education
http://www.wikidata.org/entity/Q3385940,http://www.wikidata.org/entity/Q859363,Institut d'études politiques de Paris,education
http://www.wikidata.org/entity/Q3386327,http://www.wikidata.org/entity/Q939743,Assemblée parlementaire du Conseil de l'Europe,membership
http://www.wikidata.org/entity/Q3386670,http://www.wikidata.org/entity/Q1345569,Escadron de chasse 2/30 Normandie-Niemen,membership
http://www.wikidata.org/entity/Q3386670,http://www.wikidata.org/entity/Q271,Prytanée national militaire,education
http://www.wikidata.org/entity/Q3386670,http://www.wikidata.org/entity/Q2867252,association France-URSS,membership
http://www.wikidata.org/entity/Q3386670,http://www.wikidata.org/entity/Q3578053,École militaire préparatoire d'Autun,education
http://www.wikidata.org/entity/Q3386760,http://www.wikidata.org/entity/Q3064277,faculté de médecine de Paris,education
http://www.wikidata.org/entity/Q3386887,http://www.wikidata.org/entity/Q273626,École polytechnique,education
http://www.wikidata.org/entity/Q3386983,http://www.wikidata.org/entity/Q157146,résistance intérieure française,membership
http://www.wikidata.org/entity/Q3386983,http://www.wikidata.org/entity/Q1878600,lycée Henri-IV,education
http://www.wikidata.org/entity/Q3386983,http://www.wikidata.org/entity/Q2366752,Écrits de Paris,employment
http://www.wikidata.org/entity/Q3386983,http://www.wikidata.org/entity/Q3578052,École militaire interarmes,education
http://www.wikidata.org/entity/Q3386983,http://www.wikidata.org/entity/Q738249,Front national,membership
http://www.wikidata.org/entity/Q3387320,http://www.wikidata.org/entity/Q939743,Assemblée parlementaire du Conseil de l'Europe,membership
http://www.wikidata.org/entity/Q3387347,http://www.wikidata.org/entity/Q157575,université de Strasbourg,education
http://www.wikidata.org/entity/Q3387377,http://www.wikidata.org/entity/Q1137404,L'Humanité,employment
http://www.wikidata.org/entity/Q3387480,http://www.wikidata.org/entity/Q805447,Camelots du roi,membership
http://www.wikidata.org/entity/Q3387480,http://www.wikidata.org/entity/Q939743,Assemblée parlementaire du Conseil de l'Europe,membership
http://www.wikidata.org/entity/Q3400568,http://www.wikidata.org/entity/Q999763,université Paris-I-Panthéon-Sorbonne,education
http://www.wikidata.org/entity/Q340241,http://www.wikidata.org/entity/Q20723291,faculté de droit et science politique de Montpellier,education
http://www.wikidata.org/entity/Q3420616,http://www.wikidata.org/entity/Q1394262,université Paris-Nanterre,education
http://www.wikidata.org/entity/Q3420616,http://www.wikidata.org/entity/Q273579,École nationale d'administration,education
http://www.wikidata.org/entity/Q3420774,http://www.wikidata.org/entity/Q1190852,université d'Alger,employment
http://www.wikidata.org/entity/Q3421399,http://www.wikidata.org/entity/Q999763,université Paris-I-Panthéon-Sorbonne,education
http://www.wikidata.org/entity/Q3425753,http://www.wikidata.org/entity/Q939743,Assemblée parlementaire du Conseil de l'Europe,membership
http://www.wikidata.org/entity/Q3425908,http://www.wikidata.org/entity/Q273579,École nationale d'administration,education
http://www.wikidata.org/entity/Q3425908,http://www.wikidata.org/entity/Q3064259,faculté de droit de Paris,education
http://www.wikidata.org/entity/Q3425908,http://www.wikidata.org/entity/Q859363,Institut d'études politiques de Paris,education
http://www.wikidata.org/entity/Q3426037,http://www.wikidata.org/entity/Q273579,École nationale d'administration,education
http://www.wikidata.org/entity/Q3426052,http://www.wikidata.org/entity/Q939743,Assemblée parlementaire du Conseil de l'Europe,membership
http://www.wikidata.org/entity/Q3426115,http://www.wikidata.org/entity/Q2496149,université de Reims-Champagne-Ardenne,employment
http://www.wikidata.org/entity/Q3426115,http://www.wikidata.org/entity/Q999763,université Paris-I-Panthéon-Sorbonne,education
http://www.wikidata.org/entity/Q3426247,http://www.wikidata.org/entity/Q568554,université de Caen-Normandie,education
http://www.wikidata.org/entity/Q3426450,http://www.wikidata.org/entity/Q65456544,maire de Saint-Germain-des-Prés,membership
http://www.wikidata.org/entity/Q3426450,http://www.wikidata.org/entity/Q8889,Parlement européen,membership
http://www.wikidata.org/entity/Q3426463,http://www.wikidata.org/entity/Q627006,école normale,education
http://www.wikidata.org/entity/Q3426797,http://www.wikidata.org/entity/Q157146,résistance intérieure française,membership
http://www.wikidata.org/entity/Q3426797,http://www.wikidata.org/entity/Q3456570,Réseau Kléber,membership
http://www.wikidata.org/entity/Q3426797,http://www.wikidata.org/entity/Q939743,Assemblée parlementaire du Conseil de l'Europe,membership
http://www.wikidata.org/entity/Q3426818,http://www.wikidata.org/entity/Q1431541,lycée Janson-de-Sailly,education
http://www.wikidata.org/entity/Q3426818,http://www.wikidata.org/entity/Q20749407,faculté de droit et des sciences économiques de Paris,education
http://www.wikidata.org/entity/Q3426940,http://www.wikidata.org/entity/Q3268602,lycée Buffon,education
http://www.wikidata.org/entity/Q342878,http://www.wikidata.org/entity/Q1137404,L'Humanité,employment
http://www.wikidata.org/entity/Q342878,http://www.wikidata.org/entity/Q13363209,Forces françaises libres,membership
http://www.wikidata.org/entity/Q342878,http://www.wikidata.org/entity/Q273579,École nationale d'administration,education
http://www.wikidata.org/entity/Q342878,http://www.wikidata.org/entity/Q337512,Académie des sciences d'outre-mer,membership
http://www.wikidata.org/entity/Q3430759,http://www.wikidata.org/entity/Q1155944,université Paris-Descartes,education
http://www.wikidata.org/entity/Q3430759,http://www.wikidata.org/entity/Q3268935,lycée général Saint-Sernin de Toulouse,education
http://www.wikidata.org/entity/Q3430759,http://www.wikidata.org/entity/Q55849612,université Paris-Cité,education
http://www.wikidata.org/entity/Q3430759,http://www.wikidata.org/entity/Q590201,université Toulouse-Capitole,education
http://www.wikidata.org/entity/Q3434688,http://www.wikidata.org/entity/Q1878600,lycée Henri-IV,education
http://www.wikidata.org/entity/Q3434688,http://www.wikidata.org/entity/Q939743,Assemblée parlementaire du Conseil de l'Europe,membership
http://www.wikidata.org/entity/Q3434780,http://www.wikidata.org/entity/Q3268906,lycée Rocroy-Saint-Léon,education
http://www.wikidata.org/entity/Q3434965,http://www.wikidata.org/entity/Q112112127,Fédération nationale des transports routiers,membership
http://www.wikidata.org/entity/Q3435624,http://www.wikidata.org/entity/Q1093381,X-Crise,membership
http://www.wikidata.org/entity/Q3435719,http://www.wikidata.org/entity/Q903888,université Montpellier-I,education
http://www.wikidata.org/entity/Q3438605,http://www.wikidata.org/entity/Q662976,université Paris-Panthéon-Assas,employment
http://www.wikidata.org/entity/Q3438812,http://www.wikidata.org/entity/Q1059546,lycée Louis-le-Grand,education
http://www.wikidata.org/entity/Q3438925,http://www.wikidata.org/entity/Q60848734,Commission départementale des Antiquités de la Seine-Maritime,membership
http://www.wikidata.org/entity/Q3438971,http://www.wikidata.org/entity/Q939743,Assemblée parlementaire du Conseil de l'Europe,membership
http://www.wikidata.org/entity/Q3439077,http://www.wikidata.org/entity/Q678095,Paris Match,employment
http://www.wikidata.org/entity/Q3439417,http://www.wikidata.org/entity/Q136701987,centre universitaire de Savoie,education
http://www.wikidata.org/entity/Q3439417,http://www.wikidata.org/entity/Q3268969,lycée général et technologique Vaugelas de Chambéry,education
http://www.wikidata.org/entity/Q3439951,http://www.wikidata.org/entity/Q939743,Assemblée parlementaire du Conseil de l'Europe,membership
http://www.wikidata.org/entity/Q3439968,http://www.wikidata.org/entity/Q859363,Institut d'études politiques de Paris,education
http://www.wikidata.org/entity/Q3440147,http://www.wikidata.org/entity/Q1137404,L'Humanité,employment
http://www.wikidata.org/entity/Q3455745,http://www.wikidata.org/entity/Q2253344,Institut d'études politiques de Lyon,education
http://www.wikidata.org/entity/Q3455745,http://www.wikidata.org/entity/Q999763,université Paris-I-Panthéon-Sorbonne,education
http://www.wikidata.org/entity/Q345888,http://www.wikidata.org/entity/Q1059546,lycée Louis-le-Grand,education
http://www.wikidata.org/entity/Q345888,http://www.wikidata.org/entity/Q1444157,lycée Hoche,education
http://www.wikidata.org/entity/Q345888,http://www.wikidata.org/entity/Q2732297,École nationale supérieure du pétrole et des moteurs,education
http://www.wikidata.org/entity/Q345888,http://www.wikidata.org/entity/Q273447,École centrale Paris,education
http://www.wikidata.org/entity/Q345888,http://www.wikidata.org/entity/Q939743,Assemblée parlementaire du Conseil de l'Europe,membership
http://www.wikidata.org/entity/Q3472011,http://www.wikidata.org/entity/Q3577933,École des hautes études en sciences de l'information et de la communication – Celsa,education
http://www.wikidata.org/entity/Q3476900,http://www.wikidata.org/entity/Q1155944,université Paris-Descartes,education
http://www.wikidata.org/entity/Q3476900,http://www.wikidata.org/entity/Q1198571,université Nice-Sophia-Antipolis,employment
http://www.wikidata.org/entity/Q3476900,http://www.wikidata.org/entity/Q13334,université d'Orléans,employment
http://www.wikidata.org/entity/Q3476900,http://www.wikidata.org/entity/Q1394262,université Paris-Nanterre,education
http://www.wikidata.org/entity/Q3476900,http://www.wikidata.org/entity/Q1664755,Institut d'études politiques de Toulouse,education
http://www.wikidata.org/entity/Q3476900,http://www.wikidata.org/entity/Q273518,École des hautes études en sciences sociales,education
http://www.wikidata.org/entity/Q3476900,http://www.wikidata.org/entity/Q661056,université de Poitiers,education
http://www.wikidata.org/entity/Q3479214,http://www.wikidata.org/entity/Q939743,Assemblée parlementaire du Conseil de l'Europe,membership
http://www.wikidata.org/entity/Q3479338,http://www.wikidata.org/entity/Q859363,Institut d'études politiques de Paris,education
http://www.wikidata.org/entity/Q3479423,http://www.wikidata.org/entity/Q112611146,HEC Alumni,membership
http://www.wikidata.org/entity/Q3479423,http://www.wikidata.org/entity/Q273535,HEC Paris,education
http://www.wikidata.org/entity/Q3479423,http://www.wikidata.org/entity/Q2983698,collège Stanislas,education
http://www.wikidata.org/entity/Q3479651,http://www.wikidata.org/entity/Q7894273,Université externado de Colombie,education
http://www.wikidata.org/entity/Q3480986,http://www.wikidata.org/entity/Q999763,université Paris-I-Panthéon-Sorbonne,education
http://www.wikidata.org/entity/Q3484436,http://www.wikidata.org/entity/Q3064282,faculté des sciences médicales et paramédicales de Marseille,education
http://www.wikidata.org/entity/Q348474,http://www.wikidata.org/entity/Q69158721,Faculté de droit de Bordeaux,education
http://www.wikidata.org/entity/Q3489147,http://www.wikidata.org/entity/Q3268978,lycée Victor Hugo de Paris,education
http://www.wikidata.org/entity/Q3490911,http://www.wikidata.org/entity/Q2033673,université Nancy-I,education
http://www.wikidata.org/entity/Q3490917,http://www.wikidata.org/entity/Q287072,université Bourgogne-Europe,education
http://www.wikidata.org/entity/Q3491032,http://www.wikidata.org/entity/Q662976,université Paris-Panthéon-Assas,education
http://www.wikidata.org/entity/Q3506023,http://www.wikidata.org/entity/Q939743,Assemblée parlementaire du Conseil de l'Europe,membership
http://www.wikidata.org/entity/Q3510140,http://www.wikidata.org/entity/Q11509930,université Lille-II,education
http://www.wikidata.org/entity/Q3510140,http://www.wikidata.org/entity/Q3151898,IAE Lille,education
http://www.wikidata.org/entity/Q3510140,http://www.wikidata.org/entity/Q500740,université Lille-I,education
http://www.wikidata.org/entity/Q3510156,http://www.wikidata.org/entity/Q1204304,université Paul-Cézanne - Aix-Marseille III,education
http://www.wikidata.org/entity/Q3524408,http://www.wikidata.org/entity/Q859363,Institut d'études politiques de Paris,education
http://www.wikidata.org/entity/Q3525615,http://www.wikidata.org/entity/Q662976,université Paris-Panthéon-Assas,education
http://www.wikidata.org/entity/Q3525615,http://www.wikidata.org/entity/Q859363,Institut d'études politiques de Paris,education
http://www.wikidata.org/entity/Q3526335,http://www.wikidata.org/entity/Q939743,Assemblée parlementaire du Conseil de l'Europe,membership
http://www.wikidata.org/entity/Q353164,http://www.wikidata.org/entity/Q859363,Institut d'études politiques de Paris,education
http://www.wikidata.org/entity/Q3554249,http://www.wikidata.org/entity/Q4173330,Université de Lorraine,education
http://www.wikidata.org/entity/Q3554304,http://www.wikidata.org/entity/Q1059546,lycée Louis-le-Grand,education
http://www.wikidata.org/entity/Q3554304,http://www.wikidata.org/entity/Q273523,École nationale des ponts et chaussées,education
http://www.wikidata.org/entity/Q3559620,http://www.wikidata.org/entity/Q273535,HEC Paris,education
http://www.wikidata.org/entity/Q3560729,http://www.wikidata.org/entity/Q3151959,Institut d'études politiques de Grenoble,education
http://www.wikidata.org/entity/Q3560729,http://www.wikidata.org/entity/Q3152119,Institut de relations internationales et stratégiques,education
http://www.wikidata.org/entity/Q3560729,http://www.wikidata.org/entity/Q3152119,Institut de relations internationales et stratégiques,membership
http://www.wikidata.org/entity/Q3564277,http://www.wikidata.org/entity/Q2906023,lycée Blanche-de-Castille,education
http://www.wikidata.org/entity/Q3564346,http://www.wikidata.org/entity/Q3128482,HEC Jeunes Filles,education
http://www.wikidata.org/entity/Q3565302,http://www.wikidata.org/entity/Q273483,"École spéciale des travaux publics, du bâtiment et de l'industrie",education
http://www.wikidata.org/entity/Q3565302,http://www.wikidata.org/entity/Q524289,Conservatoire national des arts et métiers,education
http://www.wikidata.org/entity/Q3565308,http://www.wikidata.org/entity/Q1190355,École internationale Lénine,education
http://www.wikidata.org/entity/Q356724,http://www.wikidata.org/entity/Q124728587,Institution Sainte Marie-La Grand'Grange,education
http://www.wikidata.org/entity/Q356724,http://www.wikidata.org/entity/Q2994133,Conseil national,membership
http://www.wikidata.org/entity/Q3568187,http://www.wikidata.org/entity/Q834819,université de La Réunion,employment
http://www.wikidata.org/entity/Q3568187,http://www.wikidata.org/entity/Q939743,Assemblée parlementaire du Conseil de l'Europe,membership
http://www.wikidata.org/entity/Q356919,http://www.wikidata.org/entity/Q273579,École nationale d'administration,education
http://www.wikidata.org/entity/Q356919,http://www.wikidata.org/entity/Q2946488,Cercle de l'industrie,membership
http://www.wikidata.org/entity/Q356919,http://www.wikidata.org/entity/Q3075672,French-American Foundation,membership
http://www.wikidata.org/entity/Q356919,http://www.wikidata.org/entity/Q3227220,Le Siècle,membership
http://www.wikidata.org/entity/Q356919,http://www.wikidata.org/entity/Q859363,Institut d'études politiques de Paris,education
http://www.wikidata.org/entity/Q356919,http://www.wikidata.org/entity/Q926749,lycée Condorcet,education
http://www.wikidata.org/entity/Q3570696,http://www.wikidata.org/entity/Q3064267,faculté de droit de Rennes,education
http://www.wikidata.org/entity/Q3570696,http://www.wikidata.org/entity/Q3268916,lycée Saint-François-Xavier,education
http://www.wikidata.org/entity/Q3570696,http://www.wikidata.org/entity/Q939743,Assemblée parlementaire du Conseil de l'Europe,membership
http://www.wikidata.org/entity/Q3570771,http://www.wikidata.org/entity/Q868550,Commissariat à l'énergie atomique et aux énergies alternatives,employment
http://www.wikidata.org/entity/Q3570771,http://www.wikidata.org/entity/Q939743,Assemblée parlementaire du Conseil de l'Europe,membership
http://www.wikidata.org/entity/Q3571567,http://www.wikidata.org/entity/Q1155944,université Paris-Descartes,education
http://www.wikidata.org/entity/Q3571618,http://www.wikidata.org/entity/Q3551755,université du Littoral-Côte-d'Opale,education
http://www.wikidata.org/entity/Q3571783,http://www.wikidata.org/entity/Q259388,université de Nantes,education
http://www.wikidata.org/entity/Q3571783,http://www.wikidata.org/entity/Q3151861,Institut catholique de Vendée,education
http://www.wikidata.org/entity/Q3573330,http://www.wikidata.org/entity/Q1878600,lycée Henri-IV,education
http://www.wikidata.org/entity/Q3573330,http://www.wikidata.org/entity/Q273579,École nationale d'administration,education
http://www.wikidata.org/entity/Q3573330,http://www.wikidata.org/entity/Q2822267,Académie catholique de France,membership
http://www.wikidata.org/entity/Q3573330,http://www.wikidata.org/entity/Q2946489,Cercle de l'Union interalliée,membership
http://www.wikidata.org/entity/Q3573330,http://www.wikidata.org/entity/Q2980151,Carrefour de l'horloge,membership
http://www.wikidata.org/entity/Q3573330,http://www.wikidata.org/entity/Q859363,Institut d'études politiques de Paris,education
http://www.wikidata.org/entity/Q3573330,http://www.wikidata.org/entity/Q859363,Institut d'études politiques de Paris,employment
http://www.wikidata.org/entity/Q3573441,http://www.wikidata.org/entity/Q48204303,Loge Nature et Philanthropie,membership
http://www.wikidata.org/entity/Q3573502,http://www.wikidata.org/entity/Q859363,Institut d'études politiques de Paris,education
http://www.wikidata.org/entity/Q3573878,http://www.wikidata.org/entity/Q4027,université Jean-Moulin-Lyon-III,education
http://www.wikidata.org/entity/Q3574086,http://www.wikidata.org/entity/Q271,Prytanée national militaire,education
http://www.wikidata.org/entity/Q3574086,http://www.wikidata.org/entity/Q2980151,Carrefour de l'horloge,membership
http://www.wikidata.org/entity/Q3574114,http://www.wikidata.org/entity/Q3082595,Mouvement des entreprises de France,membership
http://www.wikidata.org/entity/Q3574114,http://www.wikidata.org/entity/Q859363,Institut d'études politiques de Paris,education
http://www.wikidata.org/entity/Q3574148,http://www.wikidata.org/entity/Q273579,École nationale d'administration,education
http://www.wikidata.org/entity/Q3574148,http://www.wikidata.org/entity/Q273579,École nationale d'administration,employment
http://www.wikidata.org/entity/Q3574148,http://www.wikidata.org/entity/Q2983698,collège Stanislas,education
http://www.wikidata.org/entity/Q3574148,http://www.wikidata.org/entity/Q2985536,Comité national de réflexion et de propositions sur la laïcité à l'école,membership
http://www.wikidata.org/entity/Q3579855,http://www.wikidata.org/entity/Q157146,résistance intérieure française,membership
http://www.wikidata.org/entity/Q3579855,http://www.wikidata.org/entity/Q45032590,Cercle Renaissance,membership
http://www.wikidata.org/entity/Q3579929,http://www.wikidata.org/entity/Q939743,Assemblée parlementaire du Conseil de l'Europe,membership
http://www.wikidata.org/entity/Q3579934,http://www.wikidata.org/entity/Q3268795,lycée Lakanal,education
http://www.wikidata.org/entity/Q3579995,http://www.wikidata.org/entity/Q1431541,lycée Janson-de-Sailly,education
http://www.wikidata.org/entity/Q3579995,http://www.wikidata.org/entity/Q21055129,école de Gaulle-Adenauer,education
http://www.wikidata.org/entity/Q3579995,http://www.wikidata.org/entity/Q273579,École nationale d'administration,education
http://www.wikidata.org/entity/Q3579995,http://www.wikidata.org/entity/Q455484,Areva,employment
http://www.wikidata.org/entity/Q3579995,http://www.wikidata.org/entity/Q859363,Institut d'études politiques de Paris,education
http://www.wikidata.org/entity/Q3587909,http://www.wikidata.org/entity/Q999763,université Paris-I-Panthéon-Sorbonne,education
http://www.wikidata.org/entity/Q3588175,http://www.wikidata.org/entity/Q3151959,Institut d'études politiques de Grenoble,education
http://www.wikidata.org/entity/Q3588352,http://www.wikidata.org/entity/Q939743,Assemblée parlementaire du Conseil de l'Europe,membership
http://www.wikidata.org/entity/Q3588357,http://www.wikidata.org/entity/Q1587855,École des hautes études en santé publique,education
http://www.wikidata.org/entity/Q359005,http://www.wikidata.org/entity/Q157575,université de Strasbourg,education
http://www.wikidata.org/entity/Q359005,http://www.wikidata.org/entity/Q939743,Assemblée parlementaire du Conseil de l'Europe,membership
http://www.wikidata.org/entity/Q3591088,http://www.wikidata.org/entity/Q769040,École des hautes études commerciales du Nord,education
http://www.wikidata.org/entity/Q3591330,http://www.wikidata.org/entity/Q3075672,French-American Foundation,membership
http://www.wikidata.org/entity/Q3591330,http://www.wikidata.org/entity/Q662976,université Paris-Panthéon-Assas,education
http://www.wikidata.org/entity/Q3591330,http://www.wikidata.org/entity/Q859363,Institut d'études politiques de Paris,education
http://www.wikidata.org/entity/Q3592156,http://www.wikidata.org/entity/Q1137404,L'Humanité,employment
http://www.wikidata.org/entity/Q3592178,http://www.wikidata.org/entity/Q3064259,faculté de droit de Paris,education
http://www.wikidata.org/entity/Q3592178,http://www.wikidata.org/entity/Q3395406,Polo de Paris,membership
http://www.wikidata.org/entity/Q3592178,http://www.wikidata.org/entity/Q748307,lycée Charlemagne,education
http://www.wikidata.org/entity/Q3592334,http://www.wikidata.org/entity/Q859363,Institut d'études politiques de Paris,education
http://www.wikidata.org/entity/Q3592676,http://www.wikidata.org/entity/Q273642,École supérieure des sciences économiques et commerciales,education
http://www.wikidata.org/entity/Q3592676,http://www.wikidata.org/entity/Q546118,université Paris-Sorbonne,education
http://www.wikidata.org/entity/Q362223,http://www.wikidata.org/entity/Q776223,université de Montpellier,education
http://www.wikidata.org/entity/Q362223,http://www.wikidata.org/entity/Q903888,université Montpellier-I,education
http://www.wikidata.org/entity/Q365413,http://www.wikidata.org/entity/Q273553,École libre des sciences politiques,education
http://www.wikidata.org/entity/Q365413,http://www.wikidata.org/entity/Q3151643,Inspection générale des finances,employment
http://www.wikidata.org/entity/Q365413,http://www.wikidata.org/entity/Q3551576,université de Clermont-Ferrand,education
http://www.wikidata.org/entity/Q365413,http://www.wikidata.org/entity/Q859363,Institut d'études politiques de Paris,education
http://www.wikidata.org/entity/Q365413,http://www.wikidata.org/entity/Q939743,Assemblée parlementaire du Conseil de l'Europe,membership
http://www.wikidata.org/entity/Q365638,http://www.wikidata.org/entity/Q40970,Comité international olympique,membership
http://www.wikidata.org/entity/Q366016,http://www.wikidata.org/entity/Q1065,Organisation des Nations unies,employment
http://www.wikidata.org/entity/Q366016,http://www.wikidata.org/entity/Q1273188,université Toulouse III,education
http://www.wikidata.org/entity/Q366016,http://www.wikidata.org/entity/Q20669873,Comue de Toulouse,education
http://www.wikidata.org/entity/Q379229,http://www.wikidata.org/entity/Q1394262,université Paris-Nanterre,employment
http://www.wikidata.org/entity/Q379229,http://www.wikidata.org/entity/Q66756952,Faculté de droit de Nancy,education
http://www.wikidata.org/entity/Q379229,http://www.wikidata.org/entity/Q859363,Institut d'études politiques de Paris,education
http://www.wikidata.org/entity/Q379229,http://www.wikidata.org/entity/Q860166,Institut du monde arabe,employment
http://www.wikidata.org/entity/Q380406,http://www.wikidata.org/entity/Q273579,École nationale d'administration,education
http://www.wikidata.org/entity/Q385437,http://www.wikidata.org/entity/Q1096010,Classe préparatoire aux grandes écoles,education
http://www.wikidata.org/entity/Q385437,http://www.wikidata.org/entity/Q112611146,HEC Alumni,membership
http://www.wikidata.org/entity/Q385437,http://www.wikidata.org/entity/Q1144549,université Pierre-et-Marie-Curie,education
http://www.wikidata.org/entity/Q385437,http://www.wikidata.org/entity/Q1394262,université Paris-Nanterre,education
http://www.wikidata.org/entity/Q385437,http://www.wikidata.org/entity/Q1394262,université Paris-Nanterre,employment
http://www.wikidata.org/entity/Q385437,http://www.wikidata.org/entity/Q209842,université de Paris,education
http://www.wikidata.org/entity/Q385437,http://www.wikidata.org/entity/Q2473125,université Nancy-II,employment
http://www.wikidata.org/entity/Q385437,http://www.wikidata.org/entity/Q273535,HEC Paris,education
http://www.wikidata.org/entity/Q385437,http://www.wikidata.org/entity/Q3268559,lycée Albert-Ier,education
http://www.wikidata.org/entity/Q385437,http://www.wikidata.org/entity/Q3268614,lycée Carnot,education
http://www.wikidata.org/entity/Q385437,http://www.wikidata.org/entity/Q459506,Université de Bristol,education
http://www.wikidata.org/entity/Q385437,http://www.wikidata.org/entity/Q7804,Fonds monétaire international,employment
http://www.wikidata.org/entity/Q385437,http://www.wikidata.org/entity/Q859363,Institut d'études politiques de Paris,education
http://www.wikidata.org/entity/Q385437,http://www.wikidata.org/entity/Q859363,Institut d'études politiques de Paris,employment
http://www.wikidata.org/entity/Q385595,http://www.wikidata.org/entity/Q2980151,Carrefour de l'horloge,membership
http://www.wikidata.org/entity/Q385595,http://www.wikidata.org/entity/Q43131096,Conseil national de la résistance européenne,membership
http://www.wikidata.org/entity/Q389141,http://www.wikidata.org/entity/Q1155944,université Paris-Descartes,education
http://www.wikidata.org/entity/Q389141,http://www.wikidata.org/entity/Q3198944,Korian,employment
http://www.wikidata.org/entity/Q40289093,http://www.wikidata.org/entity/Q1125638,Confédération générale du travail,membership
http://www.wikidata.org/entity/Q41075996,http://www.wikidata.org/entity/Q1394262,université Paris-Nanterre,education
http://www.wikidata.org/entity/Q41968379,http://www.wikidata.org/entity/Q273579,École nationale d'administration,education
http://www.wikidata.org/entity/Q41968379,http://www.wikidata.org/entity/Q859363,Institut d'études politiques de Paris,education
http://www.wikidata.org/entity/Q427080,http://www.wikidata.org/entity/Q859363,Institut d'études politiques de Paris,education
http://www.wikidata.org/entity/Q428214,http://www.wikidata.org/entity/Q41726,franc-maçonnerie,membership
http://www.wikidata.org/entity/Q436173,http://www.wikidata.org/entity/Q1351173,RTL,employment
http://www.wikidata.org/entity/Q436173,http://www.wikidata.org/entity/Q1538727,université d'Angers,education
http://www.wikidata.org/entity/Q436173,http://www.wikidata.org/entity/Q3011095,C8,employment
http://www.wikidata.org/entity/Q436173,http://www.wikidata.org/entity/Q314407,Europe 1,employment
http://www.wikidata.org/entity/Q436173,http://www.wikidata.org/entity/Q686375,RMC,employment
http://www.wikidata.org/entity/Q437405,http://www.wikidata.org/entity/Q157575,université de Strasbourg,education
http://www.wikidata.org/entity/Q437405,http://www.wikidata.org/entity/Q939743,Assemblée parlementaire du Conseil de l'Europe,membership
http://www.wikidata.org/entity/Q438465,http://www.wikidata.org/entity/Q29293,ESCP Business School,education
http://www.wikidata.org/entity/Q439971,http://www.wikidata.org/entity/Q3151959,Institut d'études politiques de Grenoble,education
http://www.wikidata.org/entity/Q439998,http://www.wikidata.org/entity/Q3046089,École supérieure de commerce et de management,education
http://www.wikidata.org/entity/Q440565,http://www.wikidata.org/entity/Q3268638,lycée Pierre-Corneille de Rouen,education
http://www.wikidata.org/entity/Q442810,http://www.wikidata.org/entity/Q273605,École normale supérieure de Fontenay-Saint-Cloud,education
http://www.wikidata.org/entity/Q44508694,http://www.wikidata.org/entity/Q1922673,Gilbert Collard,employment
http://www.wikidata.org/entity/Q44508694,http://www.wikidata.org/entity/Q64995039,lycée général et technologique Albert-Camus,education
http://www.wikidata.org/entity/Q44508694,http://www.wikidata.org/entity/Q902688,université Montpellier-II,education
http://www.wikidata.org/entity/Q445705,http://www.wikidata.org/entity/Q3152816,Institution Notre-Dame de Sainte-Croix,education
http://www.wikidata.org/entity/Q45029395,http://www.wikidata.org/entity/Q61937799,Barreau de Carpentras,membership
http://www.wikidata.org/entity/Q452131,http://www.wikidata.org/entity/Q13335,université Bordeaux-IV,education
http://www.wikidata.org/entity/Q452131,http://www.wikidata.org/entity/Q13344,université de Bordeaux,education
http://www.wikidata.org/entity/Q45486323,http://www.wikidata.org/entity/Q280413,Centre national de la recherche scientifique,employment
http://www.wikidata.org/entity/Q45486323,http://www.wikidata.org/entity/Q546118,université Paris-Sorbonne,education
http://www.wikidata.org/entity/Q455023,http://www.wikidata.org/entity/Q112611146,HEC Alumni,membership
http://www.wikidata.org/entity/Q455023,http://www.wikidata.org/entity/Q273535,HEC Paris,education
http://www.wikidata.org/entity/Q455023,http://www.wikidata.org/entity/Q273535,HEC Paris,employment
http://www.wikidata.org/entity/Q455023,http://www.wikidata.org/entity/Q273579,École nationale d'administration,education
http://www.wikidata.org/entity/Q455023,http://www.wikidata.org/entity/Q3075672,French-American Foundation,membership
http://www.wikidata.org/entity/Q455023,http://www.wikidata.org/entity/Q859363,Institut d'études politiques de Paris,employment
http://www.wikidata.org/entity/Q455040,http://www.wikidata.org/entity/Q859363,Institut d'études politiques de Paris,education
http://www.wikidata.org/entity/Q4556137,http://www.wikidata.org/entity/Q1198571,université Nice-Sophia-Antipolis,education
http://www.wikidata.org/entity/Q457705,http://www.wikidata.org/entity/Q20749407,faculté de droit et des sciences économiques de Paris,education
http://www.wikidata.org/entity/Q457705,http://www.wikidata.org/entity/Q3268616,lycée Carnot de Tunis,education
http://www.wikidata.org/entity/Q457705,http://www.wikidata.org/entity/Q56308985,lycée de la rue de Russie,education
http://www.wikidata.org/entity/Q457705,http://www.wikidata.org/entity/Q859363,Institut d'études politiques de Paris,education
http://www.wikidata.org/entity/Q461283,http://www.wikidata.org/entity/Q2867887,Association nationale des anciens combattants et ami(e)s de la Résistance,membership
http://www.wikidata.org/entity/Q461283,http://www.wikidata.org/entity/Q3326586,Mouvement de la paix,membership
http://www.wikidata.org/entity/Q461454,http://www.wikidata.org/entity/Q1480643,université Paris-Sud,education
http://www.wikidata.org/entity/Q461454,http://www.wikidata.org/entity/Q273604,École normale supérieure Paris-Saclay,education
http://www.wikidata.org/entity/Q461454,http://www.wikidata.org/entity/Q3268795,lycée Lakanal,education
http://www.wikidata.org/entity/Q463260,http://www.wikidata.org/entity/Q1394262,université Paris-Nanterre,education
http://www.wikidata.org/entity/Q463260,http://www.wikidata.org/entity/Q1430113,Institut national des langues et civilisations orientales,education
http://www.wikidata.org/entity/Q463260,http://www.wikidata.org/entity/Q1431541,lycée Janson-de-Sailly,education
http://www.wikidata.org/entity/Q463260,http://www.wikidata.org/entity/Q2366752,Écrits de Paris,employment
http://www.wikidata.org/entity/Q463260,http://www.wikidata.org/entity/Q336264,université de Kyoto,education
http://www.wikidata.org/entity/Q463260,http://www.wikidata.org/entity/Q45032590,Cercle Renaissance,membership
http://www.wikidata.org/entity/Q463260,http://www.wikidata.org/entity/Q46737585,Institut d'études indo-européennes,membership
http://www.wikidata.org/entity/Q463260,http://www.wikidata.org/entity/Q662976,université Paris-Panthéon-Assas,education
http://www.wikidata.org/entity/Q463260,http://www.wikidata.org/entity/Q859363,Institut d'études politiques de Paris,education
http://www.wikidata.org/entity/Q465989,http://www.wikidata.org/entity/Q1139065,Institut d'études politiques d'Aix-en-Provence,education
http://www.wikidata.org/entity/Q465989,http://www.wikidata.org/entity/Q1204304,université Paul-Cézanne - Aix-Marseille III,education
http://www.wikidata.org/entity/Q465989,http://www.wikidata.org/entity/Q612407,École nationale supérieure de sécurité sociale,education
http://www.wikidata.org/entity/Q467781,http://www.wikidata.org/entity/Q112611146,HEC Alumni,membership
http://www.wikidata.org/entity/Q467781,http://www.wikidata.org/entity/Q1394262,université Paris-Nanterre,education
http://www.wikidata.org/entity/Q467781,http://www.wikidata.org/entity/Q1431541,lycée Janson-de-Sailly,education
http://www.wikidata.org/entity/Q467781,http://www.wikidata.org/entity/Q2602778,"Ministère de la Transition écologique, de la Biodiversité, de la Forêt, de la Mer et de la Pêche",employment
http://www.wikidata.org/entity/Q467781,http://www.wikidata.org/entity/Q273535,HEC Paris,education
http://www.wikidata.org/entity/Q467781,http://www.wikidata.org/entity/Q273535,HEC Paris,employment
http://www.wikidata.org/entity/Q467781,http://www.wikidata.org/entity/Q999763,université Paris-I-Panthéon-Sorbonne,education
http://www.wikidata.org/entity/Q467943,http://www.wikidata.org/entity/Q2661290,université de Limoges,education
http://www.wikidata.org/entity/Q467943,http://www.wikidata.org/entity/Q590201,université Toulouse-Capitole,education
http://www.wikidata.org/entity/Q467949,http://www.wikidata.org/entity/Q1204304,université Paul-Cézanne - Aix-Marseille III,education
http://www.wikidata.org/entity/Q467949,http://www.wikidata.org/entity/Q2302586,université d'Aix-Marseille,education
http://www.wikidata.org/entity/Q47168993,http://www.wikidata.org/entity/Q273579,École nationale d'administration,education
http://www.wikidata.org/entity/Q47168993,http://www.wikidata.org/entity/Q3151958,Institut d’études politiques de Lille,education
http://www.wikidata.org/entity/Q47168993,http://www.wikidata.org/entity/Q317070,université de Mannheim,education
http://www.wikidata.org/entity/Q47502155,http://www.wikidata.org/entity/Q2932392,cabinet du président de la République française,employment
http://www.wikidata.org/entity/Q47502155,http://www.wikidata.org/entity/Q83259,École normale supérieure,education
http://www.wikidata.org/entity/Q477121,http://www.wikidata.org/entity/Q1842995,Institut universitaire de formation des maîtres,education
http://www.wikidata.org/entity/Q477121,http://www.wikidata.org/entity/Q2983698,collège Stanislas,education
http://www.wikidata.org/entity/Q481398,http://www.wikidata.org/entity/Q1190852,université d'Alger,employment
http://www.wikidata.org/entity/Q481398,http://www.wikidata.org/entity/Q1683229,Académie des sciences du Japon,membership
http://www.wikidata.org/entity/Q481398,http://www.wikidata.org/entity/Q1878600,lycée Henri-IV,education
http://www.wikidata.org/entity/Q48321355,http://www.wikidata.org/entity/Q2994234,conseil régional d'Île-de-France,employment
http://www.wikidata.org/entity/Q48321355,http://www.wikidata.org/entity/Q661056,université de Poitiers,education
http://www.wikidata.org/entity/Q492259,http://www.wikidata.org/entity/Q209842,université de Paris,education
http://www.wikidata.org/entity/Q492259,http://www.wikidata.org/entity/Q337543,Académie des sciences morales et politiques,membership
http://www.wikidata.org/entity/Q49452,http://www.wikidata.org/entity/Q1444157,lycée Hoche,education
http://www.wikidata.org/entity/Q49452,http://www.wikidata.org/entity/Q161562,California Institute of Technology,education
http://www.wikidata.org/entity/Q497610,http://www.wikidata.org/entity/Q459026,université Rennes-II,education
http://www.wikidata.org/entity/Q497610,http://www.wikidata.org/entity/Q726595,université Rennes-I,education
http://www.wikidata.org/entity/Q50384786,http://www.wikidata.org/entity/Q5829,Jean-Luc Mélenchon,employment
http://www.wikidata.org/entity/Q505819,http://www.wikidata.org/entity/Q112611146,HEC Alumni,membership
http://www.wikidata.org/entity/Q505819,http://www.wikidata.org/entity/Q273535,HEC Paris,education
http://www.wikidata.org/entity/Q505819,http://www.wikidata.org/entity/Q40970,Comité international olympique,membership
http://www.wikidata.org/entity/Q509407,http://www.wikidata.org/entity/Q859363,Institut d'études politiques de Paris,education
http://www.wikidata.org/entity/Q510080,http://www.wikidata.org/entity/Q3151967,Institut d'études politiques de Strasbourg,education
http://www.wikidata.org/entity/Q510080,http://www.wikidata.org/entity/Q859363,Institut d'études politiques de Paris,education
http://www.wikidata.org/entity/Q511786,http://www.wikidata.org/entity/Q2661290,université de Limoges,education
http://www.wikidata.org/entity/Q517072,http://www.wikidata.org/entity/Q2822391,"Académie des sciences, belles-lettres et arts de Rouen",membership
http://www.wikidata.org/entity/Q517072,http://www.wikidata.org/entity/Q337531,Académie des beaux-arts,membership
http://www.wikidata.org/entity/Q520375,http://www.wikidata.org/entity/Q1067935,Université Laval,education
http://www.wikidata.org/entity/Q520375,http://www.wikidata.org/entity/Q1067935,Université Laval,employment
http://www.wikidata.org/entity/Q521021,http://www.wikidata.org/entity/Q568554,université de Caen-Normandie,education
http://www.wikidata.org/entity/Q521021,http://www.wikidata.org/entity/Q662976,université Paris-Panthéon-Assas,education
http://www.wikidata.org/entity/Q521021,http://www.wikidata.org/entity/Q859363,Institut d'études politiques de Paris,education
http://www.wikidata.org/entity/Q522753,http://www.wikidata.org/entity/Q2033673,université Nancy-I,education
http://www.wikidata.org/entity/Q528621,http://www.wikidata.org/entity/Q76009916,Faculté de médecine de Nantes,education
http://www.wikidata.org/entity/Q529554,http://www.wikidata.org/entity/Q273579,École nationale d'administration,education
http://www.wikidata.org/entity/Q529554,http://www.wikidata.org/entity/Q662976,université Paris-Panthéon-Assas,education
http://www.wikidata.org/entity/Q529554,http://www.wikidata.org/entity/Q859363,Institut d'études politiques de Paris,education
http://www.wikidata.org/entity/Q537864,http://www.wikidata.org/entity/Q3268638,lycée Pierre-Corneille de Rouen,education
http://www.wikidata.org/entity/Q543332,http://www.wikidata.org/entity/Q1139065,Institut d'études politiques d'Aix-en-Provence,education
http://www.wikidata.org/entity/Q543332,http://www.wikidata.org/entity/Q1204304,université Paul-Cézanne - Aix-Marseille III,education
http://www.wikidata.org/entity/Q543332,http://www.wikidata.org/entity/Q273579,École nationale d'administration,education
http://www.wikidata.org/entity/Q543332,http://www.wikidata.org/entity/Q3268616,lycée Carnot de Tunis,education
http://www.wikidata.org/entity/Q543332,http://www.wikidata.org/entity/Q859363,Institut d'études politiques de Paris,education
http://www.wikidata.org/entity/Q547525,http://www.wikidata.org/entity/Q174570,London School of Economics,education
http://www.wikidata.org/entity/Q547525,http://www.wikidata.org/entity/Q186595,Forces françaises de l'intérieur,membership
http://www.wikidata.org/entity/Q547525,http://www.wikidata.org/entity/Q859363,Institut d'études politiques de Paris,education
http://www.wikidata.org/entity/Q555147,http://www.wikidata.org/entity/Q12461,Le Monde,employment
http://www.wikidata.org/entity/Q555147,http://www.wikidata.org/entity/Q19908,France Culture,employment
http://www.wikidata.org/entity/Q555147,http://www.wikidata.org/entity/Q209842,université de Paris,education
http://www.wikidata.org/entity/Q555147,http://www.wikidata.org/entity/Q216047,Le Figaro,employment
http://www.wikidata.org/entity/Q555147,http://www.wikidata.org/entity/Q53342958,Comité Maurice-Audin,membership
http://www.wikidata.org/entity/Q559040,http://www.wikidata.org/entity/Q1987282,université de Rennes,education
http://www.wikidata.org/entity/Q559040,http://www.wikidata.org/entity/Q27273700,lycée Saint-Louis de Lorient,education
http://www.wikidata.org/entity/Q559040,http://www.wikidata.org/entity/Q459026,université Rennes-II,education
http://www.wikidata.org/entity/Q559040,http://www.wikidata.org/entity/Q459026,université Rennes-II,employment
http://www.wikidata.org/entity/Q559040,http://www.wikidata.org/entity/Q48204303,Loge Nature et Philanthropie,membership
http://www.wikidata.org/entity/Q560890,http://www.wikidata.org/entity/Q1252062,Institut d'études politiques de Bordeaux,education
http://www.wikidata.org/entity/Q560944,http://www.wikidata.org/entity/Q627006,école normale,education
http://www.wikidata.org/entity/Q56464398,http://www.wikidata.org/entity/Q1422458,Université de Bath,education
http://www.wikidata.org/entity/Q56464398,http://www.wikidata.org/entity/Q3578422,École supérieure d'électronique de l'Ouest,education
http://www.wikidata.org/entity/Q57394742,http://www.wikidata.org/entity/Q273642,École supérieure des sciences économiques et commerciales,education
http://www.wikidata.org/entity/Q574342,http://www.wikidata.org/entity/Q112611146,HEC Alumni,membership
http://www.wikidata.org/entity/Q574342,http://www.wikidata.org/entity/Q1394262,université Paris-Nanterre,education
http://www.wikidata.org/entity/Q574342,http://www.wikidata.org/entity/Q273535,HEC Paris,education
http://www.wikidata.org/entity/Q574342,http://www.wikidata.org/entity/Q273631,École pratique des hautes études,education
http://www.wikidata.org/entity/Q574342,http://www.wikidata.org/entity/Q2983698,collège Stanislas,education
http://www.wikidata.org/entity/Q574342,http://www.wikidata.org/entity/Q939743,Assemblée parlementaire du Conseil de l'Europe,membership
http://www.wikidata.org/entity/Q57751,http://www.wikidata.org/entity/Q2945657,centre hospitalier Andrée-Rosemon,employment
http://www.wikidata.org/entity/Q58130,http://www.wikidata.org/entity/Q662976,université Paris-Panthéon-Assas,education
http://www.wikidata.org/entity/Q58130,http://www.wikidata.org/entity/Q999763,université Paris-I-Panthéon-Sorbonne,education
http://www.wikidata.org/entity/Q582101,http://www.wikidata.org/entity/Q2867966,Association pour la liberté économique et le progrès social,membership
http://www.wikidata.org/entity/Q582101,http://www.wikidata.org/entity/Q2980151,Carrefour de l'horloge,membership
http://www.wikidata.org/entity/Q582101,http://www.wikidata.org/entity/Q662976,université Paris-Panthéon-Assas,education
http://www.wikidata.org/entity/Q5829,http://www.wikidata.org/entity/Q137837283,loge Roger-Leray,membership
http://www.wikidata.org/entity/Q5829,http://www.wikidata.org/entity/Q2867985,Association pour le droit de mourir dans la dignité,membership
http://www.wikidata.org/entity/Q5829,http://www.wikidata.org/entity/Q3268638,lycée Pierre-Corneille de Rouen,education
http://www.wikidata.org/entity/Q5829,http://www.wikidata.org/entity/Q3268901,lycée Regnault,education
http://www.wikidata.org/entity/Q5829,http://www.wikidata.org/entity/Q829449,université Marie-et-Louis-Pasteur,education
http://www.wikidata.org/entity/Q603262,http://www.wikidata.org/entity/Q273579,École nationale d'administration,education
http://www.wikidata.org/entity/Q603262,http://www.wikidata.org/entity/Q337512,Académie des sciences d'outre-mer,membership
http://www.wikidata.org/entity/Q603288,http://www.wikidata.org/entity/Q1189954,École nationale supérieure des mines de Paris,education
http://www.wikidata.org/entity/Q603288,http://www.wikidata.org/entity/Q273626,École polytechnique,education
http://www.wikidata.org/entity/Q60604421,http://www.wikidata.org/entity/Q13344,université de Bordeaux,education
http://www.wikidata.org/entity/Q608242,http://www.wikidata.org/entity/Q193582,Assemblée nationale,employment
http://www.wikidata.org/entity/Q608815,http://www.wikidata.org/entity/Q1204304,université Paul-Cézanne - Aix-Marseille III,education
http://www.wikidata.org/entity/Q608815,http://www.wikidata.org/entity/Q157146,résistance intérieure française,membership
http://www.wikidata.org/entity/Q608815,http://www.wikidata.org/entity/Q2302586,université d'Aix-Marseille,education
http://www.wikidata.org/entity/Q608815,http://www.wikidata.org/entity/Q3456533,Réseau Brutus,membership
http://www.wikidata.org/entity/Q609661,http://www.wikidata.org/entity/Q859363,Institut d'études politiques de Paris,education
http://www.wikidata.org/entity/Q61014236,http://www.wikidata.org/entity/Q1394262,université Paris-Nanterre,education
http://www.wikidata.org/entity/Q61861497,http://www.wikidata.org/entity/Q2496121,université de Nîmes,employment
http://www.wikidata.org/entity/Q61861497,http://www.wikidata.org/entity/Q56284587,ordre des avocats de Nîmes,membership
http://www.wikidata.org/entity/Q62077701,http://www.wikidata.org/entity/Q546118,université Paris-Sorbonne,education
http://www.wikidata.org/entity/Q62354,http://www.wikidata.org/entity/Q273579,École nationale d'administration,education
http://www.wikidata.org/entity/Q62354,http://www.wikidata.org/entity/Q3577715,école Jeannine-Manuel,education
http://www.wikidata.org/entity/Q62354,http://www.wikidata.org/entity/Q859363,Institut d'études politiques de Paris,education
http://www.wikidata.org/entity/Q62354,http://www.wikidata.org/entity/Q859363,Institut d'études politiques de Paris,employment
http://www.wikidata.org/entity/Q62606907,http://www.wikidata.org/entity/Q1780212,université Paris-Nord,education
http://www.wikidata.org/entity/Q62606907,http://www.wikidata.org/entity/Q999763,université Paris-I-Panthéon-Sorbonne,education
http://www.wikidata.org/entity/Q62664023,http://www.wikidata.org/entity/Q859363,Institut d'études politiques de Paris,education
http://www.wikidata.org/entity/Q62976462,http://www.wikidata.org/entity/Q2944885,COMUE Centre-Val de Loire,education
http://www.wikidata.org/entity/Q62976462,http://www.wikidata.org/entity/Q5829,Jean-Luc Mélenchon,employment
http://www.wikidata.org/entity/Q62976462,http://www.wikidata.org/entity/Q661056,université de Poitiers,education
http://www.wikidata.org/entity/Q62976462,http://www.wikidata.org/entity/Q999763,université Paris-I-Panthéon-Sorbonne,education
http://www.wikidata.org/entity/Q630747,http://www.wikidata.org/entity/Q1394262,université Paris-Nanterre,education
http://www.wikidata.org/entity/Q630747,http://www.wikidata.org/entity/Q1546437,université Paris-Dauphine,education
http://www.wikidata.org/entity/Q630747,http://www.wikidata.org/entity/Q661056,université de Poitiers,education
http://www.wikidata.org/entity/Q630747,http://www.wikidata.org/entity/Q926749,lycée Condorcet,education
http://www.wikidata.org/entity/Q63275,http://www.wikidata.org/entity/Q1987282,université de Rennes,education
http://www.wikidata.org/entity/Q63275,http://www.wikidata.org/entity/Q459026,université Rennes-II,education
http://www.wikidata.org/entity/Q63349080,http://www.wikidata.org/entity/Q1394262,université Paris-Nanterre,education
http://www.wikidata.org/entity/Q63349080,http://www.wikidata.org/entity/Q546118,université Paris-Sorbonne,education
http://www.wikidata.org/entity/Q63411723,http://www.wikidata.org/entity/Q2996670,Coordination rurale,membership
http://www.wikidata.org/entity/Q63436533,http://www.wikidata.org/entity/Q273579,École nationale d'administration,education
http://www.wikidata.org/entity/Q63436533,http://www.wikidata.org/entity/Q83259,École normale supérieure,education
http://www.wikidata.org/entity/Q63488174,http://www.wikidata.org/entity/Q1470431,Institut catholique de Paris,education
http://www.wikidata.org/entity/Q63488174,http://www.wikidata.org/entity/Q273534,École du Louvre,education
http://www.wikidata.org/entity/Q63488174,http://www.wikidata.org/entity/Q4971932,Broad Run High School,education
http://www.wikidata.org/entity/Q63488174,http://www.wikidata.org/entity/Q999763,université Paris-I-Panthéon-Sorbonne,education
http://www.wikidata.org/entity/Q63607678,http://www.wikidata.org/entity/Q50846581,Cocarde étudiante,membership
http://www.wikidata.org/entity/Q63615187,http://www.wikidata.org/entity/Q662976,université Paris-Panthéon-Assas,education
http://www.wikidata.org/entity/Q63618,http://www.wikidata.org/entity/Q2383462,université de Lyon,education
http://www.wikidata.org/entity/Q63618,http://www.wikidata.org/entity/Q273579,École nationale d'administration,education
http://www.wikidata.org/entity/Q63618,http://www.wikidata.org/entity/Q4027,université Jean-Moulin-Lyon-III,education
http://www.wikidata.org/entity/Q63618,http://www.wikidata.org/entity/Q859363,Institut d'études politiques de Paris,education
http://www.wikidata.org/entity/Q63628,http://www.wikidata.org/entity/Q859363,Institut d'études politiques de Paris,education
http://www.wikidata.org/entity/Q636424,http://www.wikidata.org/entity/Q3410428,Public Sénat,employment
http://www.wikidata.org/entity/Q636424,http://www.wikidata.org/entity/Q662976,université Paris-Panthéon-Assas,education
http://www.wikidata.org/entity/Q636424,http://www.wikidata.org/entity/Q829449,université Marie-et-Louis-Pasteur,education
http://www.wikidata.org/entity/Q63655,http://www.wikidata.org/entity/Q3152348,Institut libre d'étude des relations internationales,education
http://www.wikidata.org/entity/Q63764562,http://www.wikidata.org/entity/Q18214945,Institut régional d'administration de Metz,education
http://www.wikidata.org/entity/Q63764754,http://www.wikidata.org/entity/Q2408366,Commission du Développement durable et de l'Aménagement du territoire,membership
http://www.wikidata.org/entity/Q63765036,http://www.wikidata.org/entity/Q1653374,SOS Racisme,membership
http://www.wikidata.org/entity/Q63765036,http://www.wikidata.org/entity/Q859363,Institut d'études politiques de Paris,education
http://www.wikidata.org/entity/Q63765243,http://www.wikidata.org/entity/Q112611146,HEC Alumni,membership
http://www.wikidata.org/entity/Q63765243,http://www.wikidata.org/entity/Q273535,HEC Paris,education
http://www.wikidata.org/entity/Q63765243,http://www.wikidata.org/entity/Q4027,université Jean-Moulin-Lyon-III,education
http://www.wikidata.org/entity/Q63766071,http://www.wikidata.org/entity/Q4041,université Lumière-Lyon-II,education
http://www.wikidata.org/entity/Q63766071,http://www.wikidata.org/entity/Q623154,université Jean-Monnet-Saint-Étienne,education
http://www.wikidata.org/entity/Q63766071,http://www.wikidata.org/entity/Q846637,Les Jeunes Socialistes,membership
http://www.wikidata.org/entity/Q63766698,http://www.wikidata.org/entity/Q999763,université Paris-I-Panthéon-Sorbonne,education
http://www.wikidata.org/entity/Q640830,http://www.wikidata.org/entity/Q209842,université de Paris,education
http://www.wikidata.org/entity/Q640830,http://www.wikidata.org/entity/Q939743,Assemblée parlementaire du Conseil de l'Europe,membership
http://www.wikidata.org/entity/Q640830,http://www.wikidata.org/entity/Q999763,université Paris-I-Panthéon-Sorbonne,education
http://www.wikidata.org/entity/Q642640,http://www.wikidata.org/entity/Q3268926,lycée Saint-Louis-de-Gonzague,education
http://www.wikidata.org/entity/Q642640,http://www.wikidata.org/entity/Q999763,université Paris-I-Panthéon-Sorbonne,education
http://www.wikidata.org/entity/Q64281962,http://www.wikidata.org/entity/Q1252062,Institut d'études politiques de Bordeaux,education
http://www.wikidata.org/entity/Q64463,http://www.wikidata.org/entity/Q1659456,Institut supérieur de gestion,education
http://www.wikidata.org/entity/Q64463,http://www.wikidata.org/entity/Q273642,École supérieure des sciences économiques et commerciales,education
http://www.wikidata.org/entity/Q645945,http://www.wikidata.org/entity/Q3578275,École nationale vétérinaire de Toulouse,education
http://www.wikidata.org/entity/Q646344,http://www.wikidata.org/entity/Q3268957,lycée Thiers,education
http://www.wikidata.org/entity/Q65580703,http://www.wikidata.org/entity/Q112611146,HEC Alumni,membership
http://www.wikidata.org/entity/Q65580703,http://www.wikidata.org/entity/Q1633859,Institut national des sciences appliquées de Lyon,education
http://www.wikidata.org/entity/Q65580703,http://www.wikidata.org/entity/Q273535,HEC Paris,education
http://www.wikidata.org/entity/Q662406,http://www.wikidata.org/entity/Q161806,Académie française,membership
http://www.wikidata.org/entity/Q662406,http://www.wikidata.org/entity/Q273579,École nationale d'administration,education
http://www.wikidata.org/entity/Q662406,http://www.wikidata.org/entity/Q2822350,Académie de marine,membership
http://www.wikidata.org/entity/Q662406,http://www.wikidata.org/entity/Q3151643,Inspection générale des finances,employment
http://www.wikidata.org/entity/Q662406,http://www.wikidata.org/entity/Q3268876,lycée Pasteur de Neuilly-sur-Seine,education
http://www.wikidata.org/entity/Q662406,http://www.wikidata.org/entity/Q3268926,lycée Saint-Louis-de-Gonzague,education
http://www.wikidata.org/entity/Q662406,http://www.wikidata.org/entity/Q859363,Institut d'études politiques de Paris,education
http://www.wikidata.org/entity/Q663987,http://www.wikidata.org/entity/Q1059546,lycée Louis-le-Grand,education
http://www.wikidata.org/entity/Q663987,http://www.wikidata.org/entity/Q1878600,lycée Henri-IV,education
http://www.wikidata.org/entity/Q670809,http://www.wikidata.org/entity/Q644789,université catholique de Louvain,education
http://www.wikidata.org/entity/Q674260,http://www.wikidata.org/entity/Q273579,École nationale d'administration,education
http://www.wikidata.org/entity/Q6755549,http://www.wikidata.org/entity/Q859363,Institut d'études politiques de Paris,education
http://www.wikidata.org/entity/Q681613,http://www.wikidata.org/entity/Q273579,École nationale d'administration,education
http://www.wikidata.org/entity/Q681613,http://www.wikidata.org/entity/Q859363,Institut d'études politiques de Paris,education
http://www.wikidata.org/entity/Q691457,http://www.wikidata.org/entity/Q3064259,faculté de droit de Paris,education
http://www.wikidata.org/entity/Q691457,http://www.wikidata.org/entity/Q859363,Institut d'études politiques de Paris,education
http://www.wikidata.org/entity/Q699510,http://www.wikidata.org/entity/Q161806,Académie française,membership
http://www.wikidata.org/entity/Q699510,http://www.wikidata.org/entity/Q202660,Collège de France,employment
http://www.wikidata.org/entity/Q699510,http://www.wikidata.org/entity/Q273518,École des hautes études en sciences sociales,employment
http://www.wikidata.org/entity/Q699510,http://www.wikidata.org/entity/Q273631,École pratique des hautes études,employment
http://www.wikidata.org/entity/Q699510,http://www.wikidata.org/entity/Q3064325,faculté des lettres de Paris,education
http://www.wikidata.org/entity/Q699510,http://www.wikidata.org/entity/Q337512,Académie des sciences d'outre-mer,membership
http://www.wikidata.org/entity/Q699510,http://www.wikidata.org/entity/Q670268,musée de l'Homme,employment
http://www.wikidata.org/entity/Q699510,http://www.wikidata.org/entity/Q730513,"Académie des sciences, belles-lettres et arts de Lyon",membership
http://www.wikidata.org/entity/Q699510,http://www.wikidata.org/entity/Q83259,École normale supérieure,education
http://www.wikidata.org/entity/Q699510,http://www.wikidata.org/entity/Q8484,lycée du Parc,education
http://www.wikidata.org/entity/Q699510,http://www.wikidata.org/entity/Q939743,Assemblée parlementaire du Conseil de l'Europe,membership
http://www.wikidata.org/entity/Q704846,http://www.wikidata.org/entity/Q273579,École nationale d'administration,education
http://www.wikidata.org/entity/Q704846,http://www.wikidata.org/entity/Q53869553,faculté de droit de Nantes,education
http://www.wikidata.org/entity/Q704846,http://www.wikidata.org/entity/Q859363,Institut d'études politiques de Paris,education
http://www.wikidata.org/entity/Q707980,http://www.wikidata.org/entity/Q273579,École nationale d'administration,education
http://www.wikidata.org/entity/Q707980,http://www.wikidata.org/entity/Q3268876,lycée Pasteur de Neuilly-sur-Seine,education
http://www.wikidata.org/entity/Q707980,http://www.wikidata.org/entity/Q859363,Institut d'études politiques de Paris,education
http://www.wikidata.org/entity/Q711098,http://www.wikidata.org/entity/Q273579,École nationale d'administration,education
http://www.wikidata.org/entity/Q711098,http://www.wikidata.org/entity/Q859363,Institut d'études politiques de Paris,education
http://www.wikidata.org/entity/Q711098,http://www.wikidata.org/entity/Q859363,Institut d'études politiques de Paris,employment
http://www.wikidata.org/entity/Q713235,http://www.wikidata.org/entity/Q273560,École nationale de la magistrature,education
http://www.wikidata.org/entity/Q713235,http://www.wikidata.org/entity/Q3128334,cours Hattemer,education
http://www.wikidata.org/entity/Q713235,http://www.wikidata.org/entity/Q662976,université Paris-Panthéon-Assas,education
http://www.wikidata.org/entity/Q713235,http://www.wikidata.org/entity/Q859363,Institut d'études politiques de Paris,education
http://www.wikidata.org/entity/Q713296,http://www.wikidata.org/entity/Q1878600,lycée Henri-IV,education
http://www.wikidata.org/entity/Q713296,http://www.wikidata.org/entity/Q209842,université de Paris,education
http://www.wikidata.org/entity/Q713296,http://www.wikidata.org/entity/Q273579,École nationale d'administration,education
http://www.wikidata.org/entity/Q713296,http://www.wikidata.org/entity/Q83259,École normale supérieure,education
http://www.wikidata.org/entity/Q713296,http://www.wikidata.org/entity/Q859363,Institut d'études politiques de Paris,education
http://www.wikidata.org/entity/Q714774,http://www.wikidata.org/entity/Q337543,Académie des sciences morales et politiques,membership
http://www.wikidata.org/entity/Q714774,http://www.wikidata.org/entity/Q939743,Assemblée parlementaire du Conseil de l'Europe,membership
http://www.wikidata.org/entity/Q7177,http://www.wikidata.org/entity/Q19958676,Union nationale des étudiants de France,membership
http://www.wikidata.org/entity/Q7177,http://www.wikidata.org/entity/Q3064259,faculté de droit de Paris,education
http://www.wikidata.org/entity/Q7177,http://www.wikidata.org/entity/Q662976,université Paris-Panthéon-Assas,education
http://www.wikidata.org/entity/Q718225,http://www.wikidata.org/entity/Q273553,École libre des sciences politiques,education
http://www.wikidata.org/entity/Q718225,http://www.wikidata.org/entity/Q2945378,Centre de perfectionnement aux affaires,education
http://www.wikidata.org/entity/Q725694,http://www.wikidata.org/entity/Q2924718,Brevet de technicien supérieur - Management des unités commerciales,education
http://www.wikidata.org/entity/Q728645,http://www.wikidata.org/entity/Q214683,TF1,employment
http://www.wikidata.org/entity/Q728645,http://www.wikidata.org/entity/Q686375,RMC,employment
http://www.wikidata.org/entity/Q731629,http://www.wikidata.org/entity/Q947747,université de Picardie Jules-Verne,education
http://www.wikidata.org/entity/Q73414972,http://www.wikidata.org/entity/Q3268705,lycée Gustave-Flaubert,education
http://www.wikidata.org/entity/Q73414972,http://www.wikidata.org/entity/Q859363,Institut d'études politiques de Paris,education
http://www.wikidata.org/entity/Q73414972,http://www.wikidata.org/entity/Q999763,université Paris-I-Panthéon-Sorbonne,education
http://www.wikidata.org/entity/Q736013,http://www.wikidata.org/entity/Q1659456,Institut supérieur de gestion,education
http://www.wikidata.org/entity/Q736013,http://www.wikidata.org/entity/Q24933118,lycée Claude-Bernard,education
http://www.wikidata.org/entity/Q736013,http://www.wikidata.org/entity/Q273535,HEC Paris,employment
http://www.wikidata.org/entity/Q736013,http://www.wikidata.org/entity/Q287072,université Bourgogne-Europe,education
http://www.wikidata.org/entity/Q736013,http://www.wikidata.org/entity/Q2983698,collège Stanislas,education
http://www.wikidata.org/entity/Q736013,http://www.wikidata.org/entity/Q662976,université Paris-Panthéon-Assas,education
http://www.wikidata.org/entity/Q736502,http://www.wikidata.org/entity/Q273579,École nationale d'administration,education
http://www.wikidata.org/entity/Q736502,http://www.wikidata.org/entity/Q859363,Institut d'études politiques de Paris,education
http://www.wikidata.org/entity/Q737204,http://www.wikidata.org/entity/Q1198571,université Nice-Sophia-Antipolis,education
http://www.wikidata.org/entity/Q737311,http://www.wikidata.org/entity/Q287072,université Bourgogne-Europe,education
http://www.wikidata.org/entity/Q737311,http://www.wikidata.org/entity/Q3075672,French-American Foundation,membership
http://www.wikidata.org/entity/Q737311,http://www.wikidata.org/entity/Q859363,Institut d'études politiques de Paris,education
http://www.wikidata.org/entity/Q737311,http://www.wikidata.org/entity/Q999763,université Paris-I-Panthéon-Sorbonne,education
http://www.wikidata.org/entity/Q743479,http://www.wikidata.org/entity/Q568554,université de Caen-Normandie,education
http://www.wikidata.org/entity/Q761795,http://www.wikidata.org/entity/Q2822267,Académie catholique de France,membership
http://www.wikidata.org/entity/Q761795,http://www.wikidata.org/entity/Q337555,Académie nationale de médecine,membership
http://www.wikidata.org/entity/Q761795,http://www.wikidata.org/entity/Q939743,Assemblée parlementaire du Conseil de l'Europe,membership
http://www.wikidata.org/entity/Q764381,http://www.wikidata.org/entity/Q1987282,université de Rennes,education
http://www.wikidata.org/entity/Q764381,http://www.wikidata.org/entity/Q25379453,Union Paneuropéenne de France,membership
http://www.wikidata.org/entity/Q764381,http://www.wikidata.org/entity/Q337512,Académie des sciences d'outre-mer,membership
http://www.wikidata.org/entity/Q764381,http://www.wikidata.org/entity/Q939743,Assemblée parlementaire du Conseil de l'Europe,membership
http://www.wikidata.org/entity/Q771097,http://www.wikidata.org/entity/Q273553,École libre des sciences politiques,education
http://www.wikidata.org/entity/Q771097,http://www.wikidata.org/entity/Q2986396,Comité consultatif pour la révision de la Constitution,membership
http://www.wikidata.org/entity/Q771097,http://www.wikidata.org/entity/Q3064259,faculté de droit de Paris,education
http://www.wikidata.org/entity/Q7711,http://www.wikidata.org/entity/Q161976,université de Wurtzbourg,education
http://www.wikidata.org/entity/Q7711,http://www.wikidata.org/entity/Q259388,université de Nantes,education
http://www.wikidata.org/entity/Q777954,http://www.wikidata.org/entity/Q273579,École nationale d'administration,education
http://www.wikidata.org/entity/Q781970,http://www.wikidata.org/entity/Q939743,Assemblée parlementaire du Conseil de l'Europe,membership
http://www.wikidata.org/entity/Q784751,http://www.wikidata.org/entity/Q13371,Université Harvard,education
http://www.wikidata.org/entity/Q784751,http://www.wikidata.org/entity/Q1394262,université Paris-Nanterre,education
http://www.wikidata.org/entity/Q784751,http://www.wikidata.org/entity/Q273579,École nationale d'administration,employment
http://www.wikidata.org/entity/Q784751,http://www.wikidata.org/entity/Q859363,Institut d'études politiques de Paris,education
http://www.wikidata.org/entity/Q784751,http://www.wikidata.org/entity/Q926749,lycée Condorcet,education
http://www.wikidata.org/entity/Q787494,http://www.wikidata.org/entity/Q1139065,Institut d'études politiques d'Aix-en-Provence,education
http://www.wikidata.org/entity/Q787494,http://www.wikidata.org/entity/Q1204304,université Paul-Cézanne - Aix-Marseille III,education
http://www.wikidata.org/entity/Q787956,http://www.wikidata.org/entity/Q273579,École nationale d'administration,education
http://www.wikidata.org/entity/Q787956,http://www.wikidata.org/entity/Q3268926,lycée Saint-Louis-de-Gonzague,education
http://www.wikidata.org/entity/Q787956,http://www.wikidata.org/entity/Q83259,École normale supérieure,education
http://www.wikidata.org/entity/Q787956,http://www.wikidata.org/entity/Q859363,Institut d'études politiques de Paris,education
http://www.wikidata.org/entity/Q787956,http://www.wikidata.org/entity/Q859363,Institut d'études politiques de Paris,employment
http://www.wikidata.org/entity/Q798242,http://www.wikidata.org/entity/Q2822267,Académie catholique de France,membership
http://www.wikidata.org/entity/Q798242,http://www.wikidata.org/entity/Q29889309,lycée La Providence d'Amiens,education
http://www.wikidata.org/entity/Q798242,http://www.wikidata.org/entity/Q662976,université Paris-Panthéon-Assas,education
http://www.wikidata.org/entity/Q810647,http://www.wikidata.org/entity/Q939743,Assemblée parlementaire du Conseil de l'Europe,membership
http://www.wikidata.org/entity/Q818118,http://www.wikidata.org/entity/Q1857334,université de Bretagne-Occidentale,education
http://www.wikidata.org/entity/Q818118,http://www.wikidata.org/entity/Q21427981,Singa,employment
http://www.wikidata.org/entity/Q81923,http://www.wikidata.org/entity/Q2473125,université Nancy-II,education
http://www.wikidata.org/entity/Q81923,http://www.wikidata.org/entity/Q273579,École nationale d'administration,education
http://www.wikidata.org/entity/Q81923,http://www.wikidata.org/entity/Q4173330,Université de Lorraine,education
http://www.wikidata.org/entity/Q81923,http://www.wikidata.org/entity/Q859363,Institut d'études politiques de Paris,education
http://www.wikidata.org/entity/Q822237,http://www.wikidata.org/entity/Q4032,université Claude-Bernard-Lyon-I,education
http://www.wikidata.org/entity/Q822594,http://www.wikidata.org/entity/Q3268665,lycée Fabert de Metz,education
http://www.wikidata.org/entity/Q822594,http://www.wikidata.org/entity/Q3268795,lycée Lakanal,education
http://www.wikidata.org/entity/Q822594,http://www.wikidata.org/entity/Q337543,Académie des sciences morales et politiques,membership
http://www.wikidata.org/entity/Q826275,http://www.wikidata.org/entity/Q209842,université de Paris,education
http://www.wikidata.org/entity/Q8310248,http://www.wikidata.org/entity/Q1987282,université de Rennes,education
http://www.wikidata.org/entity/Q8310248,http://www.wikidata.org/entity/Q271,Prytanée national militaire,education
http://www.wikidata.org/entity/Q8317977,http://www.wikidata.org/entity/Q1125610,Confédération française des travailleurs chrétiens,membership
http://www.wikidata.org/entity/Q8317977,http://www.wikidata.org/entity/Q2867576,Association des parents d'élèves de l'enseignement libre,membership
http://www.wikidata.org/entity/Q8317977,http://www.wikidata.org/entity/Q705067,Croix-de-feu,membership
http://www.wikidata.org/entity/Q8320637,http://www.wikidata.org/entity/Q112611146,HEC Alumni,membership
http://www.wikidata.org/entity/Q8320637,http://www.wikidata.org/entity/Q273535,HEC Paris,education
http://www.wikidata.org/entity/Q85328250,http://www.wikidata.org/entity/Q2000147,université Grenoble-II,education
http://www.wikidata.org/entity/Q85328250,http://www.wikidata.org/entity/Q61937835,Ordre des avocats de Grenoble,membership
http://www.wikidata.org/entity/Q87116010,http://www.wikidata.org/entity/Q112611146,HEC Alumni,membership
http://www.wikidata.org/entity/Q87116010,http://www.wikidata.org/entity/Q273535,HEC Paris,education
http://www.wikidata.org/entity/Q87116010,http://www.wikidata.org/entity/Q2932392,cabinet du président de la République française,employment
http://www.wikidata.org/entity/Q87116010,http://www.wikidata.org/entity/Q859363,Institut d'études politiques de Paris,education
http://www.wikidata.org/entity/Q87324505,http://www.wikidata.org/entity/Q65016920,lycée Jacques-Prévert,employment
http://www.wikidata.org/entity/Q87324505,http://www.wikidata.org/entity/Q65063240,École normale de Nîmes,education
http://www.wikidata.org/entity/Q87324505,http://www.wikidata.org/entity/Q97445909,collège la Gardonnenque de Brignon,employment
http://www.wikidata.org/entity/Q882038,http://www.wikidata.org/entity/Q1756541,université Vytautas-Magnus,employment
http://www.wikidata.org/entity/Q882038,http://www.wikidata.org/entity/Q209842,université de Paris,education
http://www.wikidata.org/entity/Q882038,http://www.wikidata.org/entity/Q414163,Académie des sciences et des lettres de Mayence,membership
http://www.wikidata.org/entity/Q88977914,http://www.wikidata.org/entity/Q61937787,ordre des avocats d'Avignon,membership
http://www.wikidata.org/entity/Q924976,http://www.wikidata.org/entity/Q271,Prytanée national militaire,education
http://www.wikidata.org/entity/Q926639,http://www.wikidata.org/entity/Q2983698,collège Stanislas,education
http://www.wikidata.org/entity/Q929334,http://www.wikidata.org/entity/Q161806,Académie française,membership
http://www.wikidata.org/entity/Q929334,http://www.wikidata.org/entity/Q216047,Le Figaro,employment
http://www.wikidata.org/entity/Q929334,http://www.wikidata.org/entity/Q273579,École nationale d'administration,education
http://www.wikidata.org/entity/Q929334,http://www.wikidata.org/entity/Q337543,Académie des sciences morales et politiques,membership
http://www.wikidata.org/entity/Q929334,http://www.wikidata.org/entity/Q546118,université Paris-Sorbonne,education
http://www.wikidata.org/entity/Q929334,http://www.wikidata.org/entity/Q83259,École normale supérieure,education
http://www.wikidata.org/entity/Q930418,http://www.wikidata.org/entity/Q1878600,lycée Henri-IV,education
http://www.wikidata.org/entity/Q930418,http://www.wikidata.org/entity/Q273579,École nationale d'administration,education
http://www.wikidata.org/entity/Q930418,http://www.wikidata.org/entity/Q3075672,French-American Foundation,membership
http://www.wikidata.org/entity/Q930418,http://www.wikidata.org/entity/Q3152119,Institut de relations internationales et stratégiques,membership
http://www.wikidata.org/entity/Q930418,http://www.wikidata.org/entity/Q859363,Institut d'études politiques de Paris,education
http://www.wikidata.org/entity/Q930590,http://www.wikidata.org/entity/Q521036,Institut national des sciences appliquées de Strasbourg,education
http://www.wikidata.org/entity/Q931320,http://www.wikidata.org/entity/Q859363,Institut d'études politiques de Paris,education
http://www.wikidata.org/entity/Q937091,http://www.wikidata.org/entity/Q209842,université de Paris,education
http://www.wikidata.org/entity/Q938263,http://www.wikidata.org/entity/Q1659456,Institut supérieur de gestion,education
http://www.wikidata.org/entity/Q938547,http://www.wikidata.org/entity/Q2912244,université Paul-Valéry,education
http://www.wikidata.org/entity/Q945181,http://www.wikidata.org/entity/Q3578024,École internationale de Genève,education
http://www.wikidata.org/entity/Q954006,http://www.wikidata.org/entity/Q125434408,Les Horaces,membership
http://www.wikidata.org/entity/Q954006,http://www.wikidata.org/entity/Q273560,École nationale de la magistrature,education
http://www.wikidata.org/entity/Q954006,http://www.wikidata.org/entity/Q2868013,Association professionnelle des magistrats,membership
http://www.wikidata.org/entity/Q959067,http://www.wikidata.org/entity/Q2570220,École nationale supérieure d'arts et métiers,education
http://www.wikidata.org/entity/Q959067,http://www.wikidata.org/entity/Q3151959,Institut d'études politiques de Grenoble,education
http://www.wikidata.org/entity/Q959482,http://www.wikidata.org/entity/Q459026,université Rennes-II,education
http://www.wikidata.org/entity/Q960150,http://www.wikidata.org/entity/Q259388,université de Nantes,education
http://www.wikidata.org/entity/Q960150,http://www.wikidata.org/entity/Q259388,université de Nantes,employment
http://www.wikidata.org/entity/Q960150,http://www.wikidata.org/entity/Q524289,Conservatoire national des arts et métiers,education
http://www.wikidata.org/entity/Q960474,http://www.wikidata.org/entity/Q3152321,Institut industriel du Nord,education
http://www.wikidata.org/entity/Q960474,http://www.wikidata.org/entity/Q500740,université Lille-I,education
http://www.wikidata.org/entity/Q960643,http://www.wikidata.org/entity/Q999763,université Paris-I-Panthéon-Sorbonne,education
http://www.wikidata.org/entity/Q960706,http://www.wikidata.org/entity/Q1273188,université Toulouse III,education
http://www.wikidata.org/entity/Q962466,http://www.wikidata.org/entity/Q1664755,Institut d'études politiques de Toulouse,education
http://www.wikidata.org/entity/Q965109,http://www.wikidata.org/entity/Q1252062,Institut d'études politiques de Bordeaux,education
http://www.wikidata.org/entity/Q965109,http://www.wikidata.org/entity/Q2852682,Antenne 2,employment
http://www.wikidata.org/entity/Q965109,http://www.wikidata.org/entity/Q3226208,Le Quotidien de Paris,employment
http://www.wikidata.org/entity/Q965109,http://www.wikidata.org/entity/Q686375,RMC,employment
http://www.wikidata.org/entity/Q965109,http://www.wikidata.org/entity/Q859363,Institut d'études politiques de Paris,education
http://www.wikidata.org/entity/Q966529,http://www.wikidata.org/entity/Q1252062,Institut d'études politiques de Bordeaux,education
http://www.wikidata.org/entity/Q966529,http://www.wikidata.org/entity/Q3268566,lycée Alphonse-Daudet,education
http://www.wikidata.org/entity/Q966529,http://www.wikidata.org/entity/Q65016909,collège la Vallée Verte de Vauvert,education
http://www.wikidata.org/entity/Q966529,http://www.wikidata.org/entity/Q859363,Institut d'études politiques de Paris,education
http://www.wikidata.org/entity/Q966529,http://www.wikidata.org/entity/Q939743,Assemblée parlementaire du Conseil de l'Europe,membership
http://www.wikidata.org/entity/Q976436,http://www.wikidata.org/entity/Q1139065,Institut d'études politiques d'Aix-en-Provence,education
http://www.wikidata.org/entity/Q976436,http://www.wikidata.org/entity/Q1204304,université Paul-Cézanne - Aix-Marseille III,education
http://www.wikidata.org/entity/Q976492,http://www.wikidata.org/entity/Q939743,Assemblée parlementaire du Conseil de l'Europe,membership
http://www.wikidata.org/entity/Q97704921,http://www.wikidata.org/entity/Q29293,ESCP Business School,education
http://www.wikidata.org/entity/Q97704921,http://www.wikidata.org/entity/Q3587594,Enedis,employment
http://www.wikidata.org/entity/Q977974,http://www.wikidata.org/entity/Q273579,École nationale d'administration,education
http://www.wikidata.org/entity/Q977974,http://www.wikidata.org/entity/Q939743,Assemblée parlementaire du Conseil de l'Europe,membership
http://www.wikidata.org/entity/Q980660,http://www.wikidata.org/entity/Q1109135,collège d'Europe,education
http://www.wikidata.org/entity/Q980660,http://www.wikidata.org/entity/Q259388,université de Nantes,education
http://www.wikidata.org/entity/Q980660,http://www.wikidata.org/entity/Q859363,Institut d'études politiques de Paris,education
http://www.wikidata.org/entity/Q981661,http://www.wikidata.org/entity/Q157575,université de Strasbourg,education
http://www.wikidata.org/entity/Q981661,http://www.wikidata.org/entity/Q3064254,faculté de droit de Strasbourg,education
http://www.wikidata.org/entity/Q98246172,http://www.wikidata.org/entity/Q3507333,Sylvie Goy-Chavent,employment
http://www.wikidata.org/entity/Q983563,http://www.wikidata.org/entity/Q662976,université Paris-Panthéon-Assas,education
http://www.wikidata.org/entity/Q983563,http://www.wikidata.org/entity/Q859363,Institut d'études politiques de Paris,education
http://www.wikidata.org/entity/Q984375,http://www.wikidata.org/entity/Q1059546,lycée Louis-le-Grand,education
http://www.wikidata.org/entity/Q984375,http://www.wikidata.org/entity/Q1795504,EM Lyon Business School,employment
http://www.wikidata.org/entity/Q984375,http://www.wikidata.org/entity/Q1878600,lycée Henri-IV,education
http://www.wikidata.org/entity/Q984375,http://www.wikidata.org/entity/Q273579,École nationale d'administration,education
http://www.wikidata.org/entity/Q984375,http://www.wikidata.org/entity/Q83259,École normale supérieure,education
http://www.wikidata.org/entity/Q984375,http://www.wikidata.org/entity/Q859363,Institut d'études politiques de Paris,education
http://www.wikidata.org/entity/Q984375,http://www.wikidata.org/entity/Q999763,université Paris-I-Panthéon-Sorbonne,education
http://www.wikidata.org/entity/Q984381,http://www.wikidata.org/entity/Q1780212,université Paris-Nord,education
http://www.wikidata.org/entity/Q98556479,http://www.wikidata.org/entity/Q1394262,université Paris-Nanterre,education
http://www.wikidata.org/entity/Q993472,http://www.wikidata.org/entity/Q1059546,lycée Louis-le-Grand,education
http://www.wikidata.org/entity/Q993472,http://www.wikidata.org/entity/Q273579,École nationale d'administration,education
http://www.wikidata.org/entity/Q993472,http://www.wikidata.org/entity/Q3268926,lycée Saint-Louis-de-Gonzague,education
http://www.wikidata.org/entity/Q993472,http://www.wikidata.org/entity/Q83259,École normale supérieure,education
http://www.wikidata.org/entity/Q993472,http://www.wikidata.org/entity/Q859363,Institut d'études politiques de Paris,education
http://www.wikidata.org/entity/Q993611,http://www.wikidata.org/entity/Q273626,École polytechnique,education
http://www.wikidata.org/entity/Q993611,http://www.wikidata.org/entity/Q2980151,Carrefour de l'horloge,membership
http://www.wikidata.org/entity/Q993611,http://www.wikidata.org/entity/Q45170502,"X-Démographie, économie, population",membership
http://www.wikidata.org/entity/Q99627308,http://www.wikidata.org/entity/Q2473125,université Nancy-II,education
http://www.wikidata.org/entity/Q99627615,http://www.wikidata.org/entity/Q3268638,lycée Pierre-Corneille de Rouen,education
http://www.wikidata.org/entity/Q99676887,http://www.wikidata.org/entity/Q3268870,lycée Ozenne,education