"s","label","birthDate","genLabel"
"http://www.wikidata.org/entity/Q16634891",,"1896",
"http://www.wikidata.org/entity/Q3263031",,"1923",
"http://www.wikidata.org/entity/Q3105790",,"1930",
"http://www.wikidata.org/entity/Q3265690",,"1919",
"http://www.wikidata.org/entity/Q3263036",,"1901",
"http://www.wikidata.org/entity/Q16634889",,"1898",
"http://www.wikidata.org/entity/Q3085621",,"1962",
"http://www.wikidata.org/entity/Q3166775",,"1956",
"http://www.wikidata.org/entity/Q3105792",,"1941",
"http://www.wikidata.org/entity/Q23948039",,"1939",
"http://www.wikidata.org/entity/Q3564277",,"1963",
"http://www.wikidata.org/entity/Q2866091",,"1961",
"http://www.wikidata.org/entity/Q30530164",,"1983",
"http://www.wikidata.org/entity/Q16027101",,"1909",
"http://www.wikidata.org/entity/Q2935125",,"1954",
"http://www.wikidata.org/entity/Q23948030",,"1953",
"http://www.wikidata.org/entity/Q3105786",,"1920",
"http://www.wikidata.org/entity/Q3124065",,"1948",
"http://www.wikidata.org/entity/Q3169815",,"1969",
"http://www.wikidata.org/entity/Q3371748",,"1908",
"http://www.wikidata.org/entity/Q30385652",,"1965",
"http://www.wikidata.org/entity/Q30337139",,"1962",
"http://www.wikidata.org/entity/Q30337138",,"1973",
"http://www.wikidata.org/entity/Q30386985",,"1977",
"http://www.wikidata.org/entity/Q112653333",,"1966",
"http://www.wikidata.org/entity/Q2829945",,"1954",
"http://www.wikidata.org/entity/Q30339795",,"1982",
"http://www.wikidata.org/entity/Q3157844",,"1952",
"http://www.wikidata.org/entity/Q3131235",,"1957",
"http://www.wikidata.org/entity/Q122537759",,"1990",
"http://www.wikidata.org/entity/Q3336553",,"1973",
"http://www.wikidata.org/entity/Q160802",,"1892",
"http://www.wikidata.org/entity/Q3173089",,"1914",
"http://www.wikidata.org/entity/Q3084310",,"1958",
"http://www.wikidata.org/entity/Q3166795",,"1927",
"http://www.wikidata.org/entity/Q23948040",,"1932",
"http://www.wikidata.org/entity/Q23948045",,"1922",
"http://www.wikidata.org/entity/Q23948043",,"1923",
"http://www.wikidata.org/entity/Q3105773",,"1949",
"http://www.wikidata.org/entity/Q3189415",,"1905",
"http://www.wikidata.org/entity/Q3370440",,"1914",
"http://www.wikidata.org/entity/Q3371775",,"1901",
"http://www.wikidata.org/entity/Q2829936",,"1919",
"http://www.wikidata.org/entity/Q3170818",,"1921",
"http://www.wikidata.org/entity/Q3564294",,"1963",
"http://www.wikidata.org/entity/Q1717882",,"1969",
"http://www.wikidata.org/entity/Q3265689",,"1939",
"http://www.wikidata.org/entity/Q16634865",,"1903",
"http://www.wikidata.org/entity/Q16634862",,"1907",
"http://www.wikidata.org/entity/Q30404445",,"1945",
"http://www.wikidata.org/entity/Q3124049",,"1943",
"http://www.wikidata.org/entity/Q3524195",,"1951",
"http://www.wikidata.org/entity/Q30349104",,"1972",
"http://www.wikidata.org/entity/Q3124042",,"1935",
"http://www.wikidata.org/entity/Q3169833",,"1934",
"http://www.wikidata.org/entity/Q3293796",,"1904",
"http://www.wikidata.org/entity/Q3426591",,"1948",
"http://www.wikidata.org/entity/Q61951453",,"1981",
"http://www.wikidata.org/entity/Q3185030",,"1938",
"http://www.wikidata.org/entity/Q96463563",,"1968",
"http://www.wikidata.org/entity/Q3302307",,"1944",
"http://www.wikidata.org/entity/Q957415",,"1942",
"http://www.wikidata.org/entity/Q3121817",,"1930",
"http://www.wikidata.org/entity/Q112640893",,"1968",
"http://www.wikidata.org/entity/Q3173022",,"1955",
"http://www.wikidata.org/entity/Q63765243",,"1980",
"http://www.wikidata.org/entity/Q2960112",,"1937",
"http://www.wikidata.org/entity/Q15973689",,"1921",
"http://www.wikidata.org/entity/Q16645586",,"1911",
"http://www.wikidata.org/entity/Q112899180",,"1993",
"http://www.wikidata.org/entity/Q291356",,"1959",
"http://www.wikidata.org/entity/Q3142783",,"1935",
"http://www.wikidata.org/entity/Q3166737",,"1951",
"http://www.wikidata.org/entity/Q2399474",,"1965",
"http://www.wikidata.org/entity/Q325235",,"1921",
"http://www.wikidata.org/entity/Q112652898",,"1967",
"http://www.wikidata.org/entity/Q1108317",,"1939",
"http://www.wikidata.org/entity/Q3386802",,"1934",
"http://www.wikidata.org/entity/Q30506490",,"1973",
"http://www.wikidata.org/entity/Q3035399",,"1964",
"http://www.wikidata.org/entity/Q3121831",,"1960",
"http://www.wikidata.org/entity/Q3052726",,"1922",
"http://www.wikidata.org/entity/Q3052729",,"1957",
"http://www.wikidata.org/entity/Q3173030",,"1952",
"http://www.wikidata.org/entity/Q16662901",,"1923",
"http://www.wikidata.org/entity/Q63349080",,"1975",
"http://www.wikidata.org/entity/Q3142774",,"1950",
"http://www.wikidata.org/entity/Q3166748",,"1944",
"http://www.wikidata.org/entity/Q2851814",,"1951",
"http://www.wikidata.org/entity/Q291385",,"1973",
"http://www.wikidata.org/entity/Q249802",,"1939",
"http://www.wikidata.org/entity/Q2829903",,"1937",
"http://www.wikidata.org/entity/Q3430626",,"1948",
"http://www.wikidata.org/entity/Q63490352",,"1982",
"http://www.wikidata.org/entity/Q30517132",,"1983",
"http://www.wikidata.org/entity/Q63349050",,"1965",
"http://www.wikidata.org/entity/Q17580391",,"1944",
"http://www.wikidata.org/entity/Q23055577",,"1938",
"http://www.wikidata.org/entity/Q314545",,"1901",
"http://www.wikidata.org/entity/Q126599320",,"1989",
"http://www.wikidata.org/entity/Q3174350",,"1913",
"http://www.wikidata.org/entity/Q736013",,"1965",
"http://www.wikidata.org/entity/Q17173914",,"1970",
"http://www.wikidata.org/entity/Q3124082",,"1941",
"http://www.wikidata.org/entity/Q3084338",,"1955",
"http://www.wikidata.org/entity/Q2834481",,"1968",
"http://www.wikidata.org/entity/Q63490360",,"1984",
"http://www.wikidata.org/entity/Q1108330",,"1950",
"http://www.wikidata.org/entity/Q2977828",,"1946",
"http://www.wikidata.org/entity/Q3121808",,"1949",
"http://www.wikidata.org/entity/Q3157809",,"1906",
"http://www.wikidata.org/entity/Q560944",,"1959",
"http://www.wikidata.org/entity/Q16026676",,"1963",
"http://www.wikidata.org/entity/Q2854096",,"1955",
"http://www.wikidata.org/entity/Q2941825",,"1964",
"http://www.wikidata.org/entity/Q3383795",,"1931",
"http://www.wikidata.org/entity/Q3592334",,"1939",
"http://www.wikidata.org/entity/Q16026634",,"1946",
"http://www.wikidata.org/entity/Q30334006",,"1981",
"http://www.wikidata.org/entity/Q87324505",,"1963",
"http://www.wikidata.org/entity/Q16026633",,"1939",
"http://www.wikidata.org/entity/Q112651536",,"1995",
"http://www.wikidata.org/entity/Q112652868",,"1985",
"http://www.wikidata.org/entity/Q3183290",,"1944",
"http://www.wikidata.org/entity/Q3035367",,"1952",
"http://www.wikidata.org/entity/Q3014406",,"1939",
"http://www.wikidata.org/entity/Q3035368",,"1956",
"http://www.wikidata.org/entity/Q19358499",,"1906",
"http://www.wikidata.org/entity/Q17350866",,"1925",
"http://www.wikidata.org/entity/Q30448094",,"1963",
"http://www.wikidata.org/entity/Q3164998",,"1942",
"http://www.wikidata.org/entity/Q3309809",,"1961",
"http://www.wikidata.org/entity/Q3350896",,"1961",
"http://www.wikidata.org/entity/Q15971900",,"1910",
"http://www.wikidata.org/entity/Q112651523",,"1989",
"http://www.wikidata.org/entity/Q30335328",,"1987",
"http://www.wikidata.org/entity/Q3136053",,"1881",
"http://www.wikidata.org/entity/Q822594",,"1901",
"http://www.wikidata.org/entity/Q2898534",,"1920",
"http://www.wikidata.org/entity/Q112651528",,"1974",
"http://www.wikidata.org/entity/Q3010054",,"1951",
"http://www.wikidata.org/entity/Q16266321",,"1976",
"http://www.wikidata.org/entity/Q2830986",,"1923",
"http://www.wikidata.org/entity/Q16026654",,"1911",
"http://www.wikidata.org/entity/Q17350871",,"1905",
"http://www.wikidata.org/entity/Q938263",,"1951",
"http://www.wikidata.org/entity/Q3480986",,"1978",
"http://www.wikidata.org/entity/Q436173",,"1946",
"http://www.wikidata.org/entity/Q50938755",,"1972",
"http://www.wikidata.org/entity/Q2829994",,"1926",
"http://www.wikidata.org/entity/Q3288374",,"1904",
"http://www.wikidata.org/entity/Q112651552",,"1993",
"http://www.wikidata.org/entity/Q3103191",,"1926",
"http://www.wikidata.org/entity/Q112652886",,"1977",
"http://www.wikidata.org/entity/Q3083854",,"1945",
"http://www.wikidata.org/entity/Q3175651",,"1922",
"http://www.wikidata.org/entity/Q65592000",,"1960",
"http://www.wikidata.org/entity/Q30389178",,"1951",
"http://www.wikidata.org/entity/Q3174326",,"1925",
"http://www.wikidata.org/entity/Q17350883",,"1914",
"http://www.wikidata.org/entity/Q17350886",,"1979",
"http://www.wikidata.org/entity/Q98246172",,"1968",
"http://www.wikidata.org/entity/Q112637266",,"1980",
"http://www.wikidata.org/entity/Q3439077",,"1929",
"http://www.wikidata.org/entity/Q3440066",,"1953",
"http://www.wikidata.org/entity/Q3014427",,"1951",
"http://www.wikidata.org/entity/Q3050956",,"1943",
"http://www.wikidata.org/entity/Q3166710",,"1951",
"http://www.wikidata.org/entity/Q30335340",,"1980",
"http://www.wikidata.org/entity/Q112894322",,"1975",
"http://www.wikidata.org/entity/Q127413477",,"1984",
"http://www.wikidata.org/entity/Q112628313",,"1962",
"http://www.wikidata.org/entity/Q112652876",,"1988",
"http://www.wikidata.org/entity/Q3130774",,"1907",
"http://www.wikidata.org/entity/Q718225",,"1913",
"http://www.wikidata.org/entity/Q3340664",,"1966",
"http://www.wikidata.org/entity/Q19360765",,"1911",
"http://www.wikidata.org/entity/Q3301062",,"1927",
"http://www.wikidata.org/entity/Q62887880",,"1962",
"http://www.wikidata.org/entity/Q112633721",,"1987",
"http://www.wikidata.org/entity/Q112249169",,"1990",
"http://www.wikidata.org/entity/Q3158273",,"1931",
"http://www.wikidata.org/entity/Q33026911",,"1973",
"http://www.wikidata.org/entity/Q3090165",,"1969",
"http://www.wikidata.org/entity/Q1862692",,"1954",
"http://www.wikidata.org/entity/Q3291958",,"1936",
"http://www.wikidata.org/entity/Q3172567",,"1928",
"http://www.wikidata.org/entity/Q3090161",,"1949",
"http://www.wikidata.org/entity/Q3086906",,"1920",
"http://www.wikidata.org/entity/Q3083878",,"1940",
"http://www.wikidata.org/entity/Q256998",,"1912",
"http://www.wikidata.org/entity/Q19360792",,"1922",
"http://www.wikidata.org/entity/Q19360798",,"1897",
"http://www.wikidata.org/entity/Q99670641",,"1985",
"http://www.wikidata.org/entity/Q19360796",,"1894",
"http://www.wikidata.org/entity/Q30349937",,"1975",
"http://www.wikidata.org/entity/Q16645502",,"1943",
"http://www.wikidata.org/entity/Q17175712",,"1927",
"http://www.wikidata.org/entity/Q3372244",,"1920",
"http://www.wikidata.org/entity/Q3439028",,"1923",
"http://www.wikidata.org/entity/Q112652813",,"1960",
"http://www.wikidata.org/entity/Q63349008",,"1987",
"http://www.wikidata.org/entity/Q16525715",,"1929",
"http://www.wikidata.org/entity/Q30453472",,"1979",
"http://www.wikidata.org/entity/Q3123610",,"1982",
"http://www.wikidata.org/entity/Q19360784",,"1905",
"http://www.wikidata.org/entity/Q29634279",,"1977",
"http://www.wikidata.org/entity/Q3386887",,"1907",
"http://www.wikidata.org/entity/Q65606314",,"1968",
"http://www.wikidata.org/entity/Q16642462",,"1966",
"http://www.wikidata.org/entity/Q19360786",,"1901",
"http://www.wikidata.org/entity/Q61861497",,"1968",
"http://www.wikidata.org/entity/Q442810",,"1953",
"http://www.wikidata.org/entity/Q3164967",,"1966",
"http://www.wikidata.org/entity/Q3158299",,"1936",
"http://www.wikidata.org/entity/Q3164968",,"1935",
"http://www.wikidata.org/entity/Q30496556",,"1990",
"http://www.wikidata.org/entity/Q3158295",,"1939",
"http://www.wikidata.org/entity/Q112633707",,"1986",
"http://www.wikidata.org/entity/Q30103202",,"1974",
"http://www.wikidata.org/entity/Q3385565",,"1918",
"http://www.wikidata.org/entity/Q3384232",,"1921",
"http://www.wikidata.org/entity/Q3439036",,"1928",
"http://www.wikidata.org/entity/Q2363445",,"1945",
"http://www.wikidata.org/entity/Q3385561",,"1928",
"http://www.wikidata.org/entity/Q2958651",,"1920",
"http://www.wikidata.org/entity/Q3164979",,"1947",
"http://www.wikidata.org/entity/Q126532220",,"1987",
"http://www.wikidata.org/entity/Q30337966",,"1981",
"http://www.wikidata.org/entity/Q691457",,"1920",
"http://www.wikidata.org/entity/Q63610735",,"1962",
"http://www.wikidata.org/entity/Q3560729",,"1979",
"http://www.wikidata.org/entity/Q2848256",,"1926",
"http://www.wikidata.org/entity/Q3384241",,"1957",
"http://www.wikidata.org/entity/Q929334",,"1925",
"http://www.wikidata.org/entity/Q30390218",,"1964",
"http://www.wikidata.org/entity/Q126810747",,"2000",
"http://www.wikidata.org/entity/Q3164904",,"1944",
"http://www.wikidata.org/entity/Q65595138",,"1976",
"http://www.wikidata.org/entity/Q62887837",,"1987",
"http://www.wikidata.org/entity/Q3173856",,"1910",
"http://www.wikidata.org/entity/Q120798609",,"1976",
"http://www.wikidata.org/entity/Q112641269",,"1957",
"http://www.wikidata.org/entity/Q3167184",,"1957",
"http://www.wikidata.org/entity/Q63764754",,"1980",
"http://www.wikidata.org/entity/Q3368900",,"1952",
"http://www.wikidata.org/entity/Q3309775",,"1933",
"http://www.wikidata.org/entity/Q3368901",,"1960",
"http://www.wikidata.org/entity/Q16235254",,"1906",
"http://www.wikidata.org/entity/Q3310764",,"1948",
"http://www.wikidata.org/entity/Q2978384",,"1949",
"http://www.wikidata.org/entity/Q2844632",,"1905",
"http://www.wikidata.org/entity/Q3159571",,"1907",
"http://www.wikidata.org/entity/Q3023417",,"1960",
"http://www.wikidata.org/entity/Q2980693",,"1943",
"http://www.wikidata.org/entity/Q3171209",,"1913",
"http://www.wikidata.org/entity/Q3171203",,"1920",
"http://www.wikidata.org/entity/Q3587715",,"1959",
"http://www.wikidata.org/entity/Q30380891",,"1962",
"http://www.wikidata.org/entity/Q962891",,"1940",
"http://www.wikidata.org/entity/Q6950047",,"1898",
"http://www.wikidata.org/entity/Q28496177",,"1972",
"http://www.wikidata.org/entity/Q29210910",,"1977",
"http://www.wikidata.org/entity/Q3271583",,"1903",
"http://www.wikidata.org/entity/Q3310755",,"1953",
"http://www.wikidata.org/entity/Q3384143",,"1915",
"http://www.wikidata.org/entity/Q3424887",,"1954",
"http://www.wikidata.org/entity/Q30392870",,"1968",
"http://www.wikidata.org/entity/Q63763416",,"1965",
"http://www.wikidata.org/entity/Q16662880",,"1926",
"http://www.wikidata.org/entity/Q19358505",,"1914",
"http://www.wikidata.org/entity/Q3159586",,"1951",
"http://www.wikidata.org/entity/Q30493489",,"1957",
"http://www.wikidata.org/entity/Q3164927",,"1942",
"http://www.wikidata.org/entity/Q19358501",,"1891",
"http://www.wikidata.org/entity/Q18744975",,"1922",
"http://www.wikidata.org/entity/Q2830013",,"1948",
"http://www.wikidata.org/entity/Q2831345",,"1910",
"http://www.wikidata.org/entity/Q2965787",,"1938",
"http://www.wikidata.org/entity/Q3385486",,"1936",
"http://www.wikidata.org/entity/Q2831346",,"1943",
"http://www.wikidata.org/entity/Q2965789",,"1924",
"http://www.wikidata.org/entity/Q113212567",,"1968",
"http://www.wikidata.org/entity/Q2830019",,"1964",
"http://www.wikidata.org/entity/Q17350800",,"1927",
"http://www.wikidata.org/entity/Q3384154",,"1942",
"http://www.wikidata.org/entity/Q3385484",,"1892",
"http://www.wikidata.org/entity/Q3164934",,"1939",
"http://www.wikidata.org/entity/Q123369490",,"1957",
"http://www.wikidata.org/entity/Q19358511",,"1910",
"http://www.wikidata.org/entity/Q15973704",,"1911",
"http://www.wikidata.org/entity/Q19358512",,"1913",
"http://www.wikidata.org/entity/Q19358514",,"1901",
"http://www.wikidata.org/entity/Q2395973",,"1945",
"http://www.wikidata.org/entity/Q112574053",,"1989",
"http://www.wikidata.org/entity/Q3501550",,"1964",
"http://www.wikidata.org/entity/Q3171228",,"1927",
"http://www.wikidata.org/entity/Q2395969",,"1950",
"http://www.wikidata.org/entity/Q2856638",,"1951",
"http://www.wikidata.org/entity/Q3426608",,"1934",
"http://www.wikidata.org/entity/Q3290711",,"1956",
"http://www.wikidata.org/entity/Q3385491",,"1945",
"http://www.wikidata.org/entity/Q30343005",,"1982",
"http://www.wikidata.org/entity/Q3164943",,"1925",
"http://www.wikidata.org/entity/Q18744955",,"1962",
"http://www.wikidata.org/entity/Q2695709",,"1906",
"http://www.wikidata.org/entity/Q2848183",,"1935",
"http://www.wikidata.org/entity/Q2977010",,"1941",
"http://www.wikidata.org/entity/Q3573996",,"1944",
"http://www.wikidata.org/entity/Q3384174",,"1933",
"http://www.wikidata.org/entity/Q30334953",,"1972",
"http://www.wikidata.org/entity/Q2898458",,"1950",
"http://www.wikidata.org/entity/Q2898459",,"1926",
"http://www.wikidata.org/entity/Q3168485",,"1944",
"http://www.wikidata.org/entity/Q17350838",,"1940",
"http://www.wikidata.org/entity/Q30342575",,"1980",
"http://www.wikidata.org/entity/Q47168993",,"1988",
"http://www.wikidata.org/entity/Q662153",,"1946",
"http://www.wikidata.org/entity/Q2978334",,"1953",
"http://www.wikidata.org/entity/Q3034968",,"1959",
"http://www.wikidata.org/entity/Q18744937",,"1925",
"http://www.wikidata.org/entity/Q3159545",,"1941",
"http://www.wikidata.org/entity/Q559040",,"1947",
"http://www.wikidata.org/entity/Q3159548",,"1927",
"http://www.wikidata.org/entity/Q1238345",,"1959",
"http://www.wikidata.org/entity/Q3193433",,"1969",
"http://www.wikidata.org/entity/Q30456455",,"1956",
"http://www.wikidata.org/entity/Q57394742",,"1965",
"http://www.wikidata.org/entity/Q3090213",,"1965",
"http://www.wikidata.org/entity/Q30344304",,"1987",
"http://www.wikidata.org/entity/Q17350843",,"1910",
"http://www.wikidata.org/entity/Q2977033",,"1952",
"http://www.wikidata.org/entity/Q3018028",,"1961",
"http://www.wikidata.org/entity/Q16638342",,"1897",
"http://www.wikidata.org/entity/Q3159555",,"1921",
"http://www.wikidata.org/entity/Q30334974",,"1964",
"http://www.wikidata.org/entity/Q3158226",,"1924",
"http://www.wikidata.org/entity/Q17350852",,"1915",
"http://www.wikidata.org/entity/Q18744930",,"1926",
"http://www.wikidata.org/entity/Q2977020",,"1946",
"http://www.wikidata.org/entity/Q3012732",,"1951",
"http://www.wikidata.org/entity/Q62077414",,"1957",
"http://www.wikidata.org/entity/Q3426671",,"1912",
"http://www.wikidata.org/entity/Q2689070",,"1941",
"http://www.wikidata.org/entity/Q2847739",,"1928",
"http://www.wikidata.org/entity/Q737311",,"1962",
"http://www.wikidata.org/entity/Q2689072",,"1946",
"http://www.wikidata.org/entity/Q3265736",,"1922",
"http://www.wikidata.org/entity/Q17155333",,"1950",
"http://www.wikidata.org/entity/Q8308466",,"1937",
"http://www.wikidata.org/entity/Q3105719",,"1924",
"http://www.wikidata.org/entity/Q2920819",,"1979",
"http://www.wikidata.org/entity/Q30379800",,"1980",
"http://www.wikidata.org/entity/Q120763970",,"1968",
"http://www.wikidata.org/entity/Q2965727",,"1920",
"http://www.wikidata.org/entity/Q3367654",,"1971",
"http://www.wikidata.org/entity/Q30337196",,"1967",
"http://www.wikidata.org/entity/Q3168439",,"1912",
"http://www.wikidata.org/entity/Q3479191",,"1944",
"http://www.wikidata.org/entity/Q30337193",,"1982",
"http://www.wikidata.org/entity/Q30342547",,"1983",
"http://www.wikidata.org/entity/Q28964087",,"1979",
"http://www.wikidata.org/entity/Q3300553",,"1926",
"http://www.wikidata.org/entity/Q32979246",,"1973",
"http://www.wikidata.org/entity/Q3179100",,"1962",
"http://www.wikidata.org/entity/Q2689081",,"1960",
"http://www.wikidata.org/entity/Q2982476",,"1958",
"http://www.wikidata.org/entity/Q3439985",,"1921",
"http://www.wikidata.org/entity/Q3439983",,"1943",
"http://www.wikidata.org/entity/Q2689088",,"1967",
"http://www.wikidata.org/entity/Q3170754",,"1916",
"http://www.wikidata.org/entity/Q57394735",,"1965",
"http://www.wikidata.org/entity/Q30349168",,"1967",
"http://www.wikidata.org/entity/Q16027189",,"1918",
"http://www.wikidata.org/entity/Q2920825",,"1975",
"http://www.wikidata.org/entity/Q3170762",,"1938",
"http://www.wikidata.org/entity/Q23384045",,"1966",
"http://www.wikidata.org/entity/Q30342530",,"1984",
"http://www.wikidata.org/entity/Q97704921",,"1978",
"http://www.wikidata.org/entity/Q97704924",,"1971",
"http://www.wikidata.org/entity/Q3168448",,"1947",
"http://www.wikidata.org/entity/Q3169778",,"1947",
"http://www.wikidata.org/entity/Q57394737",,"1967",
"http://www.wikidata.org/entity/Q16027184",,"1909",
"http://www.wikidata.org/entity/Q57394738",,"1961",
"http://www.wikidata.org/entity/Q2847758",,"1946",
"http://www.wikidata.org/entity/Q3439997",,"1947",
"http://www.wikidata.org/entity/Q2830094",,"1942",
"http://www.wikidata.org/entity/Q3287966",,"1950",
"http://www.wikidata.org/entity/Q3430701",,"1949",
"http://www.wikidata.org/entity/Q126595850",,"1992",
"http://www.wikidata.org/entity/Q1887194",,"1956",
"http://www.wikidata.org/entity/Q30386100",,"1958",
"http://www.wikidata.org/entity/Q28914642",,"1983",
"http://www.wikidata.org/entity/Q16027153",,"1917",
"http://www.wikidata.org/entity/Q3122257",,"1922",
"http://www.wikidata.org/entity/Q3169783",,"1957",
"http://www.wikidata.org/entity/Q2854040",,"1901",
"http://www.wikidata.org/entity/Q15973787",,"1924",
"http://www.wikidata.org/entity/Q3367676",,"1961",
"http://www.wikidata.org/entity/Q2277941",,"1954",
"http://www.wikidata.org/entity/Q3387266",,"1912",
"http://www.wikidata.org/entity/Q920188",,"1948",
"http://www.wikidata.org/entity/Q3168457",,"1932",
"http://www.wikidata.org/entity/Q3083060",,"1954",
"http://www.wikidata.org/entity/Q3300532",,"1914",
"http://www.wikidata.org/entity/Q3159512",,"1942",
"http://www.wikidata.org/entity/Q3262692",,"1931",
"http://www.wikidata.org/entity/Q3131183",,"1909",
"http://www.wikidata.org/entity/Q1324990",,"1942",
"http://www.wikidata.org/entity/Q1441627",,"1908",
"http://www.wikidata.org/entity/Q2830086",,"1949",
"http://www.wikidata.org/entity/Q2982494",,"1939",
"http://www.wikidata.org/entity/Q2830085",,"1946",
"http://www.wikidata.org/entity/Q3262695",,"1912",
"http://www.wikidata.org/entity/Q3476900",,"1972",
"http://www.wikidata.org/entity/Q63766507",,"1969",
"http://www.wikidata.org/entity/Q2854054",,"1963",
"http://www.wikidata.org/entity/Q2830088",,"1946",
"http://www.wikidata.org/entity/Q2834446",,"1973",
"http://www.wikidata.org/entity/Q2960021",,"1941",
"http://www.wikidata.org/entity/Q3167130",,"1953",
"http://www.wikidata.org/entity/Q3102659",,"1943",
"http://www.wikidata.org/entity/Q3387279",,"1954",
"http://www.wikidata.org/entity/Q3479182",,"1947",
"http://www.wikidata.org/entity/Q980660",,"1964",
"http://www.wikidata.org/entity/Q3368994",,"1947",
"http://www.wikidata.org/entity/Q127271810",,"2000",
"http://www.wikidata.org/entity/Q29561662",,"1942",
"http://www.wikidata.org/entity/Q3168469",,"1958",
"http://www.wikidata.org/entity/Q3157741",,"1943",
"http://www.wikidata.org/entity/Q16261515",,"1920",
"http://www.wikidata.org/entity/Q3438605",,"1943",
"http://www.wikidata.org/entity/Q16262849",,"1923",
"http://www.wikidata.org/entity/Q15973713",,"1920",
"http://www.wikidata.org/entity/Q3157749",,"1948",
"http://www.wikidata.org/entity/Q30349130",,"1957",
"http://www.wikidata.org/entity/Q3131134",,"1905",
"http://www.wikidata.org/entity/Q65592981",,"1961",
"http://www.wikidata.org/entity/Q3157745",,"1957",
"http://www.wikidata.org/entity/Q16262842",,"1923",
"http://www.wikidata.org/entity/Q3124019",,"1945",
"http://www.wikidata.org/entity/Q322924",,"1960",
"http://www.wikidata.org/entity/Q3189355",,"1980",
"http://www.wikidata.org/entity/Q8341063",,"1931",
"http://www.wikidata.org/entity/Q3341045",,"1936",
"http://www.wikidata.org/entity/Q3169726",,"1938",
"http://www.wikidata.org/entity/Q16269481",,"1957",
"http://www.wikidata.org/entity/Q3124014",,"1923",
"http://www.wikidata.org/entity/Q3426636",,"1905",
"http://www.wikidata.org/entity/Q29193047",,"1957",
"http://www.wikidata.org/entity/Q2414678",,"1956",
"http://www.wikidata.org/entity/Q30388733",,"1969",
"http://www.wikidata.org/entity/Q97164708",,"1960",
"http://www.wikidata.org/entity/Q2847702",,"1926",
"http://www.wikidata.org/entity/Q3170717",,"1912",
"http://www.wikidata.org/entity/Q112653224",,"1972",
"http://www.wikidata.org/entity/Q228977",,"1950",
"http://www.wikidata.org/entity/Q560890",,"1963",
"http://www.wikidata.org/entity/Q112893812",,"1985",
"http://www.wikidata.org/entity/Q2856652",,"1904",
"http://www.wikidata.org/entity/Q713316",,"1931",
"http://www.wikidata.org/entity/Q30349124",,"1968",
"http://www.wikidata.org/entity/Q2960087",,"1919",
"http://www.wikidata.org/entity/Q3371703",,"1927",
"http://www.wikidata.org/entity/Q2368327",,"1945",
"http://www.wikidata.org/entity/Q2844670",,"1926",
"http://www.wikidata.org/entity/Q3132482",,"1949",
"http://www.wikidata.org/entity/Q3157761",,"1949",
"http://www.wikidata.org/entity/Q3380665",,"1962",
"http://www.wikidata.org/entity/Q3439951",,"1949",
"http://www.wikidata.org/entity/Q2831380",,"1918",
"http://www.wikidata.org/entity/Q30334900",,"1961",
"http://www.wikidata.org/entity/Q3439957",,"1944",
"http://www.wikidata.org/entity/Q2854004",,"1914",
"http://www.wikidata.org/entity/Q3170722",,"1927",
"http://www.wikidata.org/entity/Q3168410",,"1949",
"http://www.wikidata.org/entity/Q99676887",,"1979",
"http://www.wikidata.org/entity/Q2830059",,"1937",
"http://www.wikidata.org/entity/Q3341021",,"1936",
"http://www.wikidata.org/entity/Q3295540",,"1936",
"http://www.wikidata.org/entity/Q3383700",,"1937",
"http://www.wikidata.org/entity/Q2959067",,"1933",
"http://www.wikidata.org/entity/Q30337171",,"1993",
"http://www.wikidata.org/entity/Q2844684",,"1890",
"http://www.wikidata.org/entity/Q3101372",,"1958",
"http://www.wikidata.org/entity/Q3169743",,"1938",
"http://www.wikidata.org/entity/Q3052795",,"1973",
"http://www.wikidata.org/entity/Q30342506",,"1984",
"http://www.wikidata.org/entity/Q3379696",,"1944",
"http://www.wikidata.org/entity/Q3379695",,"1919",
"http://www.wikidata.org/entity/Q3439968",,"1904",
"http://www.wikidata.org/entity/Q2831376",,"1939",
"http://www.wikidata.org/entity/Q3083097",,"1924",
"http://www.wikidata.org/entity/Q3169756",,"1942",
"http://www.wikidata.org/entity/Q3124001",,"1943",
"http://www.wikidata.org/entity/Q3169755",,"1937",
"http://www.wikidata.org/entity/Q545467",,"1946",
"http://www.wikidata.org/entity/Q19629712",,"1929",
"http://www.wikidata.org/entity/Q3371862",,"1925",
"http://www.wikidata.org/entity/Q19629715",,"1923",
"http://www.wikidata.org/entity/Q113376041",,"1962",
"http://www.wikidata.org/entity/Q3309098",,"1955",
"http://www.wikidata.org/entity/Q3166655",,"1957",
"http://www.wikidata.org/entity/Q3371854",,"1962",
"http://www.wikidata.org/entity/Q2277769",,"1969",
"http://www.wikidata.org/entity/Q10620526",,"1964",
"http://www.wikidata.org/entity/Q19629722",,"1919",
"http://www.wikidata.org/entity/Q3264490",,"1929",
"http://www.wikidata.org/entity/Q761795",,"1943",
"http://www.wikidata.org/entity/Q3154689",,"1926",
"http://www.wikidata.org/entity/Q28495630",,"1982",
"http://www.wikidata.org/entity/Q3167990",,"1954",
"http://www.wikidata.org/entity/Q8312672",,"1909",
"http://www.wikidata.org/entity/Q3292560",,"1976",
"http://www.wikidata.org/entity/Q3369543",,"1948",
"http://www.wikidata.org/entity/Q3090",,"1945",
"http://www.wikidata.org/entity/Q3570832",,"1940",
"http://www.wikidata.org/entity/Q7126976",,"1902",
"http://www.wikidata.org/entity/Q17497052",,"1916",
"http://www.wikidata.org/entity/Q3350961",,"1951",
"http://www.wikidata.org/entity/Q2849418",,"1915",
"http://www.wikidata.org/entity/Q30337015",,"1984",
"http://www.wikidata.org/entity/Q30385534",,"1966",
"http://www.wikidata.org/entity/Q112654787",,"1972",
"http://www.wikidata.org/entity/Q3370553",,"1908",
"http://www.wikidata.org/entity/Q3157725",,"1947",
"http://www.wikidata.org/entity/Q30377920",,"1954",
"http://www.wikidata.org/entity/Q2277782",,"1962",
"http://www.wikidata.org/entity/Q3157718",,"1939",
"http://www.wikidata.org/entity/Q3350955",,"1954",
"http://www.wikidata.org/entity/Q112654771",,"1985",
"http://www.wikidata.org/entity/Q2396260",,"1937",
"http://www.wikidata.org/entity/Q62606907",,"1975",
"http://www.wikidata.org/entity/Q41075996",,"1974",
"http://www.wikidata.org/entity/Q112639975",,"1952",
"http://www.wikidata.org/entity/Q3014392",,"1955",
"http://www.wikidata.org/entity/Q965109",,"1948",
"http://www.wikidata.org/entity/Q2422277",,"1944",
"http://www.wikidata.org/entity/Q3310053",,"1921",
"http://www.wikidata.org/entity/Q3370559",,"1915",
"http://www.wikidata.org/entity/Q713296",,"1952",
"http://www.wikidata.org/entity/Q3292586",,"1919",
"http://www.wikidata.org/entity/Q2958585",,"1908",
"http://www.wikidata.org/entity/Q112650360",,"1983",
"http://www.wikidata.org/entity/Q112650362",,"1990",
"http://www.wikidata.org/entity/Q3350983",,"1961",
"http://www.wikidata.org/entity/Q112650363",,"1983",
"http://www.wikidata.org/entity/Q65594765",,"1960",
"http://www.wikidata.org/entity/Q2274693",,"1895",
"http://www.wikidata.org/entity/Q3085538",,"1939",
"http://www.wikidata.org/entity/Q461283",,"1901",
"http://www.wikidata.org/entity/Q98239187",,"1969",
"http://www.wikidata.org/entity/Q2386047",,"1946",
"http://www.wikidata.org/entity/Q3309057",,"1922",
"http://www.wikidata.org/entity/Q16645462",,"1906",
"http://www.wikidata.org/entity/Q2959006",,"1911",
"http://www.wikidata.org/entity/Q65605995",,"1973",
"http://www.wikidata.org/entity/Q3426479",,"1915",
"http://www.wikidata.org/entity/Q63766698",,"1987",
"http://www.wikidata.org/entity/Q3383888",,"1925",
"http://www.wikidata.org/entity/Q30341918",,"1988",
"http://www.wikidata.org/entity/Q3426463",,"1915",
"http://www.wikidata.org/entity/Q30496487",,"1989",
"http://www.wikidata.org/entity/Q3085525",,"1943",
"http://www.wikidata.org/entity/Q3130674",,"1946",
"http://www.wikidata.org/entity/Q3035270",,"1950",
"http://www.wikidata.org/entity/Q3035273",,"1958",
"http://www.wikidata.org/entity/Q3085532",,"1914",
"http://www.wikidata.org/entity/Q334065",,"1973",
"http://www.wikidata.org/entity/Q3386921",,"1920",
"http://www.wikidata.org/entity/Q3035279",,"1956",
"http://www.wikidata.org/entity/Q16645454",,"1949",
"http://www.wikidata.org/entity/Q3383897",,"1916",
"http://www.wikidata.org/entity/Q3166626",,"1925",
"http://www.wikidata.org/entity/Q62077510",,"1971",
"http://www.wikidata.org/entity/Q16262906",,"1925",
"http://www.wikidata.org/entity/Q16262905",,"1925",
"http://www.wikidata.org/entity/Q3089918",,"1924",
"http://www.wikidata.org/entity/Q107127761",,"1967",
"http://www.wikidata.org/entity/Q3166631",,"1938",
"http://www.wikidata.org/entity/Q3167962",,"1946",
"http://www.wikidata.org/entity/Q3167963",,"1948",
"http://www.wikidata.org/entity/Q3309030",,"1942",
"http://www.wikidata.org/entity/Q127385663",,"1990",
"http://www.wikidata.org/entity/Q3372300",,"1909",
"http://www.wikidata.org/entity/Q3570803",,"1898",
"http://www.wikidata.org/entity/Q522753",,"1970",
"http://www.wikidata.org/entity/Q3219028",,"1965",
"http://www.wikidata.org/entity/Q30386813",,"1978",
"http://www.wikidata.org/entity/Q19359009",,"1906",
"http://www.wikidata.org/entity/Q3386937",,"1921",
"http://www.wikidata.org/entity/Q3154666",,"1938",
"http://www.wikidata.org/entity/Q3130693",,"1913",
"http://www.wikidata.org/entity/Q30348579",,"1971",
"http://www.wikidata.org/entity/Q8310030",,"1929",
"http://www.wikidata.org/entity/Q112642707",,"1972",
"http://www.wikidata.org/entity/Q15974205",,"1928",
"http://www.wikidata.org/entity/Q19359013",,"1911",
"http://www.wikidata.org/entity/Q19359016",,"1899",
"http://www.wikidata.org/entity/Q16645436",,"1921",
"http://www.wikidata.org/entity/Q3105685",,"1921",
"http://www.wikidata.org/entity/Q3310914",,"1946",
"http://www.wikidata.org/entity/Q281081",,"1951",
"http://www.wikidata.org/entity/Q3559584",,"1962",
"http://www.wikidata.org/entity/Q63764906",,"1961",
"http://www.wikidata.org/entity/Q3158199",,"1953",
"http://www.wikidata.org/entity/Q3434965",,"1955",
"http://www.wikidata.org/entity/Q3130640",,"1927",
"http://www.wikidata.org/entity/Q3309935",,"1960",
"http://www.wikidata.org/entity/Q3121742",,"1920",
"http://www.wikidata.org/entity/Q2966137",,"1960",
"http://www.wikidata.org/entity/Q16266452",,"1933",
"http://www.wikidata.org/entity/Q17350742",,"1914",
"http://www.wikidata.org/entity/Q2829881",,"1922",
"http://www.wikidata.org/entity/Q30389070",,"1963",
"http://www.wikidata.org/entity/Q3130637",,"1926",
"http://www.wikidata.org/entity/Q30348526",,"1972",
"http://www.wikidata.org/entity/Q389141",,"1950",
"http://www.wikidata.org/entity/Q63371021",,"1943",
"http://www.wikidata.org/entity/Q3310921",,"1930",
"http://www.wikidata.org/entity/Q2980738",,"1973",
"http://www.wikidata.org/entity/Q81923",,"1953",
"http://www.wikidata.org/entity/Q3164877",,"1947",
"http://www.wikidata.org/entity/Q2848149",,"1935",
"http://www.wikidata.org/entity/Q3103080",,"1934",
"http://www.wikidata.org/entity/Q23001641",,"1954",
"http://www.wikidata.org/entity/Q112651641",,"1971",
"http://www.wikidata.org/entity/Q63275",,"1947",
"http://www.wikidata.org/entity/Q3121753",,"1942",
"http://www.wikidata.org/entity/Q17350751",,"1921",
"http://www.wikidata.org/entity/Q3281828",,"1964",
"http://www.wikidata.org/entity/Q3035239",,"1954",
"http://www.wikidata.org/entity/Q3573942",,"1950",
"http://www.wikidata.org/entity/Q1394045",,"1959",
"http://www.wikidata.org/entity/Q3573945",,"1940",
"http://www.wikidata.org/entity/Q19629774",,"1898",
"http://www.wikidata.org/entity/Q19629775",,"1909",
"http://www.wikidata.org/entity/Q3372333",,"1902",
"http://www.wikidata.org/entity/Q30337897",,"1993",
"http://www.wikidata.org/entity/Q930418",,"1945",
"http://www.wikidata.org/entity/Q2412867",,"1930",
"http://www.wikidata.org/entity/Q30349870",,"1958",
"http://www.wikidata.org/entity/Q3121724",,"1947",
"http://www.wikidata.org/entity/Q2848163",,"1947",
"http://www.wikidata.org/entity/Q113015802",,"1968",
"http://www.wikidata.org/entity/Q3164895",,"1942",
"http://www.wikidata.org/entity/Q112641406",,"1982",
"http://www.wikidata.org/entity/Q3014302",,"1939",
"http://www.wikidata.org/entity/Q3573977",,"1937",
"http://www.wikidata.org/entity/Q11984909",,"1929",
"http://www.wikidata.org/entity/Q3187503",,"1948",
"http://www.wikidata.org/entity/Q2926942",,"1960",
"http://www.wikidata.org/entity/Q2966121",,"1969",
"http://www.wikidata.org/entity/Q3130651",,"1926",
"http://www.wikidata.org/entity/Q112637395",,"1979",
"http://www.wikidata.org/entity/Q30349862",,"1980",
"http://www.wikidata.org/entity/Q3386983",,"1926",
"http://www.wikidata.org/entity/Q3121735",,"1909",
"http://www.wikidata.org/entity/Q3385657",,"1930",
"http://www.wikidata.org/entity/Q2959830",,"1938",
"http://www.wikidata.org/entity/Q3573961",,"1921",
"http://www.wikidata.org/entity/Q2829899",,"1940",
"http://www.wikidata.org/entity/Q30390033",,"1962",
"http://www.wikidata.org/entity/Q1281946",,"1967",
"http://www.wikidata.org/entity/Q97704794",,"1977",
"http://www.wikidata.org/entity/Q3159489",,"1922",
"http://www.wikidata.org/entity/Q21013136",,"1972",
"http://www.wikidata.org/entity/Q3164828",,"1939",
"http://www.wikidata.org/entity/Q126364255",,"1968",
"http://www.wikidata.org/entity/Q3171116",,"1909",
"http://www.wikidata.org/entity/Q30337836",,"1970",
"http://www.wikidata.org/entity/Q96176039",,"1987",
"http://www.wikidata.org/entity/Q126949238",,"1996",
"http://www.wikidata.org/entity/Q3013872",,"1930",
"http://www.wikidata.org/entity/Q3384335",,"1946",
"http://www.wikidata.org/entity/Q63371061",,"1966",
"http://www.wikidata.org/entity/Q8339787",,"1939",
"http://www.wikidata.org/entity/Q3106167",,"1952",
"http://www.wikidata.org/entity/Q97704796",,"1966",
"http://www.wikidata.org/entity/Q17350788",,"1924",
"http://www.wikidata.org/entity/Q3164832",,"1936",
"http://www.wikidata.org/entity/Q30334791",,"1955",
"http://www.wikidata.org/entity/Q3164834",,"1944",
"http://www.wikidata.org/entity/Q3159495",,"1921",
"http://www.wikidata.org/entity/Q30391338",,"1968",
"http://www.wikidata.org/entity/Q22687837",,"1968",
"http://www.wikidata.org/entity/Q822671",,"1953",
"http://www.wikidata.org/entity/Q15784606",,"1910",
"http://www.wikidata.org/entity/Q19629761",,"1925",
"http://www.wikidata.org/entity/Q98236068",,"1983",
"http://www.wikidata.org/entity/Q19629762",,"1914",
"http://www.wikidata.org/entity/Q17350796",,"1909",
"http://www.wikidata.org/entity/Q17350797",,"1907",
"http://www.wikidata.org/entity/Q937091",,"1946",
"http://www.wikidata.org/entity/Q1394083",,"1942",
"http://www.wikidata.org/entity/Q3121792",,"1906",
"http://www.wikidata.org/entity/Q537864",,"1920",
"http://www.wikidata.org/entity/Q3588175",,"1971",
"http://www.wikidata.org/entity/Q1674061",,"1956",
"http://www.wikidata.org/entity/Q3158176",,"1943",
"http://www.wikidata.org/entity/Q3288458",,"1946",
"http://www.wikidata.org/entity/Q3172477",,"1916",
"http://www.wikidata.org/entity/Q637002",,"1959",
"http://www.wikidata.org/entity/Q15869276",,"1969",
"http://www.wikidata.org/entity/Q63371085",,"1985",
"http://www.wikidata.org/entity/Q3106149",,"1948",
"http://www.wikidata.org/entity/Q3164851",,"1935",
"http://www.wikidata.org/entity/Q798242",,"1941",
"http://www.wikidata.org/entity/Q2388603",,"1977",
"http://www.wikidata.org/entity/Q112641449",,"1967",
"http://www.wikidata.org/entity/Q127256910",,"1968",
"http://www.wikidata.org/entity/Q28653600",,"1978",
"http://www.wikidata.org/entity/Q3573932",,"1931",
"http://www.wikidata.org/entity/Q3164854",,"1957",
"http://www.wikidata.org/entity/Q3106130",,"1960",
"http://www.wikidata.org/entity/Q2871357",,"1946",
"http://www.wikidata.org/entity/Q2897988",,"1933",
"http://www.wikidata.org/entity/Q3164858",,"1943",
"http://www.wikidata.org/entity/Q3351443",,"1918",
"http://www.wikidata.org/entity/Q3301142",,"1930",
"http://www.wikidata.org/entity/Q98236043",,"1962",
"http://www.wikidata.org/entity/Q3083773",,"1930",
"http://www.wikidata.org/entity/Q3560609",,"1889",
"http://www.wikidata.org/entity/Q112639136",,"1971",
"http://www.wikidata.org/entity/Q15974280",,"1926",
"http://www.wikidata.org/entity/Q2848130",,"1933",
"http://www.wikidata.org/entity/Q2829853",,"1950",
"http://www.wikidata.org/entity/Q22687825",,"1947",
"http://www.wikidata.org/entity/Q126373195",,"1992",
"http://www.wikidata.org/entity/Q3384360",,"1923",
"http://www.wikidata.org/entity/Q3435412",,"1912",
"http://www.wikidata.org/entity/Q19360914",,"1895",
"http://www.wikidata.org/entity/Q19360919",,"1903",
"http://www.wikidata.org/entity/Q3592178",,"1935",
"http://www.wikidata.org/entity/Q2898366",,"1946",
"http://www.wikidata.org/entity/Q787494",,"1945",
"http://www.wikidata.org/entity/Q62887718",,"1969",
"http://www.wikidata.org/entity/Q3309891",,"1967",
"http://www.wikidata.org/entity/Q2310095",,"1960",
"http://www.wikidata.org/entity/Q3168396",,"1957",
"http://www.wikidata.org/entity/Q2831206",,"1884",
"http://www.wikidata.org/entity/Q215569",,"1945",
"http://www.wikidata.org/entity/Q3310886",,"1953",
"http://www.wikidata.org/entity/Q3559620",,"1967",
"http://www.wikidata.org/entity/Q3057538",,"1972",
"http://www.wikidata.org/entity/Q2381218",,"1909",
"http://www.wikidata.org/entity/Q15832782",,"1910",
"http://www.wikidata.org/entity/Q11984989",,"1907",
"http://www.wikidata.org/entity/Q2898379",,"1941",
"http://www.wikidata.org/entity/Q3173754",,"1907",
"http://www.wikidata.org/entity/Q2978491",,"1959",
"http://www.wikidata.org/entity/Q16798475",,"1912",
"http://www.wikidata.org/entity/Q1228890",,"1913",
"http://www.wikidata.org/entity/Q16798479",,"1930",
"http://www.wikidata.org/entity/Q16252795",,"1912",
"http://www.wikidata.org/entity/Q16798459",,"1898",
"http://www.wikidata.org/entity/Q16267838",,"1950",
"http://www.wikidata.org/entity/Q3106061",,"1965",
"http://www.wikidata.org/entity/Q3159469",,"1929",
"http://www.wikidata.org/entity/Q16626222",,"1919",
"http://www.wikidata.org/entity/Q16798461",,"1925",
"http://www.wikidata.org/entity/Q3309872",,"1949",
"http://www.wikidata.org/entity/Q3131902",,"1903",
"http://www.wikidata.org/entity/Q16626229",,"1939",
"http://www.wikidata.org/entity/Q3159460",,"1939",
"http://www.wikidata.org/entity/Q3535653",,"1911",
"http://www.wikidata.org/entity/Q16798466",,"1916",
"http://www.wikidata.org/entity/Q3164813",,"1937",
"http://www.wikidata.org/entity/Q17621305",,"1906",
"http://www.wikidata.org/entity/Q3147481",,"1965",
"http://www.wikidata.org/entity/Q3384288",,"1949",
"http://www.wikidata.org/entity/Q2898351",,"1931",
"http://www.wikidata.org/entity/Q30346873",,"1986",
"http://www.wikidata.org/entity/Q117382674",,"1961",
"http://www.wikidata.org/entity/Q3384284",,"1943",
"http://www.wikidata.org/entity/Q2750200",,"1947",
"http://www.wikidata.org/entity/Q3164821",,"1941",
"http://www.wikidata.org/entity/Q67080238",,"1974",
"http://www.wikidata.org/entity/Q377127",,"1941",
"http://www.wikidata.org/entity/Q2374982",,"1933",
"http://www.wikidata.org/entity/Q3351391",,"1936",
"http://www.wikidata.org/entity/Q3155048",,"1959",
"http://www.wikidata.org/entity/Q2425277",,"1908",
"http://www.wikidata.org/entity/Q3387323",,"1919",
"http://www.wikidata.org/entity/Q3168350",,"1949",
"http://www.wikidata.org/entity/Q3298752",,"1978",
"http://www.wikidata.org/entity/Q17350707",,"1913",
"http://www.wikidata.org/entity/Q3573878",,"1963",
"http://www.wikidata.org/entity/Q3387320",,"1913",
"http://www.wikidata.org/entity/Q1674130",,"1944",
"http://www.wikidata.org/entity/Q16526892",,"1921",
"http://www.wikidata.org/entity/Q3131083",,"1930",
"http://www.wikidata.org/entity/Q16526895",,"1901",
"http://www.wikidata.org/entity/Q3309848",,"1926",
"http://www.wikidata.org/entity/Q30380724",,"1985",
"http://www.wikidata.org/entity/Q3169697",,"1932",
"http://www.wikidata.org/entity/Q23907483",,"1974",
"http://www.wikidata.org/entity/Q3066450",,"1956",
"http://www.wikidata.org/entity/Q3328120",,"1943",
"http://www.wikidata.org/entity/Q17350712",,"1908",
"http://www.wikidata.org/entity/Q2829794",,"1957",
"http://www.wikidata.org/entity/Q3122123",,"1917",
"http://www.wikidata.org/entity/Q2496489",,"1906",
"http://www.wikidata.org/entity/Q16661474",,"1907",
"http://www.wikidata.org/entity/Q2982505",,"1932",
"http://www.wikidata.org/entity/Q3086090",,"1943",
"http://www.wikidata.org/entity/Q3592156",,"1906",
"http://www.wikidata.org/entity/Q3309832",,"1956",
"http://www.wikidata.org/entity/Q1844180",,"1965",
"http://www.wikidata.org/entity/Q2815233",,"1974",
"http://www.wikidata.org/entity/Q3387347",,"1924",
"http://www.wikidata.org/entity/Q17350721",,"1915",
"http://www.wikidata.org/entity/Q98229814",,"1983",
"http://www.wikidata.org/entity/Q3102502",,"1940",
"http://www.wikidata.org/entity/Q3262756",,"1925",
"http://www.wikidata.org/entity/Q3573895",,"1939",
"http://www.wikidata.org/entity/Q30342487",,"1959",
"http://www.wikidata.org/entity/Q3310806",,"1938",
"http://www.wikidata.org/entity/Q977974",,"1934",
"http://www.wikidata.org/entity/Q2483192",,"1954",
"http://www.wikidata.org/entity/Q2898311",,"1940",
"http://www.wikidata.org/entity/Q353164",,"1910",
"http://www.wikidata.org/entity/Q3168380",,"1946",
"http://www.wikidata.org/entity/Q2899644",,"1958",
"http://www.wikidata.org/entity/Q3083802",,"1967",
"http://www.wikidata.org/entity/Q2926907",,"1961",
"http://www.wikidata.org/entity/Q30342475",,"1965",
"http://www.wikidata.org/entity/Q30378425",,"1979",
"http://www.wikidata.org/entity/Q16027082",,"1913",
"http://www.wikidata.org/entity/Q2379796",,"1947",
"http://www.wikidata.org/entity/Q3379749",,"1961",
"http://www.wikidata.org/entity/Q3293018",,"1964",
"http://www.wikidata.org/entity/Q16672977",,"1907",
"http://www.wikidata.org/entity/Q3286733",,"1964",
"http://www.wikidata.org/entity/Q3157667",,"1947",
"http://www.wikidata.org/entity/Q3171951",,"1948",
"http://www.wikidata.org/entity/Q3189272",,"1975",
"http://www.wikidata.org/entity/Q3169640",,"1948",
"http://www.wikidata.org/entity/Q3127848",,"1947",
"http://www.wikidata.org/entity/Q2040280",,"1964",
"http://www.wikidata.org/entity/Q3386035",,"1946",
"http://www.wikidata.org/entity/Q3310009",,"1916",
"http://www.wikidata.org/entity/Q3169645",,"1939",
"http://www.wikidata.org/entity/Q713235",,"1944",
"http://www.wikidata.org/entity/Q3300675",,"1939",
"http://www.wikidata.org/entity/Q112653386",,"1948",
"http://www.wikidata.org/entity/Q3484436",,"1945",
"http://www.wikidata.org/entity/Q737204",,"1954",
"http://www.wikidata.org/entity/Q2847627",,"1924",
"http://www.wikidata.org/entity/Q112639913",,"1984",
"http://www.wikidata.org/entity/Q3170631",,"1905",
"http://www.wikidata.org/entity/Q2939324",,"1974",
"http://www.wikidata.org/entity/Q3387378",,"1909",
"http://www.wikidata.org/entity/Q30349049",,"1956",
"http://www.wikidata.org/entity/Q3102558",,"1915",
"http://www.wikidata.org/entity/Q826275",,"1937",
"http://www.wikidata.org/entity/Q3309003",,"1945",
"http://www.wikidata.org/entity/Q17332884",,"1964",
"http://www.wikidata.org/entity/Q16027060",,"1961",
"http://www.wikidata.org/entity/Q1659343",,"1948",
"http://www.wikidata.org/entity/Q3387377",,"1948",
"http://www.wikidata.org/entity/Q1160874",,"1965",
"http://www.wikidata.org/entity/Q16672954",,"1949",
"http://www.wikidata.org/entity/Q30349074",,"1974",
"http://www.wikidata.org/entity/Q3022831",,"1947",
"http://www.wikidata.org/entity/Q112636857",,"1993",
"http://www.wikidata.org/entity/Q3168334",,"1946",
"http://www.wikidata.org/entity/Q17485936",,"1958",
"http://www.wikidata.org/entity/Q16027035",,"1907",
"http://www.wikidata.org/entity/Q3169663",,"1950",
"http://www.wikidata.org/entity/Q3089967",,"1963",
"http://www.wikidata.org/entity/Q3386052",,"1922",
"http://www.wikidata.org/entity/Q3337925",,"1943",
"http://www.wikidata.org/entity/Q3157694",,"1924",
"http://www.wikidata.org/entity/Q962903",,"1946",
"http://www.wikidata.org/entity/Q3170656",,"1897",
"http://www.wikidata.org/entity/Q30530300",,"1977",
"http://www.wikidata.org/entity/Q3169674",,"1941",
"http://www.wikidata.org/entity/Q65569826",,"1968",
"http://www.wikidata.org/entity/Q17485927",,"1926",
"http://www.wikidata.org/entity/Q30342434",,"1969",
"http://www.wikidata.org/entity/Q3013902",,"1942",
"http://www.wikidata.org/entity/Q29896234",,"1968",
"http://www.wikidata.org/entity/Q2870852",,"1973",
"http://www.wikidata.org/entity/Q131956247",,"1982",
"http://www.wikidata.org/entity/Q2057943",,"1957",
"http://www.wikidata.org/entity/Q15973834",,"1928",
"http://www.wikidata.org/entity/Q3379784",,"1968",
"http://www.wikidata.org/entity/Q2965644",,"1935",
"http://www.wikidata.org/entity/Q3369515",,"1945",
"http://www.wikidata.org/entity/Q3158949",,"1912",
"http://www.wikidata.org/entity/Q30349019",,"1986",
"http://www.wikidata.org/entity/Q3165243",,"1950",
"http://www.wikidata.org/entity/Q3369516",,"1964",
"http://www.wikidata.org/entity/Q3426511",,"1901",
"http://www.wikidata.org/entity/Q2564543",,"1893",
"http://www.wikidata.org/entity/Q16798440",,"1940",
"http://www.wikidata.org/entity/Q16798446",,"1943",
"http://www.wikidata.org/entity/Q127271701",,"1981",
"http://www.wikidata.org/entity/Q3084292",,"1937",
"http://www.wikidata.org/entity/Q3122197",,"1931",
"http://www.wikidata.org/entity/Q3383804",,"1910",
"http://www.wikidata.org/entity/Q112652013",,"1975",
"http://www.wikidata.org/entity/Q3371830",,"1932",
"http://www.wikidata.org/entity/Q58869106",,"1948",
"http://www.wikidata.org/entity/Q288486",,"1956",
"http://www.wikidata.org/entity/Q3131008",,"1907",
"http://www.wikidata.org/entity/Q16540304",,"1919",
"http://www.wikidata.org/entity/Q17177454",,"1897",
"http://www.wikidata.org/entity/Q3169610",,"1938",
"http://www.wikidata.org/entity/Q112635593",,"1985",
"http://www.wikidata.org/entity/Q2749277",,"1946",
"http://www.wikidata.org/entity/Q16798432",,"1939",
"http://www.wikidata.org/entity/Q16798434",,"1937",
"http://www.wikidata.org/entity/Q30223120",,"1990",
"http://www.wikidata.org/entity/Q112653377",,"1996",
"http://www.wikidata.org/entity/Q107449933",,"1978",
"http://www.wikidata.org/entity/Q3170604",,"1911",
"http://www.wikidata.org/entity/Q3383819",,"1942",
"http://www.wikidata.org/entity/Q3165261",,"1951",
"http://www.wikidata.org/entity/Q30376630",,"1967",
"http://www.wikidata.org/entity/Q3105612",,"1930",
"http://www.wikidata.org/entity/Q3341143",,"1913",
"http://www.wikidata.org/entity/Q3380795",,"1948",
"http://www.wikidata.org/entity/Q16798425",,"1915",
"http://www.wikidata.org/entity/Q30342405",,"1986",
"http://www.wikidata.org/entity/Q63764899",,"1968",
"http://www.wikidata.org/entity/Q3426535",,"1952",
"http://www.wikidata.org/entity/Q3291298",,"1957",
"http://www.wikidata.org/entity/Q3052676",,"1948",
"http://www.wikidata.org/entity/Q17177439",,"1936",
"http://www.wikidata.org/entity/Q182192",,"1920",
"http://www.wikidata.org/entity/Q1347791",,"1945",
"http://www.wikidata.org/entity/Q3171946",,"1937",
"http://www.wikidata.org/entity/Q30349021",,"1970",
"http://www.wikidata.org/entity/Q3158985",,"1889",
"http://www.wikidata.org/entity/Q3132356",,"1946",
"http://www.wikidata.org/entity/Q3169631",,"1947",
"http://www.wikidata.org/entity/Q2898392",,"1944",
"http://www.wikidata.org/entity/Q3105602",,"1934",
"http://www.wikidata.org/entity/Q11775796",,"1912",
"http://www.wikidata.org/entity/Q385595",,"1947",
"http://www.wikidata.org/entity/Q3369520",,"1940",
"http://www.wikidata.org/entity/Q3371848",,"1911",
"http://www.wikidata.org/entity/Q2847578",,"1930",
"http://www.wikidata.org/entity/Q3027102",,"1960",
"http://www.wikidata.org/entity/Q273745",,"1987",
"http://www.wikidata.org/entity/Q3175036",,"1941",
"http://www.wikidata.org/entity/Q112636598",,"1995",
"http://www.wikidata.org/entity/Q3027109",,"1952",
"http://www.wikidata.org/entity/Q457705",,"1927",
"http://www.wikidata.org/entity/Q30351657",,"1986",
"http://www.wikidata.org/entity/Q178339",,"1945",
"http://www.wikidata.org/entity/Q97012752",,"1950",
"http://www.wikidata.org/entity/Q3438364",,"1935",
"http://www.wikidata.org/entity/Q3311053",,"1940",
"http://www.wikidata.org/entity/Q3165682",,"1957",
"http://www.wikidata.org/entity/Q509407",,"1965",
"http://www.wikidata.org/entity/Q3124296",,"1926",
"http://www.wikidata.org/entity/Q3380453",,"1955",
"http://www.wikidata.org/entity/Q3189677",,"1896",
"http://www.wikidata.org/entity/Q3288193",,"1956",
"http://www.wikidata.org/entity/Q20991576",,"1986",
"http://www.wikidata.org/entity/Q21334205",,"1946",
"http://www.wikidata.org/entity/Q3265461",,"1937",
"http://www.wikidata.org/entity/Q3438379",,"1962",
"http://www.wikidata.org/entity/Q3081488",,"1946",
"http://www.wikidata.org/entity/Q2897843",,"1907",
"http://www.wikidata.org/entity/Q41968379",,"1966",
"http://www.wikidata.org/entity/Q30349322",,"1954",
"http://www.wikidata.org/entity/Q3063661",,"1952",
"http://www.wikidata.org/entity/Q30349328",,"1970",
"http://www.wikidata.org/entity/Q3103367",,"1923",
"http://www.wikidata.org/entity/Q16669743",,"1908",
"http://www.wikidata.org/entity/Q3168726",,"1911",
"http://www.wikidata.org/entity/Q104032664",,"1991",
"http://www.wikidata.org/entity/Q3490917",,"1956",
"http://www.wikidata.org/entity/Q445705",,"1964",
"http://www.wikidata.org/entity/Q21334235",,"1931",
"http://www.wikidata.org/entity/Q3490911",,"1957",
"http://www.wikidata.org/entity/Q30349354",,"1981",
"http://www.wikidata.org/entity/Q3369219",,"1953",
"http://www.wikidata.org/entity/Q2861893",,"1950",
"http://www.wikidata.org/entity/Q3124273",,"1937",
"http://www.wikidata.org/entity/Q2847599",,"1922",
"http://www.wikidata.org/entity/Q3048010",,"1933",
"http://www.wikidata.org/entity/Q3490926",,"1971",
"http://www.wikidata.org/entity/Q3265441",,"1926",
"http://www.wikidata.org/entity/Q112650053",,"1961",
"http://www.wikidata.org/entity/Q3383503",,"1931",
"http://www.wikidata.org/entity/Q3371531",,"1957",
"http://www.wikidata.org/entity/Q3384836",,"1942",
"http://www.wikidata.org/entity/Q112639617",,"1985",
"http://www.wikidata.org/entity/Q30349347",,"1970",
"http://www.wikidata.org/entity/Q3164383",,"1962",
"http://www.wikidata.org/entity/Q30351663",,"1972",
"http://www.wikidata.org/entity/Q3167413",,"1947",
"http://www.wikidata.org/entity/Q30416664",,"1971",
"http://www.wikidata.org/entity/Q2847535",,"1921",
"http://www.wikidata.org/entity/Q273701",,"1952",
"http://www.wikidata.org/entity/Q112651333",,"1963",
"http://www.wikidata.org/entity/Q3085898",,"1909",
"http://www.wikidata.org/entity/Q3083236",,"1945",
"http://www.wikidata.org/entity/Q3131405",,"1932",
"http://www.wikidata.org/entity/Q1096496",,"1951",
"http://www.wikidata.org/entity/Q2093637",,"1931",
"http://www.wikidata.org/entity/Q3384852",,"1924",
"http://www.wikidata.org/entity/Q1967590",,"1960",
"http://www.wikidata.org/entity/Q3579978",,"1921",
"http://www.wikidata.org/entity/Q467943",,"1977",
"http://www.wikidata.org/entity/Q467949",,"1952",
"http://www.wikidata.org/entity/Q2597989",,"1952",
"http://www.wikidata.org/entity/Q3288141",,"1967",
"http://www.wikidata.org/entity/Q112651320",,"1969",
"http://www.wikidata.org/entity/Q57751",,"1952",
"http://www.wikidata.org/entity/Q2976717",,"1933",
"http://www.wikidata.org/entity/Q112639678",,"1952",
"http://www.wikidata.org/entity/Q636424",,"1961",
"http://www.wikidata.org/entity/Q2597981",,"1959",
"http://www.wikidata.org/entity/Q1922673",,"1948",
"http://www.wikidata.org/entity/Q3119753",,"1974",
"http://www.wikidata.org/entity/Q3173279",,"1922",
"http://www.wikidata.org/entity/Q130339871",,"1971",
"http://www.wikidata.org/entity/Q3173270",,"1947",
"http://www.wikidata.org/entity/Q2472833",,"1926",
"http://www.wikidata.org/entity/Q3291792",,"1941",
"http://www.wikidata.org/entity/Q3288176",,"1916",
"http://www.wikidata.org/entity/Q112651358",,"1994",
"http://www.wikidata.org/entity/Q3176304",,"1950",
"http://www.wikidata.org/entity/Q3579995",,"1970",
"http://www.wikidata.org/entity/Q30349316",,"1967",
"http://www.wikidata.org/entity/Q3166993",,"1969",
"http://www.wikidata.org/entity/Q3165663",,"1949",
"http://www.wikidata.org/entity/Q3052938",,"1961",
"http://www.wikidata.org/entity/Q2958495",,"1929",
"http://www.wikidata.org/entity/Q20020731",,"1961",
"http://www.wikidata.org/entity/Q3265486",,"1912",
"http://www.wikidata.org/entity/Q2514772",,"1980",
"http://www.wikidata.org/entity/Q30338651",,"1962",
"http://www.wikidata.org/entity/Q2168017",,"1933",
"http://www.wikidata.org/entity/Q3288161",,"1945",
"http://www.wikidata.org/entity/Q3300337",,"1917",
"http://www.wikidata.org/entity/Q3131422",,"1902",
"http://www.wikidata.org/entity/Q30349300",,"1968",
"http://www.wikidata.org/entity/Q30349301",,"1962",
"http://www.wikidata.org/entity/Q30349303",,"1956",
"http://www.wikidata.org/entity/Q16265294",,"1929",
"http://www.wikidata.org/entity/Q30349307",,"1967",
"http://www.wikidata.org/entity/Q3168702",,"1972",
"http://www.wikidata.org/entity/Q127331341",,"1994",
"http://www.wikidata.org/entity/Q30334244",,"1967",
"http://www.wikidata.org/entity/Q379229",,"1939",
"http://www.wikidata.org/entity/Q2959726",,"1897",
"http://www.wikidata.org/entity/Q481398",,"1901",
"http://www.wikidata.org/entity/Q124021781",,"1995",
"http://www.wikidata.org/entity/Q2038",,"1916",
"http://www.wikidata.org/entity/Q3082745",,"1946",
"http://www.wikidata.org/entity/Q3320833",,"1941",
"http://www.wikidata.org/entity/Q19360992",,"1905",
"http://www.wikidata.org/entity/Q3090356",,"1956",
"http://www.wikidata.org/entity/Q30343198",,"1979",
"http://www.wikidata.org/entity/Q3425904",,"1937",
"http://www.wikidata.org/entity/Q19360996",,"1915",
"http://www.wikidata.org/entity/Q3186558",,"1944",
"http://www.wikidata.org/entity/Q126708305",,"1984",
"http://www.wikidata.org/entity/Q3154961",,"1966",
"http://www.wikidata.org/entity/Q3130987",,"1907",
"http://www.wikidata.org/entity/Q3386604",,"1910",
"http://www.wikidata.org/entity/Q937175",,"1952",
"http://www.wikidata.org/entity/Q19360986",,"1928",
"http://www.wikidata.org/entity/Q3327471",,"1942",
"http://www.wikidata.org/entity/Q3270891",,"1910",
"http://www.wikidata.org/entity/Q3573821",,"1946",
"http://www.wikidata.org/entity/Q2926806",,"1960",
"http://www.wikidata.org/entity/Q28097115",,"1904",
"http://www.wikidata.org/entity/Q62887660",,"1990",
"http://www.wikidata.org/entity/Q19606554",,"1909",
"http://www.wikidata.org/entity/Q3118439",,"1948",
"http://www.wikidata.org/entity/Q3088070",,"1928",
"http://www.wikidata.org/entity/Q3175895",,"1926",
"http://www.wikidata.org/entity/Q3175899",,"1958",
"http://www.wikidata.org/entity/Q3173239",,"1910",
"http://www.wikidata.org/entity/Q3090377",,"1963",
"http://www.wikidata.org/entity/Q2942049",,"1948",
"http://www.wikidata.org/entity/Q511786",,"1951",
"http://www.wikidata.org/entity/Q3369282",,"1950",
"http://www.wikidata.org/entity/Q3455770",,"1919",
"http://www.wikidata.org/entity/Q2959719",,"1923",
"http://www.wikidata.org/entity/Q543332",,"1943",
"http://www.wikidata.org/entity/Q18578128",,"1912",
"http://www.wikidata.org/entity/Q126684712",,"1987",
"http://www.wikidata.org/entity/Q517072",,"1919",
"http://www.wikidata.org/entity/Q2942031",,"1952",
"http://www.wikidata.org/entity/Q283173",,"1954",
"http://www.wikidata.org/entity/Q3425908",,"1941",
"http://www.wikidata.org/entity/Q1353605",,"1945",
"http://www.wikidata.org/entity/Q3288128",,"1913",
"http://www.wikidata.org/entity/Q7711",,"1950",
"http://www.wikidata.org/entity/Q3090390",,"1964",
"http://www.wikidata.org/entity/Q2830761",,"1916",
"http://www.wikidata.org/entity/Q3425913",,"1932",
"http://www.wikidata.org/entity/Q1967563",,"1956",
"http://www.wikidata.org/entity/Q3559456",,"1925",
"http://www.wikidata.org/entity/Q3270871",,"1928",
"http://www.wikidata.org/entity/Q3261917",,"1912",
"http://www.wikidata.org/entity/Q771097",,"1919",
"http://www.wikidata.org/entity/Q3370296",,"1946",
"http://www.wikidata.org/entity/Q30336862",,"1961",
"http://www.wikidata.org/entity/Q2119950",,"1962",
"http://www.wikidata.org/entity/Q97038480",,"1964",
"http://www.wikidata.org/entity/Q3123839",,"1948",
"http://www.wikidata.org/entity/Q3311094",,"1944",
"http://www.wikidata.org/entity/Q3291717",,"1954",
"http://www.wikidata.org/entity/Q3291716",,"1946",
"http://www.wikidata.org/entity/Q3085814",,"1936",
"http://www.wikidata.org/entity/Q3085816",,"1953",
"http://www.wikidata.org/entity/Q3311098",,"1934",
"http://www.wikidata.org/entity/Q30343155",,"1980",
"http://www.wikidata.org/entity/Q3170153",,"1949",
"http://www.wikidata.org/entity/Q966529",,"1980",
"http://www.wikidata.org/entity/Q930590",,"1954",
"http://www.wikidata.org/entity/Q30348845",,"1976",
"http://www.wikidata.org/entity/Q30348849",,"1969",
"http://www.wikidata.org/entity/Q16644411",,"1923",
"http://www.wikidata.org/entity/Q3372003",,"1909",
"http://www.wikidata.org/entity/Q112650871",,"1991",
"http://www.wikidata.org/entity/Q2942097",,"1960",
"http://www.wikidata.org/entity/Q3081443",,"1938",
"http://www.wikidata.org/entity/Q3260652",,"1945",
"http://www.wikidata.org/entity/Q3174532",,"1893",
"http://www.wikidata.org/entity/Q112641115",,"1991",
"http://www.wikidata.org/entity/Q3174528",,"1907",
"http://www.wikidata.org/entity/Q3385312",,"1908",
"http://www.wikidata.org/entity/Q30343140",,"1960",
"http://www.wikidata.org/entity/Q3169178",,"1952",
"http://www.wikidata.org/entity/Q3081453",,"1931",
"http://www.wikidata.org/entity/Q3170161",,"1950",
"http://www.wikidata.org/entity/Q3170164",,"1945",
"http://www.wikidata.org/entity/Q2926845",,"1953",
"http://www.wikidata.org/entity/Q168106",,"1925",
"http://www.wikidata.org/entity/Q3372014",,"1907",
"http://www.wikidata.org/entity/Q2374322",,"1963",
"http://www.wikidata.org/entity/Q3311073",,"1960",
"http://www.wikidata.org/entity/Q3455745",,"1972",
"http://www.wikidata.org/entity/Q65574870",,"1975",
"http://www.wikidata.org/entity/Q3400568",,"1972",
"http://www.wikidata.org/entity/Q3081480",,"1923",
"http://www.wikidata.org/entity/Q33172434",,"1981",
"http://www.wikidata.org/entity/Q3169187",,"1945",
"http://www.wikidata.org/entity/Q283119",,"1946",
"http://www.wikidata.org/entity/Q2959741",,"1913",
"http://www.wikidata.org/entity/Q3163882",,"1918",
"http://www.wikidata.org/entity/Q19358674",,"1902",
"http://www.wikidata.org/entity/Q17153708",,"1931",
"http://www.wikidata.org/entity/Q2926861",,"1965",
"http://www.wikidata.org/entity/Q30334210",,"1969",
"http://www.wikidata.org/entity/Q2942078",,"1941",
"http://www.wikidata.org/entity/Q112653927",,"1971",
"http://www.wikidata.org/entity/Q3123831",,"1930",
"http://www.wikidata.org/entity/Q3335034",,"1910",
"http://www.wikidata.org/entity/Q3081474",,"1950",
"http://www.wikidata.org/entity/Q2942079",,"1974",
"http://www.wikidata.org/entity/Q30343165",,"1967",
"http://www.wikidata.org/entity/Q3570771",,"1954",
"http://www.wikidata.org/entity/Q6755549",,"1971",
"http://www.wikidata.org/entity/Q117402",,"1975",
"http://www.wikidata.org/entity/Q439971",,"1973",
"http://www.wikidata.org/entity/Q62354",,"1964",
"http://www.wikidata.org/entity/Q65593196",,"1959",
"http://www.wikidata.org/entity/Q632930",,"1946",
"http://www.wikidata.org/entity/Q112650841",,"1973",
"http://www.wikidata.org/entity/Q3170107",,"1957",
"http://www.wikidata.org/entity/Q2898248",,"1951",
"http://www.wikidata.org/entity/Q3174500",,"1907",
"http://www.wikidata.org/entity/Q3170111",,"1942",
"http://www.wikidata.org/entity/Q3170113",,"1900",
"http://www.wikidata.org/entity/Q63763665",,"1964",
"http://www.wikidata.org/entity/Q2898240",,"1949",
"http://www.wikidata.org/entity/Q3130913",,"1919",
"http://www.wikidata.org/entity/Q1103356",,"1961",
"http://www.wikidata.org/entity/Q1726930",,"1966",
"http://www.wikidata.org/entity/Q30344568",,"1961",
"http://www.wikidata.org/entity/Q3425980",,"1936",
"http://www.wikidata.org/entity/Q3184778",,"1920",
"http://www.wikidata.org/entity/Q30505891",,"1968",
"http://www.wikidata.org/entity/Q370803",,"1908",
"http://www.wikidata.org/entity/Q30348928",,"1973",
"http://www.wikidata.org/entity/Q30377460",,"1968",
"http://www.wikidata.org/entity/Q3158488",,"1923",
"http://www.wikidata.org/entity/Q3310508",,"1949",
"http://www.wikidata.org/entity/Q15970419",,"1900",
"http://www.wikidata.org/entity/Q127255949",,"1988",
"http://www.wikidata.org/entity/Q19358778",,"1919",
"http://www.wikidata.org/entity/Q30229438",,"1965",
"http://www.wikidata.org/entity/Q112650830",,"1963",
"http://www.wikidata.org/entity/Q2899586",,"1962",
"http://www.wikidata.org/entity/Q17175117",,"1908",
"http://www.wikidata.org/entity/Q20882460",,"1983",
"http://www.wikidata.org/entity/Q938547",,"1965",
"http://www.wikidata.org/entity/Q960474",,"1953",
"http://www.wikidata.org/entity/Q3170123",,"1949",
"http://www.wikidata.org/entity/Q959482",,"1945",
"http://www.wikidata.org/entity/Q30343220",,"1976",
"http://www.wikidata.org/entity/Q32557023",,"1988",
"http://www.wikidata.org/entity/Q3123772",,"1930",
"http://www.wikidata.org/entity/Q3425975",,"1934",
"http://www.wikidata.org/entity/Q3351018",,"1968",
"http://www.wikidata.org/entity/Q19358749",,"1905",
"http://www.wikidata.org/entity/Q19358744",,"1909",
"http://www.wikidata.org/entity/Q17417558",,"1972",
"http://www.wikidata.org/entity/Q3291817",,"1944",
"http://www.wikidata.org/entity/Q17176435",,"1946",
"http://www.wikidata.org/entity/Q15981",,"1886",
"http://www.wikidata.org/entity/Q3170127",,"1939",
"http://www.wikidata.org/entity/Q112641003",,"1990",
"http://www.wikidata.org/entity/Q2965544",,"1948",
"http://www.wikidata.org/entity/Q63764974",,"1963",
"http://www.wikidata.org/entity/Q2965547",,"1946",
"http://www.wikidata.org/entity/Q30729334",,"1958",
"http://www.wikidata.org/entity/Q30408131",,"1957",
"http://www.wikidata.org/entity/Q3169143",,"1936",
"http://www.wikidata.org/entity/Q3386579",,"1930",
"http://www.wikidata.org/entity/Q3510256",,"1977",
"http://www.wikidata.org/entity/Q3351009",,"1972",
"http://www.wikidata.org/entity/Q10287",,"1962",
"http://www.wikidata.org/entity/Q30503206",,"1966",
"http://www.wikidata.org/entity/Q3489147",,"1919",
"http://www.wikidata.org/entity/Q2898237",,"1910",
"http://www.wikidata.org/entity/Q3291808",,"1946",
"http://www.wikidata.org/entity/Q3309506",,"1932",
"http://www.wikidata.org/entity/Q3191042",,"1964",
"http://www.wikidata.org/entity/Q30343245",,"1989",
"http://www.wikidata.org/entity/Q3122425",,"1956",
"http://www.wikidata.org/entity/Q3014713",,"1940",
"http://www.wikidata.org/entity/Q30348935",,"1961",
"http://www.wikidata.org/entity/Q3385254",,"1915",
"http://www.wikidata.org/entity/Q505819",,"1919",
"http://www.wikidata.org/entity/Q30391746",,"1985",
"http://www.wikidata.org/entity/Q112657434",,"1958",
"http://www.wikidata.org/entity/Q30341493",,"1967",
"http://www.wikidata.org/entity/Q2815137",,"1963",
"http://www.wikidata.org/entity/Q2899535",,"1945",
"http://www.wikidata.org/entity/Q2851590",,"1954",
"http://www.wikidata.org/entity/Q345888",,"1921",
"http://www.wikidata.org/entity/Q984375",,"1975",
"http://www.wikidata.org/entity/Q2851591",,"1958",
"http://www.wikidata.org/entity/Q65564667",,"1971",
"http://www.wikidata.org/entity/Q3573750",,"1924",
"http://www.wikidata.org/entity/Q3419261",,"1915",
"http://www.wikidata.org/entity/Q3580040",,"1912",
"http://www.wikidata.org/entity/Q30729390",,"1976",
"http://www.wikidata.org/entity/Q2829684",,"1942",
"http://www.wikidata.org/entity/Q30729394",,"1973",
"http://www.wikidata.org/entity/Q3158444",,"1929",
"http://www.wikidata.org/entity/Q112637819",,"1977",
"http://www.wikidata.org/entity/Q3159773",,"1925",
"http://www.wikidata.org/entity/Q28977139",,"1963",
"http://www.wikidata.org/entity/Q2898214",,"1936",
"http://www.wikidata.org/entity/Q62078135",,"1984",
"http://www.wikidata.org/entity/Q2815142",,"1961",
"http://www.wikidata.org/entity/Q30389422",,"1969",
"http://www.wikidata.org/entity/Q3167390",,"1966",
"http://www.wikidata.org/entity/Q2829670",,"1938",
"http://www.wikidata.org/entity/Q2942018",,"1954",
"http://www.wikidata.org/entity/Q30376107",,"1957",
"http://www.wikidata.org/entity/Q3166069",,"1935",
"http://www.wikidata.org/entity/Q30378762",,"1969",
"http://www.wikidata.org/entity/Q2829673",,"1948",
"http://www.wikidata.org/entity/Q63628",,"1952",
"http://www.wikidata.org/entity/Q2977242",,"1942",
"http://www.wikidata.org/entity/Q3385274",,"1948",
"http://www.wikidata.org/entity/Q110934545",,"1965",
"http://www.wikidata.org/entity/Q3158452",,"1940",
"http://www.wikidata.org/entity/Q126539921",,"1993",
"http://www.wikidata.org/entity/Q3378990",,"1966",
"http://www.wikidata.org/entity/Q1685067",,"1943",
"http://www.wikidata.org/entity/Q3082845",,"1960",
"http://www.wikidata.org/entity/Q3425967",,"1928",
"http://www.wikidata.org/entity/Q30339190",,"1991",
"http://www.wikidata.org/entity/Q30343212",,"1984",
"http://www.wikidata.org/entity/Q3169100",,"1946",
"http://www.wikidata.org/entity/Q3573772",,"1912",
"http://www.wikidata.org/entity/Q3340330",,"1961",
"http://www.wikidata.org/entity/Q30339198",,"1983",
"http://www.wikidata.org/entity/Q30339196",,"1970",
"http://www.wikidata.org/entity/Q3169107",,"1938",
"http://www.wikidata.org/entity/Q2977278",,"1938",
"http://www.wikidata.org/entity/Q2899529",,"1910",
"http://www.wikidata.org/entity/Q3134497",,"1956",
"http://www.wikidata.org/entity/Q63655",,"1958",
"http://www.wikidata.org/entity/Q61695321",,"1906",
"http://www.wikidata.org/entity/Q2372650",,"1905",
"http://www.wikidata.org/entity/Q112642381",,"1975",
"http://www.wikidata.org/entity/Q2815127",,"1959",
"http://www.wikidata.org/entity/Q30336912",,"1990",
"http://www.wikidata.org/entity/Q3102849",,"1921",
"http://www.wikidata.org/entity/Q3169113",,"1952",
"http://www.wikidata.org/entity/Q3170101",,"1955",
"http://www.wikidata.org/entity/Q126597818",,"1954",
"http://www.wikidata.org/entity/Q984381",,"1959",
"http://www.wikidata.org/entity/Q30339188",,"1974",
"http://www.wikidata.org/entity/Q3573763",,"1920",
"http://www.wikidata.org/entity/Q3056510",,"1967",
"http://www.wikidata.org/entity/Q2865306",,"1890",
"http://www.wikidata.org/entity/Q3123794",,"1937",
"http://www.wikidata.org/entity/Q3027191",,"1964",
"http://www.wikidata.org/entity/Q3425951",,"1891",
"http://www.wikidata.org/entity/Q65598002",,"1942",
"http://www.wikidata.org/entity/Q30386361",,"1983",
"http://www.wikidata.org/entity/Q2831165",,"1943",
"http://www.wikidata.org/entity/Q3167344",,"1948",
"http://www.wikidata.org/entity/Q3167347",,"1939",
"http://www.wikidata.org/entity/Q112518535",,"1996",
"http://www.wikidata.org/entity/Q30506341",,"1967",
"http://www.wikidata.org/entity/Q3579934",,"1897",
"http://www.wikidata.org/entity/Q818118",,"1967",
"http://www.wikidata.org/entity/Q3158400",,"1948",
"http://www.wikidata.org/entity/Q30339126",,"1961",
"http://www.wikidata.org/entity/Q3158409",,"1941",
"http://www.wikidata.org/entity/Q3262479",,"1907",
"http://www.wikidata.org/entity/Q3579929",,"1930",
"http://www.wikidata.org/entity/Q63766761",,"1968",
"http://www.wikidata.org/entity/Q30506332",,"1952",
"http://www.wikidata.org/entity/Q30342777",,"1974",
"http://www.wikidata.org/entity/Q2847512",,"1924",
"http://www.wikidata.org/entity/Q3300301",,"1943",
"http://www.wikidata.org/entity/Q65580703",,"1959",
"http://www.wikidata.org/entity/Q3426450",,"1915",
"http://www.wikidata.org/entity/Q2263544",,"1935",
"http://www.wikidata.org/entity/Q112730739",,"1976",
"http://www.wikidata.org/entity/Q30527240",,"1971",
"http://www.wikidata.org/entity/Q15973544",,"1903",
"http://www.wikidata.org/entity/Q123643795",,"1969",
"http://www.wikidata.org/entity/Q30414896",,"1957",
"http://www.wikidata.org/entity/Q63618",,"1945",
"http://www.wikidata.org/entity/Q3159754",,"1931",
"http://www.wikidata.org/entity/Q3565302",,"1905",
"http://www.wikidata.org/entity/Q3565308",,"1905",
"http://www.wikidata.org/entity/Q1940443",,"1924",
"http://www.wikidata.org/entity/Q63766749",,"1964",
"http://www.wikidata.org/entity/Q1238159",,"1947",
"http://www.wikidata.org/entity/Q65601249",,"1973",
"http://www.wikidata.org/entity/Q3105923",,"1937",
"http://www.wikidata.org/entity/Q3166047",,"1948",
"http://www.wikidata.org/entity/Q63766741",,"1953",
"http://www.wikidata.org/entity/Q30342796",,"1947",
"http://www.wikidata.org/entity/Q2754524",,"1958",
"http://www.wikidata.org/entity/Q3131371",,"1908",
"http://www.wikidata.org/entity/Q427080",,"1962",
"http://www.wikidata.org/entity/Q30337397",,"1982",
"http://www.wikidata.org/entity/Q3379424",,"1951",
"http://www.wikidata.org/entity/Q3265535",,"1932",
"http://www.wikidata.org/entity/Q3170946",,"1932",
"http://www.wikidata.org/entity/Q3155325",,"1910",
"http://www.wikidata.org/entity/Q30349376",,"1986",
"http://www.wikidata.org/entity/Q3168630",,"1942",
"http://www.wikidata.org/entity/Q3015137",,"1947",
"http://www.wikidata.org/entity/Q3142020",,"1929",
"http://www.wikidata.org/entity/Q112635222",,"1978",
"http://www.wikidata.org/entity/Q2965527",,"1945",
"http://www.wikidata.org/entity/Q30436200",,"1978",
"http://www.wikidata.org/entity/Q3103332",,"1912",
"http://www.wikidata.org/entity/Q3292251",,"1940",
"http://www.wikidata.org/entity/Q3168634",,"1898",
"http://www.wikidata.org/entity/Q126913711",,"1988",
"http://www.wikidata.org/entity/Q3379439",,"1960",
"http://www.wikidata.org/entity/Q3142009",,"1920",
"http://www.wikidata.org/entity/Q1366170",,"1938",
"http://www.wikidata.org/entity/Q2898296",,"1918",
"http://www.wikidata.org/entity/Q30349369",,"1962",
"http://www.wikidata.org/entity/Q3015141",,"1951",
"http://www.wikidata.org/entity/Q112637895",,"1971",
"http://www.wikidata.org/entity/Q130331865",,"1956",
"http://www.wikidata.org/entity/Q30503261",,"1965",
"http://www.wikidata.org/entity/Q3142016",,"1938",
"http://www.wikidata.org/entity/Q127256447",,"1992",
"http://www.wikidata.org/entity/Q30339119",,"1972",
"http://www.wikidata.org/entity/Q2848800",,"1939",
"http://www.wikidata.org/entity/Q3380427",,"1965",
"http://www.wikidata.org/entity/Q3387060",,"1918",
"http://www.wikidata.org/entity/Q30339116",,"1962",
"http://www.wikidata.org/entity/Q3027123",,"1952",
"http://www.wikidata.org/entity/Q3170965",,"1923",
"http://www.wikidata.org/entity/Q30349393",,"1962",
"http://www.wikidata.org/entity/Q3261158",,"1924",
"http://www.wikidata.org/entity/Q45486323",,"1979",
"http://www.wikidata.org/entity/Q127256470",,"1992",
"http://www.wikidata.org/entity/Q2965500",,"1946",
"http://www.wikidata.org/entity/Q3168651",,"1948",
"http://www.wikidata.org/entity/Q17485615",,"1921",
"http://www.wikidata.org/entity/Q365413",,"1919",
"http://www.wikidata.org/entity/Q2856427",,"1973",
"http://www.wikidata.org/entity/Q2965505",,"1939",
"http://www.wikidata.org/entity/Q130331874",,"1964",
"http://www.wikidata.org/entity/Q112649848",,"1991",
"http://www.wikidata.org/entity/Q3574229",,"1904",
"http://www.wikidata.org/entity/Q33103094",,"1971",
"http://www.wikidata.org/entity/Q464029",,"1949",
"http://www.wikidata.org/entity/Q2848814",,"1956",
"http://www.wikidata.org/entity/Q30349381",,"1978",
"http://www.wikidata.org/entity/Q3309549",,"1926",
"http://www.wikidata.org/entity/Q3170974",,"1919",
"http://www.wikidata.org/entity/Q3170982",,"1930",
"http://www.wikidata.org/entity/Q3292260",,"1933",
"http://www.wikidata.org/entity/Q3103306",,"1911",
"http://www.wikidata.org/entity/Q30336075",,"1990",
"http://www.wikidata.org/entity/Q127256464",,"1982",
"http://www.wikidata.org/entity/Q112628915",,"1979",
"http://www.wikidata.org/entity/Q2871109",,"1938",
"http://www.wikidata.org/entity/Q452131",,"1947",
"http://www.wikidata.org/entity/Q2161575",,"1964",
"http://www.wikidata.org/entity/Q2897717",,"1946",
"http://www.wikidata.org/entity/Q3384924",,"1939",
"http://www.wikidata.org/entity/Q30376809",,"1987",
"http://www.wikidata.org/entity/Q452139",,"1947",
"http://www.wikidata.org/entity/Q16525802",,"1905",
"http://www.wikidata.org/entity/Q3579898",,"1963",
"http://www.wikidata.org/entity/Q3084411",,"1913",
"http://www.wikidata.org/entity/Q3311175",,"1920",
"http://www.wikidata.org/entity/Q2321787",,"1962",
"http://www.wikidata.org/entity/Q3081384",,"1946",
"http://www.wikidata.org/entity/Q3420976",,"1944",
"http://www.wikidata.org/entity/Q3124173",,"1952",
"http://www.wikidata.org/entity/Q3165565",,"1940",
"http://www.wikidata.org/entity/Q3420973",,"1923",
"http://www.wikidata.org/entity/Q3169921",,"1954",
"http://www.wikidata.org/entity/Q2848786",,"1954",
"http://www.wikidata.org/entity/Q112651481",,"1966",
"http://www.wikidata.org/entity/Q19057823",,"1912",
"http://www.wikidata.org/entity/Q3124182",,"1939",
"http://www.wikidata.org/entity/Q112651488",,"1999",
"http://www.wikidata.org/entity/Q63436533",,"1991",
"http://www.wikidata.org/entity/Q3085724",,"1945",
"http://www.wikidata.org/entity/Q62578128",,"1971",
"http://www.wikidata.org/entity/Q749029",,"1955",
"http://www.wikidata.org/entity/Q62556737",,"1989",
"http://www.wikidata.org/entity/Q30349208",,"1979",
"http://www.wikidata.org/entity/Q2847461",,"1921",
"http://www.wikidata.org/entity/Q3052889",,"1919",
"http://www.wikidata.org/entity/Q3103241",,"1948",
"http://www.wikidata.org/entity/Q2925440",,"1959",
"http://www.wikidata.org/entity/Q126599494",,"1989",
"http://www.wikidata.org/entity/Q3132682",,"1945",
"http://www.wikidata.org/entity/Q2925446",,"1951",
"http://www.wikidata.org/entity/Q3302200",,"1909",
"http://www.wikidata.org/entity/Q2839864",,"1902",
"http://www.wikidata.org/entity/Q3131358",,"1917",
"http://www.wikidata.org/entity/Q2834174",,"1902",
"http://www.wikidata.org/entity/Q3265555",,"1930",
"http://www.wikidata.org/entity/Q3079081",,"1940",
"http://www.wikidata.org/entity/Q3085763",,"1975",
"http://www.wikidata.org/entity/Q3169946",,"1906",
"http://www.wikidata.org/entity/Q30509432",,"1987",
"http://www.wikidata.org/entity/Q124463344",,"1948",
"http://www.wikidata.org/entity/Q8310248",,"1910",
"http://www.wikidata.org/entity/Q65580790",,"1960",
"http://www.wikidata.org/entity/Q62077701",,"1964",
"http://www.wikidata.org/entity/Q3132671",,"1928",
"http://www.wikidata.org/entity/Q3300496",,"1909",
"http://www.wikidata.org/entity/Q2835495",,"1950",
"http://www.wikidata.org/entity/Q30498482",,"1982",
"http://www.wikidata.org/entity/Q3168620",,"1941",
"http://www.wikidata.org/entity/Q3085751",,"1947",
"http://www.wikidata.org/entity/Q63764288",,"1972",
"http://www.wikidata.org/entity/Q3169958",,"1904",
"http://www.wikidata.org/entity/Q2848745",,"1956",
"http://www.wikidata.org/entity/Q2398250",,"1922",
"http://www.wikidata.org/entity/Q3300485",,"1949",
"http://www.wikidata.org/entity/Q119353867",,"1970",
"http://www.wikidata.org/entity/Q3270958",,"1908",
"http://www.wikidata.org/entity/Q112651457",,"1992",
"http://www.wikidata.org/entity/Q112639781",,"1993",
"http://www.wikidata.org/entity/Q3173146",,"1913",
"http://www.wikidata.org/entity/Q3311135",,"1966",
"http://www.wikidata.org/entity/Q3384971",,"1940",
"http://www.wikidata.org/entity/Q3579855",,"1902",
"http://www.wikidata.org/entity/Q3018926",,"1972",
"http://www.wikidata.org/entity/Q3121941",,"1963",
"http://www.wikidata.org/entity/Q124463329",,"1963",
"http://www.wikidata.org/entity/Q312026",,"1899",
"http://www.wikidata.org/entity/Q3426233",,"1918",
"http://www.wikidata.org/entity/Q2733411",,"1956",
"http://www.wikidata.org/entity/Q30540280",,"1961",
"http://www.wikidata.org/entity/Q2676536",,"1910",
"http://www.wikidata.org/entity/Q112652777",,"1981",
"http://www.wikidata.org/entity/Q2856372",,"1954",
"http://www.wikidata.org/entity/Q1383590",,"1944",
"http://www.wikidata.org/entity/Q124439687",,"1994",
"http://www.wikidata.org/entity/Q3014573",,"1945",
"http://www.wikidata.org/entity/Q3384982",,"1904",
"http://www.wikidata.org/entity/Q3474785",,"1906",
"http://www.wikidata.org/entity/Q312034",,"1907",
"http://www.wikidata.org/entity/Q3121953",,"1933",
"http://www.wikidata.org/entity/Q3154879",,"1966",
"http://www.wikidata.org/entity/Q30392038",,"1972",
"http://www.wikidata.org/entity/Q3370336",,"1921",
"http://www.wikidata.org/entity/Q3014577",,"1943",
"http://www.wikidata.org/entity/Q956428",,"1956",
"http://www.wikidata.org/entity/Q30334188",,"1975",
"http://www.wikidata.org/entity/Q2466002",,"1914",
"http://www.wikidata.org/entity/Q3165540",,"1947",
"http://www.wikidata.org/entity/Q63765586",,"1965",
"http://www.wikidata.org/entity/Q3166872",,"1950",
"http://www.wikidata.org/entity/Q3420955",,"1905",
"http://www.wikidata.org/entity/Q3383665",,"1944",
"http://www.wikidata.org/entity/Q30506365",,"1987",
"http://www.wikidata.org/entity/Q1685859",,"1935",
"http://www.wikidata.org/entity/Q3426242",,"1932",
"http://www.wikidata.org/entity/Q2831091",,"1901",
"http://www.wikidata.org/entity/Q3121926",,"1933",
"http://www.wikidata.org/entity/Q112651467",,"1972",
"http://www.wikidata.org/entity/Q63765570",,"1965",
"http://www.wikidata.org/entity/Q30347481",,"1955",
"http://www.wikidata.org/entity/Q2925493",,"1935",
"http://www.wikidata.org/entity/Q777954",,"1944",
"http://www.wikidata.org/entity/Q3426247",,"1934",
"http://www.wikidata.org/entity/Q2425508",,"1952",
"http://www.wikidata.org/entity/Q15455176",,"1910",
"http://www.wikidata.org/entity/Q3173174",,"1946",
"http://www.wikidata.org/entity/Q2060867",,"1925",
"http://www.wikidata.org/entity/Q65586948",,"1968",
"http://www.wikidata.org/entity/Q112652742",,"1988",
"http://www.wikidata.org/entity/Q2897794",,"1917",
"http://www.wikidata.org/entity/Q112897923",,"1961",
"http://www.wikidata.org/entity/Q3288238",,"1939",
"http://www.wikidata.org/entity/Q30343070",,"1961",
"http://www.wikidata.org/entity/Q112651418",,"1980",
"http://www.wikidata.org/entity/Q30348761",,"1976",
"http://www.wikidata.org/entity/Q3035481",,"1938",
"http://www.wikidata.org/entity/Q3015850",,"1950",
"http://www.wikidata.org/entity/Q30343074",,"1983",
"http://www.wikidata.org/entity/Q30343078",,"1954",
"http://www.wikidata.org/entity/Q3169087",,"1948",
"http://www.wikidata.org/entity/Q2385796",,"1957",
"http://www.wikidata.org/entity/Q30379003",,"1967",
"http://www.wikidata.org/entity/Q17350986",,"1920",
"http://www.wikidata.org/entity/Q3106366",,"1963",
"http://www.wikidata.org/entity/Q3434730",,"1919",
"http://www.wikidata.org/entity/Q297667",,"1916",
"http://www.wikidata.org/entity/Q3174450",,"1943",
"http://www.wikidata.org/entity/Q3291872",,"1951",
"http://www.wikidata.org/entity/Q2977320",,"1934",
"http://www.wikidata.org/entity/Q3350769",,"1960",
"http://www.wikidata.org/entity/Q106635078",,"1960",
"http://www.wikidata.org/entity/Q17350999",,"1904",
"http://www.wikidata.org/entity/Q3166824",,"1950",
"http://www.wikidata.org/entity/Q2265163",,"1909",
"http://www.wikidata.org/entity/Q16667802",,"1936",
"http://www.wikidata.org/entity/Q2897779",,"1932",
"http://www.wikidata.org/entity/Q30419664",,"1970",
"http://www.wikidata.org/entity/Q30343090",,"1975",
"http://www.wikidata.org/entity/Q2897773",,"1945",
"http://www.wikidata.org/entity/Q1278120",,"1919",
"http://www.wikidata.org/entity/Q3386729",,"1930",
"http://www.wikidata.org/entity/Q30389297",,"1981",
"http://www.wikidata.org/entity/Q63766076",,"1967",
"http://www.wikidata.org/entity/Q3119647",,"1974",
"http://www.wikidata.org/entity/Q63766071",,"1985",
"http://www.wikidata.org/entity/Q1685028",,"1951",
"http://www.wikidata.org/entity/Q3419126",,"1914",
"http://www.wikidata.org/entity/Q3170096",,"1950",
"http://www.wikidata.org/entity/Q130340094",,"1973",
"http://www.wikidata.org/entity/Q3170097",,"1943",
"http://www.wikidata.org/entity/Q2829666",,"1975",
"http://www.wikidata.org/entity/Q2364858",,"1901",
"http://www.wikidata.org/entity/Q2829669",,"1937",
"http://www.wikidata.org/entity/Q18578263",,"1907",
"http://www.wikidata.org/entity/Q58177508",,"1986",
"http://www.wikidata.org/entity/Q2977355",,"1925",
"http://www.wikidata.org/entity/Q63763800",,"1966",
"http://www.wikidata.org/entity/Q30334130",,"1963",
"http://www.wikidata.org/entity/Q517196",,"1922",
"http://www.wikidata.org/entity/Q120866184",,"1960",
"http://www.wikidata.org/entity/Q2373780",,"1926",
"http://www.wikidata.org/entity/Q3289572",,"1949",
"http://www.wikidata.org/entity/Q3165509",,"1949",
"http://www.wikidata.org/entity/Q3372103",,"1912",
"http://www.wikidata.org/entity/Q80103374",,"1973",
"http://www.wikidata.org/entity/Q19057881",,"1921",
"http://www.wikidata.org/entity/Q2851582",,"1964",
"http://www.wikidata.org/entity/Q3174434",,"1940",
"http://www.wikidata.org/entity/Q3288247",,"1935",
"http://www.wikidata.org/entity/Q63766062",,"1981",
"http://www.wikidata.org/entity/Q3320937",,"1920",
"http://www.wikidata.org/entity/Q204187",,"1947",
"http://www.wikidata.org/entity/Q3580015",,"1904",
"http://www.wikidata.org/entity/Q3121977",,"1937",
"http://www.wikidata.org/entity/Q2897781",,"1939",
"http://www.wikidata.org/entity/Q1238956",,"1943",
"http://www.wikidata.org/entity/Q2809967",,"1950",
"http://www.wikidata.org/entity/Q3570696",,"1923",
"http://www.wikidata.org/entity/Q2829654",,"1945",
"http://www.wikidata.org/entity/Q3291832",,"1952",
"http://www.wikidata.org/entity/Q3302267",,"1921",
"http://www.wikidata.org/entity/Q602146",,"1958",
"http://www.wikidata.org/entity/Q65603176",,"1975",
"http://www.wikidata.org/entity/Q993472",,"1969",
"http://www.wikidata.org/entity/Q3048744",,"1942",
"http://www.wikidata.org/entity/Q3083995",,"1893",
"http://www.wikidata.org/entity/Q3048745",,"1945",
"http://www.wikidata.org/entity/Q3172689",,"1936",
"http://www.wikidata.org/entity/Q3174423",,"1945",
"http://www.wikidata.org/entity/Q98231860",,"1967",
"http://www.wikidata.org/entity/Q3123721",,"1941",
"http://www.wikidata.org/entity/Q3320904",,"1964",
"http://www.wikidata.org/entity/Q3171364",,"1953",
"http://www.wikidata.org/entity/Q30343030",,"1972",
"http://www.wikidata.org/entity/Q3320908",,"1934",
"http://www.wikidata.org/entity/Q3170031",,"1951",
"http://www.wikidata.org/entity/Q63766059",,"1954",
"http://www.wikidata.org/entity/Q2847495",,"1901",
"http://www.wikidata.org/entity/Q3372107",,"1911",
"http://www.wikidata.org/entity/Q2386204",,"1919",
"http://www.wikidata.org/entity/Q3035447",,"1940",
"http://www.wikidata.org/entity/Q3291821",,"1948",
"http://www.wikidata.org/entity/Q20872068",,"1937",
"http://www.wikidata.org/entity/Q544725",,"1974",
"http://www.wikidata.org/entity/Q2897761",,"1944",
"http://www.wikidata.org/entity/Q98251464",,"1960",
"http://www.wikidata.org/entity/Q3289511",,"1927",
"http://www.wikidata.org/entity/Q62616089",,"1968",
"http://www.wikidata.org/entity/Q19057863",,"1924",
"http://www.wikidata.org/entity/Q3320921",,"1937",
"http://www.wikidata.org/entity/Q3130826",,"1913",
"http://www.wikidata.org/entity/Q3320916",,"1954",
"http://www.wikidata.org/entity/Q3035430",,"1952",
"http://www.wikidata.org/entity/Q3169054",,"1951",
"http://www.wikidata.org/entity/Q315944",,"1912",
"http://www.wikidata.org/entity/Q3386760",,"1920",
"http://www.wikidata.org/entity/Q3289543",,"1903",
"http://www.wikidata.org/entity/Q130339900",,"1966",
"http://www.wikidata.org/entity/Q439998",,"1963",
"http://www.wikidata.org/entity/Q126596346",,"1969",
"http://www.wikidata.org/entity/Q3385439",,"1942",
"http://www.wikidata.org/entity/Q30344380",,"1977",
"http://www.wikidata.org/entity/Q3289546",,"1908",
"http://www.wikidata.org/entity/Q30344388",,"1962",
"http://www.wikidata.org/entity/Q3035420",,"1950",
"http://www.wikidata.org/entity/Q2829623",,"1944",
"http://www.wikidata.org/entity/Q3035423",,"1954",
"http://www.wikidata.org/entity/Q3570661",,"1947",
"http://www.wikidata.org/entity/Q2925411",,"1959",
"http://www.wikidata.org/entity/Q3372149",,"1949",
"http://www.wikidata.org/entity/Q15818735",,"1911",
"http://www.wikidata.org/entity/Q3169073",,"1948",
"http://www.wikidata.org/entity/Q3434718",,"1929",
"http://www.wikidata.org/entity/Q2746785",,"1945",
"http://www.wikidata.org/entity/Q3386787",,"1919",
"http://www.wikidata.org/entity/Q3531800",,"1904",
"http://www.wikidata.org/entity/Q3171394",,"1936",
"http://www.wikidata.org/entity/Q514965",,"1951",
"http://www.wikidata.org/entity/Q112642540",,"1983",
"http://www.wikidata.org/entity/Q663987",,"1957",
"http://www.wikidata.org/entity/Q30509463",,"1969",
"http://www.wikidata.org/entity/Q736502",,"1939",
"http://www.wikidata.org/entity/Q3351111",,"1953",
"http://www.wikidata.org/entity/Q33104478",,"1982",
"http://www.wikidata.org/entity/Q3074292",,"1900",
"http://www.wikidata.org/entity/Q21294609",,"1973",
"http://www.wikidata.org/entity/Q30343112",,"1982",
"http://www.wikidata.org/entity/Q30433890",,"1971",
"http://www.wikidata.org/entity/Q3573671",,"1959",
"http://www.wikidata.org/entity/Q3310640",,"1929",
"http://www.wikidata.org/entity/Q17350905",,"1975",
"http://www.wikidata.org/entity/Q3386670",,"1911",
"http://www.wikidata.org/entity/Q3035528",,"1919",
"http://www.wikidata.org/entity/Q3310649",,"1937",
"http://www.wikidata.org/entity/Q3159697",,"1934",
"http://www.wikidata.org/entity/Q3133065",,"1912",
"http://www.wikidata.org/entity/Q33104483",,"1970",
"http://www.wikidata.org/entity/Q30390327",,"1974",
"http://www.wikidata.org/entity/Q19630029",,"1912",
"http://www.wikidata.org/entity/Q19630026",,"1915",
"http://www.wikidata.org/entity/Q3291901",,"1966",
"http://www.wikidata.org/entity/Q30336818",,"1968",
"http://www.wikidata.org/entity/Q16637118",,"1912",
"http://www.wikidata.org/entity/Q2393437",,"1952",
"http://www.wikidata.org/entity/Q3291909",,"1950",
"http://www.wikidata.org/entity/Q3286565",,"1959",
"http://www.wikidata.org/entity/Q3436518",,"1911",
"http://www.wikidata.org/entity/Q30729462",,"1967",
"http://www.wikidata.org/entity/Q3386685",,"1956",
"http://www.wikidata.org/entity/Q5829",,"1951",
"http://www.wikidata.org/entity/Q30343102",,"1964",
"http://www.wikidata.org/entity/Q2834943",,"1944",
"http://www.wikidata.org/entity/Q3386680",,"1927",
"http://www.wikidata.org/entity/Q3158379",,"1934",
"http://www.wikidata.org/entity/Q781970",,"1957",
"http://www.wikidata.org/entity/Q126936549",,"1990",
"http://www.wikidata.org/entity/Q30512286",,"1983",
"http://www.wikidata.org/entity/Q3343518",,"1922",
"http://www.wikidata.org/entity/Q2020823",,"1978",
"http://www.wikidata.org/entity/Q3197944",,"1945",
"http://www.wikidata.org/entity/Q126950841",,"1986",
"http://www.wikidata.org/entity/Q168093",,"1889",
"http://www.wikidata.org/entity/Q30344462",,"1979",
"http://www.wikidata.org/entity/Q3384035",,"1929",
"http://www.wikidata.org/entity/Q2506441",,"1968",
"http://www.wikidata.org/entity/Q3184638",,"1946",
"http://www.wikidata.org/entity/Q19358873",,"1919",
"http://www.wikidata.org/entity/Q3385363",,"1941",
"http://www.wikidata.org/entity/Q3310625",,"1962",
"http://www.wikidata.org/entity/Q3169028",,"1949",
"http://www.wikidata.org/entity/Q19358878",,"1899",
"http://www.wikidata.org/entity/Q30497954",,"1967",
"http://www.wikidata.org/entity/Q3510140",,"1969",
"http://www.wikidata.org/entity/Q19358877",,"1897",
"http://www.wikidata.org/entity/Q112110960",,"1984",
"http://www.wikidata.org/entity/Q65595002",,"1978",
"http://www.wikidata.org/entity/Q3372063",,"1942",
"http://www.wikidata.org/entity/Q437405",,"1951",
"http://www.wikidata.org/entity/Q3122307",,"1926",
"http://www.wikidata.org/entity/Q17350936",,"1923",
"http://www.wikidata.org/entity/Q30343128",,"1989",
"http://www.wikidata.org/entity/Q3158381",,"1918",
"http://www.wikidata.org/entity/Q29791418",,"1966",
"http://www.wikidata.org/entity/Q2271863",,"1944",
"http://www.wikidata.org/entity/Q951678",,"1935",
"http://www.wikidata.org/entity/Q3012817",,"1964",
"http://www.wikidata.org/entity/Q95680122",,"1961",
"http://www.wikidata.org/entity/Q3287865",,"1931",
"http://www.wikidata.org/entity/Q528621",,"1956",
"http://www.wikidata.org/entity/Q3168597",,"1948",
"http://www.wikidata.org/entity/Q124253742",,"1964",
"http://www.wikidata.org/entity/Q3419142",,"1934",
"http://www.wikidata.org/entity/Q3510156",,"1971",
"http://www.wikidata.org/entity/Q99673071",,"1978",
"http://www.wikidata.org/entity/Q3310603",,"1943",
"http://www.wikidata.org/entity/Q2271854",,"1957",
"http://www.wikidata.org/entity/Q3185940",,"1947",
"http://www.wikidata.org/entity/Q98238527",,"1979",
"http://www.wikidata.org/entity/Q30229514",,"1976",
"http://www.wikidata.org/entity/Q8316391",,"1915",
"http://www.wikidata.org/entity/Q136772110",,"1961",
"http://www.wikidata.org/entity/Q112641192",,"1989",
"http://www.wikidata.org/entity/Q130340068",,"1963",
"http://www.wikidata.org/entity/Q3173942",,"1924",
"http://www.wikidata.org/entity/Q3309604",,"1950",
"http://www.wikidata.org/entity/Q3419138",,"1924",
"http://www.wikidata.org/entity/Q126590286",,"1977",
"http://www.wikidata.org/entity/Q3425814",,"1940",
"http://www.wikidata.org/entity/Q3090320",,"1958",
"http://www.wikidata.org/entity/Q3262549",,"1914",
"http://www.wikidata.org/entity/Q3185939",,"1950",
"http://www.wikidata.org/entity/Q3299831",,"1977",
"http://www.wikidata.org/entity/Q3573621",,"1934",
"http://www.wikidata.org/entity/Q2271848",,"1964",
"http://www.wikidata.org/entity/Q30378641",,"1982",
"http://www.wikidata.org/entity/Q1450831",,"1966",
"http://www.wikidata.org/entity/Q112649913",,"1991",
"http://www.wikidata.org/entity/Q127255874",,"1990",
"http://www.wikidata.org/entity/Q30386268",,"1968",
"http://www.wikidata.org/entity/Q3479651",,"1970",
"http://www.wikidata.org/entity/Q127274166",,"1965",
"http://www.wikidata.org/entity/Q3434780",,"1933",
"http://www.wikidata.org/entity/Q799291",,"1970",
"http://www.wikidata.org/entity/Q492259",,"1929",
"http://www.wikidata.org/entity/Q2059067",,"1899",
"http://www.wikidata.org/entity/Q30319402",,"1960",
"http://www.wikidata.org/entity/Q2965463",,"1931",
"http://www.wikidata.org/entity/Q2829584",,"1946",
"http://www.wikidata.org/entity/Q3573650",,"1934",
"http://www.wikidata.org/entity/Q17350968",,"1911",
"http://www.wikidata.org/entity/Q30414734",,"1965",
"http://www.wikidata.org/entity/Q3573638",,"1946",
"http://www.wikidata.org/entity/Q3320860",,"1945",
"http://www.wikidata.org/entity/Q895873",,"1939",
"http://www.wikidata.org/entity/Q7399901",,"1911",
"http://www.wikidata.org/entity/Q2896372",,"1969",
"http://www.wikidata.org/entity/Q3506922",,"1968",
"http://www.wikidata.org/entity/Q3573642",,"1958",
"http://www.wikidata.org/entity/Q97165502",,"1946",
"http://www.wikidata.org/entity/Q2829574",,"1942",
"http://www.wikidata.org/entity/Q2380158",,"1921",
"http://www.wikidata.org/entity/Q17350977",,"1909",
"http://www.wikidata.org/entity/Q3455690",,"1933",
"http://www.wikidata.org/entity/Q2925385",,"1956",
"http://www.wikidata.org/entity/Q1685804",,"1920",
"http://www.wikidata.org/entity/Q112040646",,"1990",
"http://www.wikidata.org/entity/Q3027066",,"1934",
"http://www.wikidata.org/entity/Q3262587",,"1899",
"http://www.wikidata.org/entity/Q30349293",,"1964",
"http://www.wikidata.org/entity/Q3261257",,"1937",
"http://www.wikidata.org/entity/Q30349298",,"1954",
"http://www.wikidata.org/entity/Q582101",,"1946",
"http://www.wikidata.org/entity/Q3287815",,"1943",
"http://www.wikidata.org/entity/Q17350067",,"1897",
"http://www.wikidata.org/entity/Q3367532",,"1960",
"http://www.wikidata.org/entity/Q2754410",,"1965",
"http://www.wikidata.org/entity/Q2865277",,"1930",
"http://www.wikidata.org/entity/Q58130",,"1946",
"http://www.wikidata.org/entity/Q2848711",,"1915",
"http://www.wikidata.org/entity/Q2925398",,"1953",
"http://www.wikidata.org/entity/Q2848717",,"1925",
"http://www.wikidata.org/entity/Q3028388",,"1955",
"http://www.wikidata.org/entity/Q3131281",,"1937",
"http://www.wikidata.org/entity/Q3351188",,"1971",
"http://www.wikidata.org/entity/Q98233678",,"1949",
"http://www.wikidata.org/entity/Q3300436",,"1939",
"http://www.wikidata.org/entity/Q3262594",,"1919",
"http://www.wikidata.org/entity/Q3506023",,"1908",
"http://www.wikidata.org/entity/Q2831036",,"1937",
"http://www.wikidata.org/entity/Q1393874",,"1951",
"http://www.wikidata.org/entity/Q1321340",,"1948",
"http://www.wikidata.org/entity/Q3167235",,"1950",
"http://www.wikidata.org/entity/Q3574114",,"1942",
"http://www.wikidata.org/entity/Q3167239",,"1940",
"http://www.wikidata.org/entity/Q3102791",,"1914",
"http://www.wikidata.org/entity/Q130316329",,"1975",
"http://www.wikidata.org/entity/Q62077797",,"1977",
"http://www.wikidata.org/entity/Q17350094",,"1898",
"http://www.wikidata.org/entity/Q3159627",,"1947",
"http://www.wikidata.org/entity/Q2976946",,"1943",
"http://www.wikidata.org/entity/Q30333733",,"1969",
"http://www.wikidata.org/entity/Q3439631",,"1925",
"http://www.wikidata.org/entity/Q3506038",,"1930",
"http://www.wikidata.org/entity/Q17175074",,"1923",
"http://www.wikidata.org/entity/Q530964",,"1946",
"http://www.wikidata.org/entity/Q16627713",,"1929",
"http://www.wikidata.org/entity/Q362223",,"1943",
"http://www.wikidata.org/entity/Q3099507",,"1957",
"http://www.wikidata.org/entity/Q3167246",,"1951",
"http://www.wikidata.org/entity/Q3574148",,"1949",
"http://www.wikidata.org/entity/Q30435693",,"1963",
"http://www.wikidata.org/entity/Q3102780",,"1942",
"http://www.wikidata.org/entity/Q126688999",,"1970",
"http://www.wikidata.org/entity/Q3027032",,"1960",
"http://www.wikidata.org/entity/Q3380514",,"1955",
"http://www.wikidata.org/entity/Q3506044",,"1943",
"http://www.wikidata.org/entity/Q3168587",,"1912",
"http://www.wikidata.org/entity/Q2835418",,"1945",
"http://www.wikidata.org/entity/Q2636454",,"1941",
"http://www.wikidata.org/entity/Q16645595",,"1912",
"http://www.wikidata.org/entity/Q3574136",,"1942",
"http://www.wikidata.org/entity/Q15973674",,"1932",
"http://www.wikidata.org/entity/Q63765537",,"1961",
"http://www.wikidata.org/entity/Q609661",,"1944",
"http://www.wikidata.org/entity/Q3261293",,"1908",
"http://www.wikidata.org/entity/Q19630059",,"1900",
"http://www.wikidata.org/entity/Q19630057",,"1920",
"http://www.wikidata.org/entity/Q452173",,"1951",
"http://www.wikidata.org/entity/Q2790949",,"1958",
"http://www.wikidata.org/entity/Q19630058",,"1913",
"http://www.wikidata.org/entity/Q3157869",,"1930",
"http://www.wikidata.org/entity/Q3507383",,"1955",
"http://www.wikidata.org/entity/Q3265654",,"1924",
"http://www.wikidata.org/entity/Q2898160",,"1931",
"http://www.wikidata.org/entity/Q30349257",,"1981",
"http://www.wikidata.org/entity/Q126595907",,"1993",
"http://www.wikidata.org/entity/Q3189473",,"1955",
"http://www.wikidata.org/entity/Q21621478",,"1983",
"http://www.wikidata.org/entity/Q3105870",,"1915",
"http://www.wikidata.org/entity/Q19630060",,"1902",
"http://www.wikidata.org/entity/Q3124133",,"1943",
"http://www.wikidata.org/entity/Q19630061",,"1913",
"http://www.wikidata.org/entity/Q3456166",,"1917",
"http://www.wikidata.org/entity/Q327013",,"1908",
"http://www.wikidata.org/entity/Q1905371",,"1949",
"http://www.wikidata.org/entity/Q3588724",,"1920",
"http://www.wikidata.org/entity/Q3507399",,"1962",
"http://www.wikidata.org/entity/Q30349248",,"1984",
"http://www.wikidata.org/entity/Q203793",,"1965",
"http://www.wikidata.org/entity/Q3309684",,"1945",
"http://www.wikidata.org/entity/Q112308110",,"1976",
"http://www.wikidata.org/entity/Q30490415",,"1959",
"http://www.wikidata.org/entity/Q3367564",,"1967",
"http://www.wikidata.org/entity/Q518421",,"1917",
"http://www.wikidata.org/entity/Q20735825",,"1955",
"http://www.wikidata.org/entity/Q19630036",,"1920",
"http://www.wikidata.org/entity/Q30388848",,"1960",
"http://www.wikidata.org/entity/Q117340",,"1973",
"http://www.wikidata.org/entity/Q126870256",,"1995",
"http://www.wikidata.org/entity/Q926639",,"1913",
"http://www.wikidata.org/entity/Q16543600",,"1908",
"http://www.wikidata.org/entity/Q30497082",,"1987",
"http://www.wikidata.org/entity/Q30349279",,"1977",
"http://www.wikidata.org/entity/Q3086255",,"1960",
"http://www.wikidata.org/entity/Q2898142",,"1903",
"http://www.wikidata.org/entity/Q3309676",,"1943",
"http://www.wikidata.org/entity/Q30417849",,"1958",
"http://www.wikidata.org/entity/Q256294",,"1950",
"http://www.wikidata.org/entity/Q19630040",,"1906",
"http://www.wikidata.org/entity/Q15973628",,"1927",
"http://www.wikidata.org/entity/Q3265640",,"1901",
"http://www.wikidata.org/entity/Q3380558",,"1942",
"http://www.wikidata.org/entity/Q19630047",,"1904",
"http://www.wikidata.org/entity/Q3190421",,"1916",
"http://www.wikidata.org/entity/Q30729409",,"1970",
"http://www.wikidata.org/entity/Q3379573",,"1942",
"http://www.wikidata.org/entity/Q2370745",,"1955",
"http://www.wikidata.org/entity/Q3105845",,"1942",
"http://www.wikidata.org/entity/Q2908882",,"1960",
"http://www.wikidata.org/entity/Q2899486",,"1941",
"http://www.wikidata.org/entity/Q2831019",,"1915",
"http://www.wikidata.org/entity/Q3124120",,"1938",
"http://www.wikidata.org/entity/Q550501",,"1947",
"http://www.wikidata.org/entity/Q30337284",,"1982",
"http://www.wikidata.org/entity/Q3371602",,"1913",
"http://www.wikidata.org/entity/Q19630052",,"1920",
"http://www.wikidata.org/entity/Q3310658",,"1949",
"http://www.wikidata.org/entity/Q112650093",,"1959",
"http://www.wikidata.org/entity/Q728906",,"1930",
"http://www.wikidata.org/entity/Q30386520",,"1968",
"http://www.wikidata.org/entity/Q3380207",,"1948",
"http://www.wikidata.org/entity/Q112651131",,"1960",
"http://www.wikidata.org/entity/Q547525",,"1922",
"http://www.wikidata.org/entity/Q3426154",,"1933",
"http://www.wikidata.org/entity/Q112652467",,"1964",
"http://www.wikidata.org/entity/Q3370893",,"1926",
"http://www.wikidata.org/entity/Q3131699",,"1944",
"http://www.wikidata.org/entity/Q3084768",,"1953",
"http://www.wikidata.org/entity/Q112637681",,"1973",
"http://www.wikidata.org/entity/Q30349575",,"1974",
"http://www.wikidata.org/entity/Q3531753",,"1939",
"http://www.wikidata.org/entity/Q127233075",,"1976",
"http://www.wikidata.org/entity/Q3574086",,"1954",
"http://www.wikidata.org/entity/Q17350461",,"1903",
"http://www.wikidata.org/entity/Q2861634",,"1939",
"http://www.wikidata.org/entity/Q3579773",,"1937",
"http://www.wikidata.org/entity/Q30342940",,"1979",
"http://www.wikidata.org/entity/Q2861631",,"1953",
"http://www.wikidata.org/entity/Q112641704",,"1961",
"http://www.wikidata.org/entity/Q3168956",,"1948",
"http://www.wikidata.org/entity/Q555147",,"1912",
"http://www.wikidata.org/entity/Q3367254",,"1921",
"http://www.wikidata.org/entity/Q3167626",,"1929",
"http://www.wikidata.org/entity/Q2847335",,"1935",
"http://www.wikidata.org/entity/Q2897604",,"1938",
"http://www.wikidata.org/entity/Q707980",,"1954",
"http://www.wikidata.org/entity/Q16664298",,"1936",
"http://www.wikidata.org/entity/Q30420910",,"1967",
"http://www.wikidata.org/entity/Q17350481",,"1919",
"http://www.wikidata.org/entity/Q2834022",,"1937",
"http://www.wikidata.org/entity/Q3574070",,"1948",
"http://www.wikidata.org/entity/Q98238168",,"1954",
"http://www.wikidata.org/entity/Q17350479",,"1929",
"http://www.wikidata.org/entity/Q3579767",,"1905",
"http://www.wikidata.org/entity/Q3574078",,"1937",
"http://www.wikidata.org/entity/Q3166300",,"1943",
"http://www.wikidata.org/entity/Q3188578",,"1899",
"http://www.wikidata.org/entity/Q3168969",,"1950",
"http://www.wikidata.org/entity/Q707984",,"1959",
"http://www.wikidata.org/entity/Q120764896",,"1968",
"http://www.wikidata.org/entity/Q3168963",,"1941",
"http://www.wikidata.org/entity/Q3166308",,"1945",
"http://www.wikidata.org/entity/Q2926654",,"1958",
"http://www.wikidata.org/entity/Q2874956",,"1971",
"http://www.wikidata.org/entity/Q112652488",,"1989",
"http://www.wikidata.org/entity/Q3382889",,"1920",
"http://www.wikidata.org/entity/Q2874954",,"1942",
"http://www.wikidata.org/entity/Q3379248",,"1941",
"http://www.wikidata.org/entity/Q3084787",,"1918",
"http://www.wikidata.org/entity/Q3168971",,"1960",
"http://www.wikidata.org/entity/Q1768192",,"1951",
"http://www.wikidata.org/entity/Q17350489",,"1925",
"http://www.wikidata.org/entity/Q3084796",,"1932",
"http://www.wikidata.org/entity/Q3102266",,"1905",
"http://www.wikidata.org/entity/Q2847355",,"1915",
"http://www.wikidata.org/entity/Q30339307",,"1967",
"http://www.wikidata.org/entity/Q2926662",,"1945",
"http://www.wikidata.org/entity/Q3069182",,"1901",
"http://www.wikidata.org/entity/Q16669958",,"1924",
"http://www.wikidata.org/entity/Q30447134",,"1949",
"http://www.wikidata.org/entity/Q3130375",,"1908",
"http://www.wikidata.org/entity/Q15973273",,"1931",
"http://www.wikidata.org/entity/Q17350499",,"1905",
"http://www.wikidata.org/entity/Q3014035",,"1963",
"http://www.wikidata.org/entity/Q30349588",,"1982",
"http://www.wikidata.org/entity/Q3082124",,"1962",
"http://www.wikidata.org/entity/Q17350494",,"1936",
"http://www.wikidata.org/entity/Q30350575",,"1969",
"http://www.wikidata.org/entity/Q3084783",,"1961",
"http://www.wikidata.org/entity/Q2848693",,"1940",
"http://www.wikidata.org/entity/Q2960546",,"1930",
"http://www.wikidata.org/entity/Q30342954",,"1975",
"http://www.wikidata.org/entity/Q2850946",,"1955",
"http://www.wikidata.org/entity/Q30338888",,"1961",
"http://www.wikidata.org/entity/Q2848624",,"1947",
"http://www.wikidata.org/entity/Q30435197",,"1957",
"http://www.wikidata.org/entity/Q3372634",,"1937",
"http://www.wikidata.org/entity/Q18745008",,"1938",
"http://www.wikidata.org/entity/Q3190850",,"1966",
"http://www.wikidata.org/entity/Q3132985",,"1891",
"http://www.wikidata.org/entity/Q3086507",,"1962",
"http://www.wikidata.org/entity/Q3439417",,"1933",
"http://www.wikidata.org/entity/Q3131653",,"1932",
"http://www.wikidata.org/entity/Q3385940",,"1949",
"http://www.wikidata.org/entity/Q17177077",,"1965",
"http://www.wikidata.org/entity/Q63764396",,"1973",
"http://www.wikidata.org/entity/Q30338881",,"1968",
"http://www.wikidata.org/entity/Q3472011",,"1966",
"http://www.wikidata.org/entity/Q3426115",,"1941",
"http://www.wikidata.org/entity/Q3420811",,"1908",
"http://www.wikidata.org/entity/Q3160195",,"1906",
"http://www.wikidata.org/entity/Q3420810",,"1939",
"http://www.wikidata.org/entity/Q21334403",,"1941",
"http://www.wikidata.org/entity/Q3289235",,"1927",
"http://www.wikidata.org/entity/Q2597745",,"1956",
"http://www.wikidata.org/entity/Q268595",,"1973",
"http://www.wikidata.org/entity/Q2926688",,"1942",
"http://www.wikidata.org/entity/Q2391979",,"1957",
"http://www.wikidata.org/entity/Q112652414",,"1982",
"http://www.wikidata.org/entity/Q3300119",,"1953",
"http://www.wikidata.org/entity/Q359005",,"1941",
"http://www.wikidata.org/entity/Q3439428",,"1912",
"http://www.wikidata.org/entity/Q3131642",,"1922",
"http://www.wikidata.org/entity/Q3579720",,"1900",
"http://www.wikidata.org/entity/Q30453870",,"1979",
"http://www.wikidata.org/entity/Q2401871",,"1949",
"http://www.wikidata.org/entity/Q4866120",,"1914",
"http://www.wikidata.org/entity/Q3372638",,"1949",
"http://www.wikidata.org/entity/Q3472000",,"1968",
"http://www.wikidata.org/entity/Q30349529",,"1958",
"http://www.wikidata.org/entity/Q924976",,"1951",
"http://www.wikidata.org/entity/Q112635071",,"1961",
"http://www.wikidata.org/entity/Q3372651",,"1946",
"http://www.wikidata.org/entity/Q16646407",,"1963",
"http://www.wikidata.org/entity/Q3168928",,"1945",
"http://www.wikidata.org/entity/Q3185495",,"1900",
"http://www.wikidata.org/entity/Q3420826",,"1945",
"http://www.wikidata.org/entity/Q3185498",,"1915",
"http://www.wikidata.org/entity/Q17496906",,"1915",
"http://www.wikidata.org/entity/Q3185492",,"1936",
"http://www.wikidata.org/entity/Q63764370",,"1969",
"http://www.wikidata.org/entity/Q3086528",,"1953",
"http://www.wikidata.org/entity/Q2834012",,"1913",
"http://www.wikidata.org/entity/Q2960570",,"1952",
"http://www.wikidata.org/entity/Q3094138",,"1946",
"http://www.wikidata.org/entity/Q3507208",,"1940",
"http://www.wikidata.org/entity/Q3439430",,"1933",
"http://www.wikidata.org/entity/Q3384633",,"1928",
"http://www.wikidata.org/entity/Q106489533",,"1993",
"http://www.wikidata.org/entity/Q3069133",,"1917",
"http://www.wikidata.org/entity/Q30130489",,"1966",
"http://www.wikidata.org/entity/Q3435073",,"1915",
"http://www.wikidata.org/entity/Q3057159",,"1932",
"http://www.wikidata.org/entity/Q18610982",,"1907",
"http://www.wikidata.org/entity/Q30342921",,"1971",
"http://www.wikidata.org/entity/Q3309391",,"1936",
"http://www.wikidata.org/entity/Q109711972",,"1978",
"http://www.wikidata.org/entity/Q2848656",,"1924",
"http://www.wikidata.org/entity/Q3371332",,"1899",
"http://www.wikidata.org/entity/Q30342903",,"1945",
"http://www.wikidata.org/entity/Q465989",,"1962",
"http://www.wikidata.org/entity/Q2597725",,"1978",
"http://www.wikidata.org/entity/Q765852",,"1943",
"http://www.wikidata.org/entity/Q112641729",,"1976",
"http://www.wikidata.org/entity/Q3185481",,"1907",
"http://www.wikidata.org/entity/Q30530581",,"1974",
"http://www.wikidata.org/entity/Q112579260",,"1973",
"http://www.wikidata.org/entity/Q3086522",,"1947",
"http://www.wikidata.org/entity/Q63764362",,"1981",
"http://www.wikidata.org/entity/Q30349549",,"1975",
"http://www.wikidata.org/entity/Q30391048",,"1967",
"http://www.wikidata.org/entity/Q2847323",,"1894",
"http://www.wikidata.org/entity/Q2363059",,"1955",
"http://www.wikidata.org/entity/Q3380285",,"1937",
"http://www.wikidata.org/entity/Q3291512",,"1962",
"http://www.wikidata.org/entity/Q2829528",,"1947",
"http://www.wikidata.org/entity/Q3190819",,"1949",
"http://www.wikidata.org/entity/Q2897675",,"1948",
"http://www.wikidata.org/entity/Q126540256",,"1981",
"http://www.wikidata.org/entity/Q2825162",,"1927",
"http://www.wikidata.org/entity/Q3380290",,"1925",
"http://www.wikidata.org/entity/Q3196125",,"1953",
"http://www.wikidata.org/entity/Q3093628",,"1943",
"http://www.wikidata.org/entity/Q2977451",,"1938",
"http://www.wikidata.org/entity/Q16641584",,"1900",
"http://www.wikidata.org/entity/Q30334480",,"1988",
"http://www.wikidata.org/entity/Q56310930",,"1964",
"http://www.wikidata.org/entity/Q3434615",,"1934",
"http://www.wikidata.org/entity/Q3160161",,"1944",
"http://www.wikidata.org/entity/Q16641570",,"1917",
"http://www.wikidata.org/entity/Q3435951",,"1934",
"http://www.wikidata.org/entity/Q3081676",,"1957",
"http://www.wikidata.org/entity/Q30497440",,"1957",
"http://www.wikidata.org/entity/Q112641764",,"1970",
"http://www.wikidata.org/entity/Q3059775",,"1907",
"http://www.wikidata.org/entity/Q2977470",,"1952",
"http://www.wikidata.org/entity/Q30349518",,"1966",
"http://www.wikidata.org/entity/Q30378055",,"1956",
"http://www.wikidata.org/entity/Q112650690",,"1986",
"http://www.wikidata.org/entity/Q44508694",,"1983",
"http://www.wikidata.org/entity/Q3289210",,"1899",
"http://www.wikidata.org/entity/Q63766180",,"1976",
"http://www.wikidata.org/entity/Q19629426",,"1923",
"http://www.wikidata.org/entity/Q3291527",,"1957",
"http://www.wikidata.org/entity/Q97403325",,"1933",
"http://www.wikidata.org/entity/Q3131622",,"1898",
"http://www.wikidata.org/entity/Q126949564",,"1998",
"http://www.wikidata.org/entity/Q387058",,"1943",
"http://www.wikidata.org/entity/Q3081673",,"1951",
"http://www.wikidata.org/entity/Q270094",,"1959",
"http://www.wikidata.org/entity/Q17619515",,"1960",
"http://www.wikidata.org/entity/Q2150162",,"1948",
"http://www.wikidata.org/entity/Q1508800",,"1930",
"http://www.wikidata.org/entity/Q3069103",,"1917",
"http://www.wikidata.org/entity/Q126869769",,"1952",
"http://www.wikidata.org/entity/Q47539353",,"1980",
"http://www.wikidata.org/entity/Q88977914",,"1974",
"http://www.wikidata.org/entity/Q3270677",,"1924",
"http://www.wikidata.org/entity/Q3369075",,"1953",
"http://www.wikidata.org/entity/Q3288791",,"1944",
"http://www.wikidata.org/entity/Q868322",,"1940",
"http://www.wikidata.org/entity/Q3159123",,"1964",
"http://www.wikidata.org/entity/Q19606775",,"1940",
"http://www.wikidata.org/entity/Q3159122",,"1928",
"http://www.wikidata.org/entity/Q3168073",,"1947",
"http://www.wikidata.org/entity/Q3173419",,"1946",
"http://www.wikidata.org/entity/Q30338805",,"1976",
"http://www.wikidata.org/entity/Q3426191",,"1920",
"http://www.wikidata.org/entity/Q3420899",,"1919",
"http://www.wikidata.org/entity/Q2401803",,"1933",
"http://www.wikidata.org/entity/Q16669934",,"1977",
"http://www.wikidata.org/entity/Q1685318",,"1946",
"http://www.wikidata.org/entity/Q2897648",,"1946",
"http://www.wikidata.org/entity/Q3308916",,"1928",
"http://www.wikidata.org/entity/Q16749704",,"1919",
"http://www.wikidata.org/entity/Q3159132",,"1920",
"http://www.wikidata.org/entity/Q2897641",,"1957",
"http://www.wikidata.org/entity/Q2897642",,"1948",
"http://www.wikidata.org/entity/Q2397214",,"1944",
"http://www.wikidata.org/entity/Q3435901",,"1920",
"http://www.wikidata.org/entity/Q868318",,"1942",
"http://www.wikidata.org/entity/Q3386406",,"1930",
"http://www.wikidata.org/entity/Q3159130",,"1923",
"http://www.wikidata.org/entity/Q112642209",,"1966",
"http://www.wikidata.org/entity/Q3270693",,"1903",
"http://www.wikidata.org/entity/Q3592778",,"1955",
"http://www.wikidata.org/entity/Q3160124",,"1951",
"http://www.wikidata.org/entity/Q127253515",,"1996",
"http://www.wikidata.org/entity/Q2977433",,"1944",
"http://www.wikidata.org/entity/Q2373234",,"1935",
"http://www.wikidata.org/entity/Q3386407",,"1905",
"http://www.wikidata.org/entity/Q731633",,"1950",
"http://www.wikidata.org/entity/Q3047759",,"1911",
"http://www.wikidata.org/entity/Q731629",,"1968",
"http://www.wikidata.org/entity/Q2847391",,"1906",
"http://www.wikidata.org/entity/Q2959501",,"1938",
"http://www.wikidata.org/entity/Q2977424",,"1924",
"http://www.wikidata.org/entity/Q63615187",,"1965",
"http://www.wikidata.org/entity/Q24452013",,"1963",
"http://www.wikidata.org/entity/Q3047765",,"1904",
"http://www.wikidata.org/entity/Q112650653",,"1993",
"http://www.wikidata.org/entity/Q1360173",,"1946",
"http://www.wikidata.org/entity/Q3526335",,"1919",
"http://www.wikidata.org/entity/Q3261713",,"1897",
"http://www.wikidata.org/entity/Q16641591",,"1924",
"http://www.wikidata.org/entity/Q16641597",,"1921",
"http://www.wikidata.org/entity/Q112638162",,"1981",
"http://www.wikidata.org/entity/Q356724",,"1891",
"http://www.wikidata.org/entity/Q439732",,"1960",
"http://www.wikidata.org/entity/Q3434688",,"1910",
"http://www.wikidata.org/entity/Q3169360",,"1953",
"http://www.wikidata.org/entity/Q3169366",,"1950",
"http://www.wikidata.org/entity/Q16670044",,"1914",
"http://www.wikidata.org/entity/Q230861",,"1934",
"http://www.wikidata.org/entity/Q3386316",,"1917",
"http://www.wikidata.org/entity/Q3311616",,"1946",
"http://www.wikidata.org/entity/Q54413736",,"1964",
"http://www.wikidata.org/entity/Q298355",,"1925",
"http://www.wikidata.org/entity/Q63313476",,"1988",
"http://www.wikidata.org/entity/Q63313474",,"1973",
"http://www.wikidata.org/entity/Q3240848",,"1941",
"http://www.wikidata.org/entity/Q112638094",,"1993",
"http://www.wikidata.org/entity/Q16238767",,"1909",
"http://www.wikidata.org/entity/Q63106668",,"1954",
"http://www.wikidata.org/entity/Q63106663",,"1970",
"http://www.wikidata.org/entity/Q588867",,"1941",
"http://www.wikidata.org/entity/Q3300952",,"1931",
"http://www.wikidata.org/entity/Q3090643",,"1930",
"http://www.wikidata.org/entity/Q3170360",,"1934",
"http://www.wikidata.org/entity/Q3171690",,"1925",
"http://www.wikidata.org/entity/Q30342132",,"1958",
"http://www.wikidata.org/entity/Q3386327",,"1932",
"http://www.wikidata.org/entity/Q63763891",,"1956",
"http://www.wikidata.org/entity/Q30458608",,"1976",
"http://www.wikidata.org/entity/Q30379410",,"1985",
"http://www.wikidata.org/entity/Q3159102",,"1946",
"http://www.wikidata.org/entity/Q30505632",,"1970",
"http://www.wikidata.org/entity/Q30334540",,"1968",
"http://www.wikidata.org/entity/Q112632770",,"1973",
"http://www.wikidata.org/entity/Q3182341",,"1966",
"http://www.wikidata.org/entity/Q117442688",,"1962",
"http://www.wikidata.org/entity/Q3026913",,"1943",
"http://www.wikidata.org/entity/Q3300946",,"1933",
"http://www.wikidata.org/entity/Q3261750",,"1899",
"http://www.wikidata.org/entity/Q2833521",,"1897",
"http://www.wikidata.org/entity/Q3123986",,"1949",
"http://www.wikidata.org/entity/Q73414972",,"1977",
"http://www.wikidata.org/entity/Q3087025",,"1942",
"http://www.wikidata.org/entity/Q16670020",,"1909",
"http://www.wikidata.org/entity/Q3510015",,"1938",
"http://www.wikidata.org/entity/Q98236409",,"1968",
"http://www.wikidata.org/entity/Q2271318",,"1958",
"http://www.wikidata.org/entity/Q131631495",,"1965",
"http://www.wikidata.org/entity/Q3022540",,"1962",
"http://www.wikidata.org/entity/Q2821535",,"1920",
"http://www.wikidata.org/entity/Q1530897",,"1955",
"http://www.wikidata.org/entity/Q30505626",,"1973",
"http://www.wikidata.org/entity/Q3047842",,"1919",
"http://www.wikidata.org/entity/Q98233377",,"1965",
"http://www.wikidata.org/entity/Q126596776",,"1960",
"http://www.wikidata.org/entity/Q3026900",,"1961",
"http://www.wikidata.org/entity/Q2965310",,"1940",
"http://www.wikidata.org/entity/Q3386344",,"1956",
"http://www.wikidata.org/entity/Q3421399",,"1979",
"http://www.wikidata.org/entity/Q3557559",,"1911",
"http://www.wikidata.org/entity/Q3120008",,"1977",
"http://www.wikidata.org/entity/Q3014955",,"1944",
"http://www.wikidata.org/entity/Q3240812",,"1968",
"http://www.wikidata.org/entity/Q28007418",,"1903",
"http://www.wikidata.org/entity/Q3425753",,"1942",
"http://www.wikidata.org/entity/Q3081737",,"1958",
"http://www.wikidata.org/entity/Q3170309",,"1943",
"http://www.wikidata.org/entity/Q3132061",,"1900",
"http://www.wikidata.org/entity/Q16673109",,"1913",
"http://www.wikidata.org/entity/Q30538517",,"1978",
"http://www.wikidata.org/entity/Q28105164",,"1984",
"http://www.wikidata.org/entity/Q3345836",,"1920",
"http://www.wikidata.org/entity/Q380406",,"1925",
"http://www.wikidata.org/entity/Q3170303",,"1902",
"http://www.wikidata.org/entity/Q17189959",,"1899",
"http://www.wikidata.org/entity/Q16670086",,"1911",
"http://www.wikidata.org/entity/Q3047809",,"1893",
"http://www.wikidata.org/entity/Q63763869",,"1972",
"http://www.wikidata.org/entity/Q62388344",,"1990",
"http://www.wikidata.org/entity/Q3158681",,"1950",
"http://www.wikidata.org/entity/Q23947942",,"1971",
"http://www.wikidata.org/entity/Q16673114",,"1927",
"http://www.wikidata.org/entity/Q3081722",,"1910",
"http://www.wikidata.org/entity/Q2828100",,"1908",
"http://www.wikidata.org/entity/Q3573502",,"1935",
"http://www.wikidata.org/entity/Q3168006",,"1941",
"http://www.wikidata.org/entity/Q30390636",,"1965",
"http://www.wikidata.org/entity/Q30388327",,"1977",
"http://www.wikidata.org/entity/Q127220622",,"1975",
"http://www.wikidata.org/entity/Q130343689",,"1967",
"http://www.wikidata.org/entity/Q2965349",,"1961",
"http://www.wikidata.org/entity/Q3369813",,"1944",
"http://www.wikidata.org/entity/Q3385040",,"1938",
"http://www.wikidata.org/entity/Q3132080",,"1933",
"http://www.wikidata.org/entity/Q3573533",,"1951",
"http://www.wikidata.org/entity/Q3184959",,"1924",
"http://www.wikidata.org/entity/Q3568187",,"1945",
"http://www.wikidata.org/entity/Q63106692",,"1963",
"http://www.wikidata.org/entity/Q3169347",,"1947",
"http://www.wikidata.org/entity/Q112654178",,"1980",
"http://www.wikidata.org/entity/Q3047801",,"1904",
"http://www.wikidata.org/entity/Q3170337",,"1926",
"http://www.wikidata.org/entity/Q3168024",,"1953",
"http://www.wikidata.org/entity/Q3093730",,"1906",
"http://www.wikidata.org/entity/Q3425719",,"1954",
"http://www.wikidata.org/entity/Q2897580",,"1948",
"http://www.wikidata.org/entity/Q3168020",,"1942",
"http://www.wikidata.org/entity/Q30343446",,"1967",
"http://www.wikidata.org/entity/Q30342118",,"1964",
"http://www.wikidata.org/entity/Q17496921",,"1913",
"http://www.wikidata.org/entity/Q2849914",,"1945",
"http://www.wikidata.org/entity/Q30339379",,"1988",
"http://www.wikidata.org/entity/Q112654129",,"1986",
"http://www.wikidata.org/entity/Q3345875",,"1935",
"http://www.wikidata.org/entity/Q3172920",,"1922",
"http://www.wikidata.org/entity/Q3159966",,"1919",
"http://www.wikidata.org/entity/Q19958573",,"1970",
"http://www.wikidata.org/entity/Q1262453",,"1889",
"http://www.wikidata.org/entity/Q2913287",,"1962",
"http://www.wikidata.org/entity/Q3104867",,"1946",
"http://www.wikidata.org/entity/Q3166254",,"1943",
"http://www.wikidata.org/entity/Q3574002",,"1950",
"http://www.wikidata.org/entity/Q30339375",,"1959",
"http://www.wikidata.org/entity/Q2250266",,"1936",
"http://www.wikidata.org/entity/Q30339372",,"1953",
"http://www.wikidata.org/entity/Q30339370",,"1989",
"http://www.wikidata.org/entity/Q3159970",,"1938",
"http://www.wikidata.org/entity/Q2420908",,"1950",
"http://www.wikidata.org/entity/Q17496917",,"1910",
"http://www.wikidata.org/entity/Q136442447",,"1973",
"http://www.wikidata.org/entity/Q3132013",,"1935",
"http://www.wikidata.org/entity/Q63348995",,"1967",
"http://www.wikidata.org/entity/Q3507235",,"1945",
"http://www.wikidata.org/entity/Q3507238",,"1964",
"http://www.wikidata.org/entity/Q3167594",,"1949",
"http://www.wikidata.org/entity/Q63765672",,"1962",
"http://www.wikidata.org/entity/Q30068067",,"1985",
"http://www.wikidata.org/entity/Q30339364",,"1963",
"http://www.wikidata.org/entity/Q30344710",,"1964",
"http://www.wikidata.org/entity/Q30339363",,"1972",
"http://www.wikidata.org/entity/Q85304039",,"1979",
"http://www.wikidata.org/entity/Q3292045",,"1953",
"http://www.wikidata.org/entity/Q2848602",,"1908",
"http://www.wikidata.org/entity/Q29738515",,"1976",
"http://www.wikidata.org/entity/Q112654146",,"1985",
"http://www.wikidata.org/entity/Q2848605",,"1935",
"http://www.wikidata.org/entity/Q3501943",,"1969",
"http://www.wikidata.org/entity/Q17496948",,"1980",
"http://www.wikidata.org/entity/Q3169302",,"1944",
"http://www.wikidata.org/entity/Q3166272",,"1963",
"http://www.wikidata.org/entity/Q3309350",,"1922",
"http://www.wikidata.org/entity/Q3288806",,"1906",
"http://www.wikidata.org/entity/Q3574022",,"1910",
"http://www.wikidata.org/entity/Q30339397",,"1956",
"http://www.wikidata.org/entity/Q477121",,"1918",
"http://www.wikidata.org/entity/Q3310347",,"1939",
"http://www.wikidata.org/entity/Q30339394",,"1978",
"http://www.wikidata.org/entity/Q3590982",,"1964",
"http://www.wikidata.org/entity/Q131546364",,"1978",
"http://www.wikidata.org/entity/Q2848614",,"1940",
"http://www.wikidata.org/entity/Q3099884",,"1961",
"http://www.wikidata.org/entity/Q30419094",,"1975",
"http://www.wikidata.org/entity/Q30449710",,"1979",
"http://www.wikidata.org/entity/Q3171625",,"1924",
"http://www.wikidata.org/entity/Q16638705",,"1898",
"http://www.wikidata.org/entity/Q3171628",,"1933",
"http://www.wikidata.org/entity/Q112448632",,"1985",
"http://www.wikidata.org/entity/Q63765654",,"1965",
"http://www.wikidata.org/entity/Q127256660",,"1996",
"http://www.wikidata.org/entity/Q3166286",,"1946",
"http://www.wikidata.org/entity/Q65589759",,"1970",
"http://www.wikidata.org/entity/Q63764321",,"1964",
"http://www.wikidata.org/entity/Q30339386",,"1976",
"http://www.wikidata.org/entity/Q3292063",,"1950",
"http://www.wikidata.org/entity/Q3456061",,"1952",
"http://www.wikidata.org/entity/Q3382825",,"1940",
"http://www.wikidata.org/entity/Q63106633",,"1963",
"http://www.wikidata.org/entity/Q3382822",,"1947",
"http://www.wikidata.org/entity/Q3014040",,"1944",
"http://www.wikidata.org/entity/Q3241340",,"1962",
"http://www.wikidata.org/entity/Q3309331",,"1913",
"http://www.wikidata.org/entity/Q467781",,"1951",
"http://www.wikidata.org/entity/Q3310322",,"1912",
"http://www.wikidata.org/entity/Q3573596",,"1935",
"http://www.wikidata.org/entity/Q3370845",,"1916",
"http://www.wikidata.org/entity/Q3369873",,"1952",
"http://www.wikidata.org/entity/Q98249705",,"1973",
"http://www.wikidata.org/entity/Q127256695",,"1994",
"http://www.wikidata.org/entity/Q30342982",,"1967",
"http://www.wikidata.org/entity/Q3103572",,"1957",
"http://www.wikidata.org/entity/Q3167547",,"1937",
"http://www.wikidata.org/entity/Q608242",,"1953",
"http://www.wikidata.org/entity/Q3166219",,"1953",
"http://www.wikidata.org/entity/Q109681600",,"1974",
"http://www.wikidata.org/entity/Q30339328",,"1971",
"http://www.wikidata.org/entity/Q2927013",,"1936",
"http://www.wikidata.org/entity/Q30504358",,"1979",
"http://www.wikidata.org/entity/Q30342968",,"1967",
"http://www.wikidata.org/entity/Q30339323",,"1966",
"http://www.wikidata.org/entity/Q365638",,"1950",
"http://www.wikidata.org/entity/Q3158601",,"1935",
"http://www.wikidata.org/entity/Q63106626",,"1985",
"http://www.wikidata.org/entity/Q3158603",,"1955",
"http://www.wikidata.org/entity/Q113376374",,"1990",
"http://www.wikidata.org/entity/Q3573580",,"1944",
"http://www.wikidata.org/entity/Q63765634",,"1975",
"http://www.wikidata.org/entity/Q3102236",,"1935",
"http://www.wikidata.org/entity/Q3573589",,"1954",
"http://www.wikidata.org/entity/Q3166227",,"1938",
"http://www.wikidata.org/entity/Q3166228",,"1942",
"http://www.wikidata.org/entity/Q3436441",,"1911",
"http://www.wikidata.org/entity/Q30339356",,"1959",
"http://www.wikidata.org/entity/Q112654108",,"2000",
"http://www.wikidata.org/entity/Q136485543",,"1969",
"http://www.wikidata.org/entity/Q3134662",,"1943",
"http://www.wikidata.org/entity/Q130340577",,"1991",
"http://www.wikidata.org/entity/Q704846",,"1949",
"http://www.wikidata.org/entity/Q3166230",,"1935",
"http://www.wikidata.org/entity/Q2747180",,"1931",
"http://www.wikidata.org/entity/Q30339354",,"1979",
"http://www.wikidata.org/entity/Q30339351",,"1985",
"http://www.wikidata.org/entity/Q30339352",,"1970",
"http://www.wikidata.org/entity/Q30339350",,"1989",
"http://www.wikidata.org/entity/Q960643",,"1960",
"http://www.wikidata.org/entity/Q127270999",,"1967",
"http://www.wikidata.org/entity/Q30339348",,"1973",
"http://www.wikidata.org/entity/Q30339347",,"1948",
"http://www.wikidata.org/entity/Q30339344",,"1970",
"http://www.wikidata.org/entity/Q28499699",,"1949",
"http://www.wikidata.org/entity/Q2378118",,"1917",
"http://www.wikidata.org/entity/Q2898033",,"1953",
"http://www.wikidata.org/entity/Q3309301",,"1921",
"http://www.wikidata.org/entity/Q3014074",,"1950",
"http://www.wikidata.org/entity/Q3014077",,"1948",
"http://www.wikidata.org/entity/Q3167574",,"1946",
"http://www.wikidata.org/entity/Q29570183",,"1986",
"http://www.wikidata.org/entity/Q30339343",,"1964",
"http://www.wikidata.org/entity/Q3292021",,"1938",
"http://www.wikidata.org/entity/Q3370877",,"1938",
"http://www.wikidata.org/entity/Q30342993",,"1962",
"http://www.wikidata.org/entity/Q37946793",,"1964",
"http://www.wikidata.org/entity/Q112649617",,"1968",
"http://www.wikidata.org/entity/Q131546327",,"1970",
"http://www.wikidata.org/entity/Q3425798",,"1928",
"http://www.wikidata.org/entity/Q3380329",,"1949",
"http://www.wikidata.org/entity/Q2898805",,"1952",
"http://www.wikidata.org/entity/Q3103490",,"1956",
"http://www.wikidata.org/entity/Q3168829",,"1963",
"http://www.wikidata.org/entity/Q12934",,"1958",
"http://www.wikidata.org/entity/Q3085975",,"1888",
"http://www.wikidata.org/entity/Q12937",,"1954",
"http://www.wikidata.org/entity/Q12930",,"1973",
"http://www.wikidata.org/entity/Q63607678",,"1977",
"http://www.wikidata.org/entity/Q12931",,"1957",
"http://www.wikidata.org/entity/Q3085979",,"1962",
"http://www.wikidata.org/entity/Q3379341",,"1960",
"http://www.wikidata.org/entity/Q30349455",,"1991",
"http://www.wikidata.org/entity/Q3057096",,"1941",
"http://www.wikidata.org/entity/Q112635145",,"1996",
"http://www.wikidata.org/entity/Q12927",,"1968",
"http://www.wikidata.org/entity/Q12928",,"1970",
"http://www.wikidata.org/entity/Q3426037",,"1936",
"http://www.wikidata.org/entity/Q3380331",,"1953",
"http://www.wikidata.org/entity/Q817425",,"1923",
"http://www.wikidata.org/entity/Q1590383",,"1954",
"http://www.wikidata.org/entity/Q3175142",,"1907",
"http://www.wikidata.org/entity/Q2413788",,"1964",
"http://www.wikidata.org/entity/Q12923",,"1945",
"http://www.wikidata.org/entity/Q12924",,"1951",
"http://www.wikidata.org/entity/Q12925",,"1961",
"http://www.wikidata.org/entity/Q12926",,"1944",
"http://www.wikidata.org/entity/Q3379355",,"1964",
"http://www.wikidata.org/entity/Q126537376",,"1991",
"http://www.wikidata.org/entity/Q12921",,"1964",
"http://www.wikidata.org/entity/Q12922",,"1945",
"http://www.wikidata.org/entity/Q3144871",,"1956",
"http://www.wikidata.org/entity/Q30349445",,"1991",
"http://www.wikidata.org/entity/Q6293523",,"1932",
"http://www.wikidata.org/entity/Q127256484",,"1955",
"http://www.wikidata.org/entity/Q3439344",,"1935",
"http://www.wikidata.org/entity/Q112635154",,"1984",
"http://www.wikidata.org/entity/Q3168847",,"1965",
"http://www.wikidata.org/entity/Q2847220",,"1944",
"http://www.wikidata.org/entity/Q3367366",,"1956",
"http://www.wikidata.org/entity/Q30342812",,"1974",
"http://www.wikidata.org/entity/Q99627308",,"1983",
"http://www.wikidata.org/entity/Q3426052",,"1925",
"http://www.wikidata.org/entity/Q112651277",,"1956",
"http://www.wikidata.org/entity/Q787956",,"1961",
"http://www.wikidata.org/entity/Q3159902",,"1940",
"http://www.wikidata.org/entity/Q112892896",,"1975",
"http://www.wikidata.org/entity/Q3082008",,"1920",
"http://www.wikidata.org/entity/Q1508990",,"1925",
"http://www.wikidata.org/entity/Q30459009",,"1978",
"http://www.wikidata.org/entity/Q3103479",,"1935",
"http://www.wikidata.org/entity/Q112649766",,"1970",
"http://www.wikidata.org/entity/Q3292114",,"1936",
"http://www.wikidata.org/entity/Q3069053",,"1917",
"http://www.wikidata.org/entity/Q3292113",,"1914",
"http://www.wikidata.org/entity/Q30506159",,"1980",
"http://www.wikidata.org/entity/Q33112205",,"1966",
"http://www.wikidata.org/entity/Q3134616",,"1951",
"http://www.wikidata.org/entity/Q2977503",,"1954",
"http://www.wikidata.org/entity/Q3288084",,"1940",
"http://www.wikidata.org/entity/Q1534217",,"1954",
"http://www.wikidata.org/entity/Q47502155",,"1992",
"http://www.wikidata.org/entity/Q112635139",,"1990",
"http://www.wikidata.org/entity/Q30349465",,"1988",
"http://www.wikidata.org/entity/Q3439366",,"1910",
"http://www.wikidata.org/entity/Q2961751",,"1968",
"http://www.wikidata.org/entity/Q122533029",,"1975",
"http://www.wikidata.org/entity/Q2848571",,"1921",
"http://www.wikidata.org/entity/Q3102136",,"1921",
"http://www.wikidata.org/entity/Q3380364",,"1927",
"http://www.wikidata.org/entity/Q3134607",,"1899",
"http://www.wikidata.org/entity/Q3107823",,"1941",
"http://www.wikidata.org/entity/Q3103462",,"1905",
"http://www.wikidata.org/entity/Q3167538",,"1941",
"http://www.wikidata.org/entity/Q3165759",,"1948",
"http://www.wikidata.org/entity/Q2848503",,"1916",
"http://www.wikidata.org/entity/Q126599670",,"1996",
"http://www.wikidata.org/entity/Q3588554",,"1905",
"http://www.wikidata.org/entity/Q2382914",,"1940",
"http://www.wikidata.org/entity/Q43970855",,"1987",
"http://www.wikidata.org/entity/Q3379387",,"1955",
"http://www.wikidata.org/entity/Q3119861",,"1966",
"http://www.wikidata.org/entity/Q16266012",,"1930",
"http://www.wikidata.org/entity/Q112638213",,"1952",
"http://www.wikidata.org/entity/Q981661",,"1950",
"http://www.wikidata.org/entity/Q428214",,"1946",
"http://www.wikidata.org/entity/Q12961",,"1961",
"http://www.wikidata.org/entity/Q112653860",,"1985",
"http://www.wikidata.org/entity/Q711098",,"1946",
"http://www.wikidata.org/entity/Q960706",,"1950",
"http://www.wikidata.org/entity/Q118546910",,"1963",
"http://www.wikidata.org/entity/Q112653866",,"1964",
"http://www.wikidata.org/entity/Q12963",,"1951",
"http://www.wikidata.org/entity/Q12964",,"1950",
"http://www.wikidata.org/entity/Q20857507",,"1971",
"http://www.wikidata.org/entity/Q13426765",,"1961",
"http://www.wikidata.org/entity/Q336242",,"1916",
"http://www.wikidata.org/entity/Q3106559",,"1968",
"http://www.wikidata.org/entity/Q646344",,"1911",
"http://www.wikidata.org/entity/Q30349408",,"1978",
"http://www.wikidata.org/entity/Q4556137",,"1968",
"http://www.wikidata.org/entity/Q3554304",,"1973",
"http://www.wikidata.org/entity/Q2939880",,"1971",
"http://www.wikidata.org/entity/Q2850846",,"1947",
"http://www.wikidata.org/entity/Q64281962",,"1977",
"http://www.wikidata.org/entity/Q2161754",,"1939",
"http://www.wikidata.org/entity/Q12956",,"1947",
"http://www.wikidata.org/entity/Q12957",,"1924",
"http://www.wikidata.org/entity/Q3094024",,"1914",
"http://www.wikidata.org/entity/Q1922541",,"1927",
"http://www.wikidata.org/entity/Q954006",,"1956",
"http://www.wikidata.org/entity/Q3063700",,"1961",
"http://www.wikidata.org/entity/Q12955",,"1947",
"http://www.wikidata.org/entity/Q198005",,"1973",
"http://www.wikidata.org/entity/Q281455",,"1955",
"http://www.wikidata.org/entity/Q30392260",,"1956",
"http://www.wikidata.org/entity/Q2913267",,"1951",
"http://www.wikidata.org/entity/Q30349437",,"1954",
"http://www.wikidata.org/entity/Q3144865",,"1949",
"http://www.wikidata.org/entity/Q112640513",,"1989",
"http://www.wikidata.org/entity/Q3288044",,"1949",
"http://www.wikidata.org/entity/Q2848539",,"1917",
"http://www.wikidata.org/entity/Q3168817",,"1939",
"http://www.wikidata.org/entity/Q3288040",,"1948",
"http://www.wikidata.org/entity/Q2185",,"1911",
"http://www.wikidata.org/entity/Q3588589",,"1921",
"http://www.wikidata.org/entity/Q12946",,"1930",
"http://www.wikidata.org/entity/Q3384759",,"1920",
"http://www.wikidata.org/entity/Q12941",,"1966",
"http://www.wikidata.org/entity/Q12943",,"1954",
"http://www.wikidata.org/entity/Q112641851",,"1982",
"http://www.wikidata.org/entity/Q62663934",,"1966",
"http://www.wikidata.org/entity/Q12939",,"1948",
"http://www.wikidata.org/entity/Q30349429",,"1971",
"http://www.wikidata.org/entity/Q3276018",,"1977",
"http://www.wikidata.org/entity/Q1192864",,"1958",
"http://www.wikidata.org/entity/Q2913271",,"1948",
"http://www.wikidata.org/entity/Q3426006",,"1917",
"http://www.wikidata.org/entity/Q3420700",,"1899",
"http://www.wikidata.org/entity/Q2733295",,"1974",
"http://www.wikidata.org/entity/Q3289323",,"1927",
"http://www.wikidata.org/entity/Q3591368",,"1964",
"http://www.wikidata.org/entity/Q112652500",,"1989",
"http://www.wikidata.org/entity/Q3173339",,"1952",
"http://www.wikidata.org/entity/Q1457778",,"1978",
"http://www.wikidata.org/entity/Q126948346",,"1993",
"http://www.wikidata.org/entity/Q3123923",,"1942",
"http://www.wikidata.org/entity/Q497610",,"1937",
"http://www.wikidata.org/entity/Q3123921",,"1952",
"http://www.wikidata.org/entity/Q2847295",,"1928",
"http://www.wikidata.org/entity/Q3014769",,"1946",
"http://www.wikidata.org/entity/Q2847297",,"1940",
"http://www.wikidata.org/entity/Q3159042",,"1955",
"http://www.wikidata.org/entity/Q71567030",,"1979",
"http://www.wikidata.org/entity/Q867150",,"1968",
"http://www.wikidata.org/entity/Q110464124",,"1986",
"http://www.wikidata.org/entity/Q329083",,"1951",
"http://www.wikidata.org/entity/Q3291640",,"1958",
"http://www.wikidata.org/entity/Q2977575",,"1948",
"http://www.wikidata.org/entity/Q8317977",,"1918",
"http://www.wikidata.org/entity/Q2733287",,"1951",
"http://www.wikidata.org/entity/Q30334352",,"1967",
"http://www.wikidata.org/entity/Q112650795",,"1992",
"http://www.wikidata.org/entity/Q2853984",,"1910",
"http://www.wikidata.org/entity/Q65594337",,"1962",
"http://www.wikidata.org/entity/Q20089164",,"1972",
"http://www.wikidata.org/entity/Q2965296",,"1924",
"http://www.wikidata.org/entity/Q3289315",,"1921",
"http://www.wikidata.org/entity/Q822237",,"1945",
"http://www.wikidata.org/entity/Q30380252",,"1949",
"http://www.wikidata.org/entity/Q126810352",,"1978",
"http://www.wikidata.org/entity/Q366016",,"1953",
"http://www.wikidata.org/entity/Q30348996",,"1969",
"http://www.wikidata.org/entity/Q30385935",,"1990",
"http://www.wikidata.org/entity/Q2956319",,"1948",
"http://www.wikidata.org/entity/Q2897539",,"1941",
"http://www.wikidata.org/entity/Q3289343",,"1948",
"http://www.wikidata.org/entity/Q438465",,"1951",
"http://www.wikidata.org/entity/Q2965260",,"1949",
"http://www.wikidata.org/entity/Q2375736",,"1952",
"http://www.wikidata.org/entity/Q30510266",,"1964",
"http://www.wikidata.org/entity/Q30239185",,"1974",
"http://www.wikidata.org/entity/Q3289347",,"1948",
"http://www.wikidata.org/entity/Q3159062",,"1937",
"http://www.wikidata.org/entity/Q3144821",,"1927",
"http://www.wikidata.org/entity/Q962466",,"1942",
"http://www.wikidata.org/entity/Q3270740",,"1951",
"http://www.wikidata.org/entity/Q3289334",,"1928",
"http://www.wikidata.org/entity/Q16639115",,"1926",
"http://www.wikidata.org/entity/Q3371499",,"1903",
"http://www.wikidata.org/entity/Q2897543",,"1954",
"http://www.wikidata.org/entity/Q127248007",,"1971",
"http://www.wikidata.org/entity/Q2896216",,"1983",
"http://www.wikidata.org/entity/Q3289338",,"1897",
"http://www.wikidata.org/entity/Q30511580",,"1971",
"http://www.wikidata.org/entity/Q30431548",,"1972",
"http://www.wikidata.org/entity/Q3571783",,"1975",
"http://www.wikidata.org/entity/Q18744692",,"1927",
"http://www.wikidata.org/entity/Q3159004",,"1943",
"http://www.wikidata.org/entity/Q8329980",,"1926",
"http://www.wikidata.org/entity/Q3073960",,"1956",
"http://www.wikidata.org/entity/Q3215951",,"1946",
"http://www.wikidata.org/entity/Q16467642",,"1897",
"http://www.wikidata.org/entity/Q16467641",,"1906",
"http://www.wikidata.org/entity/Q30511578",,"1973",
"http://www.wikidata.org/entity/Q30496891",,"1967",
"http://www.wikidata.org/entity/Q931320",,"1925",
"http://www.wikidata.org/entity/Q16467639",,"1922",
"http://www.wikidata.org/entity/Q3261849",,"1913",
"http://www.wikidata.org/entity/Q16467638",,"1914",
"http://www.wikidata.org/entity/Q3123968",,"1940",
"http://www.wikidata.org/entity/Q16467636",,"1932",
"http://www.wikidata.org/entity/Q538701",,"1902",
"http://www.wikidata.org/entity/Q3420774",,"1946",
"http://www.wikidata.org/entity/Q3129275",,"1913",
"http://www.wikidata.org/entity/Q24512980",,"1978",
"http://www.wikidata.org/entity/Q3591330",,"1955",
"http://www.wikidata.org/entity/Q276921",,"1926",
"http://www.wikidata.org/entity/Q2124",,"1926",
"http://www.wikidata.org/entity/Q16467633",,"1931",
"http://www.wikidata.org/entity/Q3386518",,"1941",
"http://www.wikidata.org/entity/Q1106890",,"1952",
"http://www.wikidata.org/entity/Q17350314",,"1897",
"http://www.wikidata.org/entity/Q3169299",,"1953",
"http://www.wikidata.org/entity/Q3386525",,"1921",
"http://www.wikidata.org/entity/Q127274305",,"1966",
"http://www.wikidata.org/entity/Q126737229",,"1970",
"http://www.wikidata.org/entity/Q3129278",,"1911",
"http://www.wikidata.org/entity/Q3592676",,"1970",
"http://www.wikidata.org/entity/Q3571749",,"1958",
"http://www.wikidata.org/entity/Q112650781",,"1980",
"http://www.wikidata.org/entity/Q3047630",,"1953",
"http://www.wikidata.org/entity/Q16467664",,"1958",
"http://www.wikidata.org/entity/Q30503939",,"1966",
"http://www.wikidata.org/entity/Q46138822",,"1986",
"http://www.wikidata.org/entity/Q3289302",,"1947",
"http://www.wikidata.org/entity/Q30388169",,"1969",
"http://www.wikidata.org/entity/Q3362584",,"1976",
"http://www.wikidata.org/entity/Q3439394",,"1925",
"http://www.wikidata.org/entity/Q112670388",,"1980",
"http://www.wikidata.org/entity/Q47691216",,"1975",
"http://www.wikidata.org/entity/Q18744663",,"1948",
"http://www.wikidata.org/entity/Q2977543",,"1927",
"http://www.wikidata.org/entity/Q18744649",,"1927",
"http://www.wikidata.org/entity/Q18744648",,"1938",
"http://www.wikidata.org/entity/Q18744647",,"1946",
"http://www.wikidata.org/entity/Q3093583",,"1967",
"http://www.wikidata.org/entity/Q662406",,"1928",
"http://www.wikidata.org/entity/Q521021",,"1961",
"http://www.wikidata.org/entity/Q2105",,"1932",
"http://www.wikidata.org/entity/Q112642303",,"1993",
"http://www.wikidata.org/entity/Q662414",,"1947",
"http://www.wikidata.org/entity/Q18744653",,"1922",
"http://www.wikidata.org/entity/Q17350338",,"1899",
"http://www.wikidata.org/entity/Q3160025",,"1922",
"http://www.wikidata.org/entity/Q440732",,"1955",
"http://www.wikidata.org/entity/Q97695863",,"1954",
"http://www.wikidata.org/entity/Q3438925",,"1913",
"http://www.wikidata.org/entity/Q18744636",,"1936",
"http://www.wikidata.org/entity/Q3047730",,"1943",
"http://www.wikidata.org/entity/Q16266968",,"1944",
"http://www.wikidata.org/entity/Q33106414",,"1971",
"http://www.wikidata.org/entity/Q16467685",,"1961",
"http://www.wikidata.org/entity/Q892174",,"1953",
"http://www.wikidata.org/entity/Q16467684",,"1948",
"http://www.wikidata.org/entity/Q16467683",,"1950",
"http://www.wikidata.org/entity/Q3085187",,"1947",
"http://www.wikidata.org/entity/Q30435836",,"1959",
"http://www.wikidata.org/entity/Q3169246",,"1933",
"http://www.wikidata.org/entity/Q16467678",,"1954",
"http://www.wikidata.org/entity/Q30376256",,"1974",
"http://www.wikidata.org/entity/Q18744640",,"1934",
"http://www.wikidata.org/entity/Q108037752",,"1973",
"http://www.wikidata.org/entity/Q127274355",,"1973",
"http://www.wikidata.org/entity/Q18744625",,"1924",
"http://www.wikidata.org/entity/Q17175234",,"1922",
"http://www.wikidata.org/entity/Q3309408",,"1944",
"http://www.wikidata.org/entity/Q764381",,"1921",
"http://www.wikidata.org/entity/Q3174605",,"1924",
"http://www.wikidata.org/entity/Q2965213",,"1947",
"http://www.wikidata.org/entity/Q112650708",,"1982",
"http://www.wikidata.org/entity/Q3170245",,"1910",
"http://www.wikidata.org/entity/Q3102956",,"1907",
"http://www.wikidata.org/entity/Q3295273",,"1969",
"http://www.wikidata.org/entity/Q2830345",,"1946",
"http://www.wikidata.org/entity/Q112079050",,"1976",
"http://www.wikidata.org/entity/Q3059723",,"1922",
"http://www.wikidata.org/entity/Q18744632",,"1939",
"http://www.wikidata.org/entity/Q3426940",,"1919",
"http://www.wikidata.org/entity/Q603262",,"1934",
"http://www.wikidata.org/entity/Q3295275",,"1926",
"http://www.wikidata.org/entity/Q274276",,"1973",
"http://www.wikidata.org/entity/Q19630239",,"1911",
"http://www.wikidata.org/entity/Q3357910",,"1913",
"http://www.wikidata.org/entity/Q945181",,"1948",
"http://www.wikidata.org/entity/Q3479456",,"1942",
"http://www.wikidata.org/entity/Q112650744",,"1993",
"http://www.wikidata.org/entity/Q3123859",,"1952",
"http://www.wikidata.org/entity/Q16672557",,"1906",
"http://www.wikidata.org/entity/Q3122538",,"1976",
"http://www.wikidata.org/entity/Q19630242",,"1911",
"http://www.wikidata.org/entity/Q574342",,"1938",
"http://www.wikidata.org/entity/Q2378039",,"1937",
"http://www.wikidata.org/entity/Q8329895",,"1903",
"http://www.wikidata.org/entity/Q3157296",,"1928",
"http://www.wikidata.org/entity/Q329",,"1955",
"http://www.wikidata.org/entity/Q3524518",,"1971",
"http://www.wikidata.org/entity/Q603288",,"1953",
"http://www.wikidata.org/entity/Q19630244",,"1924",
"http://www.wikidata.org/entity/Q19630245",,"1923",
"http://www.wikidata.org/entity/Q48321355",,"1985",
"http://www.wikidata.org/entity/Q3421271",,"1939",
"http://www.wikidata.org/entity/Q2830362",,"1938",
"http://www.wikidata.org/entity/Q3123874",,"1934",
"http://www.wikidata.org/entity/Q3573441",,"1906",
"http://www.wikidata.org/entity/Q19630253",,"1922",
"http://www.wikidata.org/entity/Q3573443",,"1952",
"http://www.wikidata.org/entity/Q3340260",,"1960",
"http://www.wikidata.org/entity/Q3085196",,"1941",
"http://www.wikidata.org/entity/Q63763998",,"1969",
"http://www.wikidata.org/entity/Q455040",,"1937",
"http://www.wikidata.org/entity/Q3479437",,"1936",
"http://www.wikidata.org/entity/Q352280",,"1895",
"http://www.wikidata.org/entity/Q16639106",,"1920",
"http://www.wikidata.org/entity/Q16916401",,"1922",
"http://www.wikidata.org/entity/Q3386478",,"1933",
"http://www.wikidata.org/entity/Q3166172",,"1936",
"http://www.wikidata.org/entity/Q63763983",,"1947",
"http://www.wikidata.org/entity/Q2830315",,"1941",
"http://www.wikidata.org/entity/Q30378878",,"1971",
"http://www.wikidata.org/entity/Q30339298",,"1960",
"http://www.wikidata.org/entity/Q329044",,"1942",
"http://www.wikidata.org/entity/Q17632457",,"1969",
"http://www.wikidata.org/entity/Q743479",,"1947",
"http://www.wikidata.org/entity/Q2863211",,"1975",
"http://www.wikidata.org/entity/Q30339295",,"1991",
"http://www.wikidata.org/entity/Q30339292",,"1973",
"http://www.wikidata.org/entity/Q3184853",,"1894",
"http://www.wikidata.org/entity/Q2979307",,"1920",
"http://www.wikidata.org/entity/Q19630223",,"1899",
"http://www.wikidata.org/entity/Q3134593",,"1958",
"http://www.wikidata.org/entity/Q2897486",,"1934",
"http://www.wikidata.org/entity/Q1685157",,"1935",
"http://www.wikidata.org/entity/Q13476235",,"1904",
"http://www.wikidata.org/entity/Q3166181",,"1923",
"http://www.wikidata.org/entity/Q30339280",,"1963",
"http://www.wikidata.org/entity/Q3124305",,"1930",
"http://www.wikidata.org/entity/Q3124302",,"1950",
"http://www.wikidata.org/entity/Q3169211",,"1941",
"http://www.wikidata.org/entity/Q30339287",,"1969",
"http://www.wikidata.org/entity/Q3571688",,"1949",
"http://www.wikidata.org/entity/Q3385154",,"1933",
"http://www.wikidata.org/entity/Q30339281",,"1973",
"http://www.wikidata.org/entity/Q455023",,"1967",
"http://www.wikidata.org/entity/Q1521083",,"1923",
"http://www.wikidata.org/entity/Q3172869",,"1928",
"http://www.wikidata.org/entity/Q3385168",,"1913",
"http://www.wikidata.org/entity/Q645945",,"1947",
"http://www.wikidata.org/entity/Q3166197",,"1953",
"http://www.wikidata.org/entity/Q2965229",,"1950",
"http://www.wikidata.org/entity/Q3102984",,"1943",
"http://www.wikidata.org/entity/Q274267",,"1912",
"http://www.wikidata.org/entity/Q65590818",,"1961",
"http://www.wikidata.org/entity/Q1379752",,"1941",
"http://www.wikidata.org/entity/Q3169226",,"1942",
"http://www.wikidata.org/entity/Q30389524",,"1962",
"http://www.wikidata.org/entity/Q3479423",,"1953",
"http://www.wikidata.org/entity/Q111685345",,"1961",
"http://www.wikidata.org/entity/Q2965234",,"1931",
"http://www.wikidata.org/entity/Q2965236",,"1956",
"http://www.wikidata.org/entity/Q3089599",,"1960",
"http://www.wikidata.org/entity/Q3369924",,"1958",
"http://www.wikidata.org/entity/Q8320637",,"1933",
"http://www.wikidata.org/entity/Q30344657",,"1988",
"http://www.wikidata.org/entity/Q2830328",,"1947",
"http://www.wikidata.org/entity/Q3169237",,"1943",
"http://www.wikidata.org/entity/Q127256529",,"1969",
"http://www.wikidata.org/entity/Q3158517",,"1922",
"http://www.wikidata.org/entity/Q3261014",,"1969",
"http://www.wikidata.org/entity/Q3159846",,"1954",
"http://www.wikidata.org/entity/Q3086430",,"1948",
"http://www.wikidata.org/entity/Q3103414",,"1908",
"http://www.wikidata.org/entity/Q30339250",,"1958",
"http://www.wikidata.org/entity/Q3159850",,"1941",
"http://www.wikidata.org/entity/Q1684702",,"1922",
"http://www.wikidata.org/entity/Q3158522",,"1934",
"http://www.wikidata.org/entity/Q3292159",,"1956",
"http://www.wikidata.org/entity/Q30339248",,"1976",
"http://www.wikidata.org/entity/Q30339245",,"1976",
"http://www.wikidata.org/entity/Q30339246",,"1975",
"http://www.wikidata.org/entity/Q3086418",,"1951",
"http://www.wikidata.org/entity/Q8318372",,"1940",
"http://www.wikidata.org/entity/Q1539165",,"1949",
"http://www.wikidata.org/entity/Q3134552",,"1902",
"http://www.wikidata.org/entity/Q30519525",,"1977",
"http://www.wikidata.org/entity/Q3309485",,"1947",
"http://www.wikidata.org/entity/Q3167474",,"1944",
"http://www.wikidata.org/entity/Q725694",,"1969",
"http://www.wikidata.org/entity/Q3086424",,"1953",
"http://www.wikidata.org/entity/Q127256521",,"1965",
"http://www.wikidata.org/entity/Q2978097",,"1920",
"http://www.wikidata.org/entity/Q3124340",,"1944",
"http://www.wikidata.org/entity/Q515115",,"1959",
"http://www.wikidata.org/entity/Q30339241",,"1989",
"http://www.wikidata.org/entity/Q30339242",,"1980",
"http://www.wikidata.org/entity/Q3166149",,"1935",
"http://www.wikidata.org/entity/Q112649716",,"1977",
"http://www.wikidata.org/entity/Q3370935",,"1911",
"http://www.wikidata.org/entity/Q127256524",,"1974",
"http://www.wikidata.org/entity/Q1684732",,"1931",
"http://www.wikidata.org/entity/Q3382922",,"1922",
"http://www.wikidata.org/entity/Q49452",,"1921",
"http://www.wikidata.org/entity/Q2447029",,"1895",
"http://www.wikidata.org/entity/Q993611",,"1949",
"http://www.wikidata.org/entity/Q3166151",,"1945",
"http://www.wikidata.org/entity/Q63763125",,"1985",
"http://www.wikidata.org/entity/Q127256551",,"1978",
"http://www.wikidata.org/entity/Q3086455",,"1955",
"http://www.wikidata.org/entity/Q30339276",,"1979",
"http://www.wikidata.org/entity/Q517765",,"1950",
"http://www.wikidata.org/entity/Q30339275",,"1954",
"http://www.wikidata.org/entity/Q3310469",,"1944",
"http://www.wikidata.org/entity/Q30339272",,"1969",
"http://www.wikidata.org/entity/Q2865057",,"1920",
"http://www.wikidata.org/entity/Q30344625",,"1977",
"http://www.wikidata.org/entity/Q127256557",,"1983",
"http://www.wikidata.org/entity/Q3439409",,"1910",
"http://www.wikidata.org/entity/Q3159874",,"1930",
"http://www.wikidata.org/entity/Q3382938",,"1955",
"http://www.wikidata.org/entity/Q1684726",,"1951",
"http://www.wikidata.org/entity/Q3159871",,"1918",
"http://www.wikidata.org/entity/Q2850811",,"1970",
"http://www.wikidata.org/entity/Q30451909",,"1986",
"http://www.wikidata.org/entity/Q96631873",,"1990",
"http://www.wikidata.org/entity/Q127224995",,"1965",
"http://www.wikidata.org/entity/Q3159878",,"1929",
"http://www.wikidata.org/entity/Q3367309",,"1974",
"http://www.wikidata.org/entity/Q63765776",,"1969",
"http://www.wikidata.org/entity/Q3085111",,"1924",
"http://www.wikidata.org/entity/Q3124323",,"1948",
"http://www.wikidata.org/entity/Q30339260",,"1960",
"http://www.wikidata.org/entity/Q112651173",,"1981",
"http://www.wikidata.org/entity/Q30339214",,"1976",
"http://www.wikidata.org/entity/Q112651177",,"1981",
"http://www.wikidata.org/entity/Q681613",,"1960",
"http://www.wikidata.org/entity/Q30349495",,"1968",
"http://www.wikidata.org/entity/Q127224962",,"1981",
"http://www.wikidata.org/entity/Q2830393",,"1921",
"http://www.wikidata.org/entity/Q3103459",,"1915",
"http://www.wikidata.org/entity/Q97337111",,"1948",
"http://www.wikidata.org/entity/Q3124373",,"1948",
"http://www.wikidata.org/entity/Q3367334",,"1966",
"http://www.wikidata.org/entity/Q3292131",,"1906",
"http://www.wikidata.org/entity/Q3332699",,"1980",
"http://www.wikidata.org/entity/Q3310446",,"1961",
"http://www.wikidata.org/entity/Q3124371",,"1945",
"http://www.wikidata.org/entity/Q3426992",,"1910",
"http://www.wikidata.org/entity/Q3124376",,"1954",
"http://www.wikidata.org/entity/Q16259796",,"1916",
"http://www.wikidata.org/entity/Q2379348",,"1958",
"http://www.wikidata.org/entity/Q30339206",,"1966",
"http://www.wikidata.org/entity/Q126947846",,"1988",
"http://www.wikidata.org/entity/Q3379312",,"1961",
"http://www.wikidata.org/entity/Q3438972",,"1921",
"http://www.wikidata.org/entity/Q3438971",,"1920",
"http://www.wikidata.org/entity/Q30339209",,"1972",
"http://www.wikidata.org/entity/Q342878",,"1922",
"http://www.wikidata.org/entity/Q3086465",,"1947",
"http://www.wikidata.org/entity/Q2828066",,"1940",
"http://www.wikidata.org/entity/Q3107809",,"1952",
"http://www.wikidata.org/entity/Q2899264",,"1930",
"http://www.wikidata.org/entity/Q127256562",,"2000",
"http://www.wikidata.org/entity/Q3265419",,"1895",
"http://www.wikidata.org/entity/Q127256565",,"1982",
"http://www.wikidata.org/entity/Q2842370",,"1911",
"http://www.wikidata.org/entity/Q30339200",,"1965",
"http://www.wikidata.org/entity/Q127256568",,"1989",
"http://www.wikidata.org/entity/Q3292122",,"1918",
"http://www.wikidata.org/entity/Q3479498",,"1947",
"http://www.wikidata.org/entity/Q30339238",,"1972",
"http://www.wikidata.org/entity/Q30339239",,"1968",
"http://www.wikidata.org/entity/Q30339237",,"1970",
"http://www.wikidata.org/entity/Q3425681",,"1921",
"http://www.wikidata.org/entity/Q3309437",,"1931",
"http://www.wikidata.org/entity/Q3159822",,"1946",
"http://www.wikidata.org/entity/Q127256590",,"1999",
"http://www.wikidata.org/entity/Q3438980",,"1920",
"http://www.wikidata.org/entity/Q3573496",,"1934",
"http://www.wikidata.org/entity/Q120763630",,"1964",
"http://www.wikidata.org/entity/Q3086490",,"1945",
"http://www.wikidata.org/entity/Q3167448",,"1943",
"http://www.wikidata.org/entity/Q2412384",,"1942",
"http://www.wikidata.org/entity/Q30339229",,"1984",
"http://www.wikidata.org/entity/Q30342869",,"1971",
"http://www.wikidata.org/entity/Q3380313",,"1939",
"http://www.wikidata.org/entity/Q29575749",,"1986",
"http://www.wikidata.org/entity/Q78949808",,"1970",
"http://www.wikidata.org/entity/Q87116010",,"1995",
"http://www.wikidata.org/entity/Q3265402",,"1948",
"http://www.wikidata.org/entity/Q1347314",,"1914",
"http://www.wikidata.org/entity/Q3167450",,"1942",
"http://www.wikidata.org/entity/Q2828081",,"1913",
"http://www.wikidata.org/entity/Q340241",,"1911",
"http://www.wikidata.org/entity/Q127256587",,"1963",
"http://www.wikidata.org/entity/Q30339222",,"1972",
"http://www.wikidata.org/entity/Q112958674",,"1967",
"http://www.wikidata.org/entity/Q2842393",,"1941",
"http://www.wikidata.org/entity/Q1685524",,"1921",
"http://www.wikidata.org/entity/Q3371980",,"1914",
"http://www.wikidata.org/entity/Q19606977",,"1906",
"http://www.wikidata.org/entity/Q3371985",,"1921",
"http://www.wikidata.org/entity/Q30440777",,"1986",
"http://www.wikidata.org/entity/Q30512501",,"1983",
"http://www.wikidata.org/entity/Q112630812",,"2000",
"http://www.wikidata.org/entity/Q3158906",,"1913",
"http://www.wikidata.org/entity/Q112630808",,"1985",
"http://www.wikidata.org/entity/Q3420616",,"1947",
"http://www.wikidata.org/entity/Q3302581",,"1940",
"http://www.wikidata.org/entity/Q3588471",,"1911",
"http://www.wikidata.org/entity/Q2276307",,"1944",
"http://www.wikidata.org/entity/Q3289032",,"1916",
"http://www.wikidata.org/entity/Q5506680",,"1966",
"http://www.wikidata.org/entity/Q2977608",,"1933",
"http://www.wikidata.org/entity/Q3289038",,"1921",
"http://www.wikidata.org/entity/Q3035194",,"1949",
"http://www.wikidata.org/entity/Q3310194",,"1942",
"http://www.wikidata.org/entity/Q3310197",,"1958",
"http://www.wikidata.org/entity/Q30528083",,"1954",
"http://www.wikidata.org/entity/Q63765036",,"1975",
"http://www.wikidata.org/entity/Q1305536",,"1928",
"http://www.wikidata.org/entity/Q30335160",,"1978",
"http://www.wikidata.org/entity/Q2848448",,"1931",
"http://www.wikidata.org/entity/Q3263250",,"1901",
"http://www.wikidata.org/entity/Q3295734",,"1939",
"http://www.wikidata.org/entity/Q3122093",,"1937",
"http://www.wikidata.org/entity/Q2977639",,"1938",
"http://www.wikidata.org/entity/Q30347171",,"1962",
"http://www.wikidata.org/entity/Q30332919",,"1966",
"http://www.wikidata.org/entity/Q63765024",,"1963",
"http://www.wikidata.org/entity/Q3165220",,"1945",
"http://www.wikidata.org/entity/Q63411723",,"1966",
"http://www.wikidata.org/entity/Q3165226",,"1918",
"http://www.wikidata.org/entity/Q3165229",,"1932",
"http://www.wikidata.org/entity/Q3219106",,"1945",
"http://www.wikidata.org/entity/Q2977627",,"1920",
"http://www.wikidata.org/entity/Q2850772",,"1949",
"http://www.wikidata.org/entity/Q287931",,"1946",
"http://www.wikidata.org/entity/Q3035175",,"1947",
"http://www.wikidata.org/entity/Q63607760",,"1975",
"http://www.wikidata.org/entity/Q126825109",,"1974",
"http://www.wikidata.org/entity/Q20155655",,"1946",
"http://www.wikidata.org/entity/Q2956288",,"1955",
"http://www.wikidata.org/entity/Q3440238",,"1939",
"http://www.wikidata.org/entity/Q2406906",,"1938",
"http://www.wikidata.org/entity/Q3437479",,"1928",
"http://www.wikidata.org/entity/Q3187459",,"1946",
"http://www.wikidata.org/entity/Q30393009",,"1966",
"http://www.wikidata.org/entity/Q3187452",,"1949",
"http://www.wikidata.org/entity/Q16540278",,"1928",
"http://www.wikidata.org/entity/Q30349775",,"1987",
"http://www.wikidata.org/entity/Q2400794",,"1910",
"http://www.wikidata.org/entity/Q19361004",,"1913",
"http://www.wikidata.org/entity/Q3035166",,"1927",
"http://www.wikidata.org/entity/Q3310167",,"1946",
"http://www.wikidata.org/entity/Q3310168",,"1946",
"http://www.wikidata.org/entity/Q19361005",,"1919",
"http://www.wikidata.org/entity/Q3167821",,"1961",
"http://www.wikidata.org/entity/Q3105594",,"1940",
"http://www.wikidata.org/entity/Q3309173",,"1926",
"http://www.wikidata.org/entity/Q117311808",,"1992",
"http://www.wikidata.org/entity/Q99627615",,"1960",
"http://www.wikidata.org/entity/Q30386710",,"1991",
"http://www.wikidata.org/entity/Q3174131",,"1921",
"http://www.wikidata.org/entity/Q3174130",,"1938",
"http://www.wikidata.org/entity/Q3301208",,"1919",
"http://www.wikidata.org/entity/Q3085413",,"1926",
"http://www.wikidata.org/entity/Q30395666",,"1964",
"http://www.wikidata.org/entity/Q728645",,"1943",
"http://www.wikidata.org/entity/Q292458",,"1989",
"http://www.wikidata.org/entity/Q16669305",,"1946",
"http://www.wikidata.org/entity/Q2114685",,"1959",
"http://www.wikidata.org/entity/Q112654862",,"1990",
"http://www.wikidata.org/entity/Q3174126",,"1934",
"http://www.wikidata.org/entity/Q3309152",,"1931",
"http://www.wikidata.org/entity/Q19361020",,"1901",
"http://www.wikidata.org/entity/Q3084113",,"1956",
"http://www.wikidata.org/entity/Q3187428",,"1918",
"http://www.wikidata.org/entity/Q3380032",,"1951",
"http://www.wikidata.org/entity/Q30341815",,"1965",
"http://www.wikidata.org/entity/Q3167849",,"1949",
"http://www.wikidata.org/entity/Q3289013",,"1903",
"http://www.wikidata.org/entity/Q271537",,"1944",
"http://www.wikidata.org/entity/Q98233970",,"1992",
"http://www.wikidata.org/entity/Q3439207",,"1932",
"http://www.wikidata.org/entity/Q3309143",,"1950",
"http://www.wikidata.org/entity/Q3385735",,"1928",
"http://www.wikidata.org/entity/Q19361012",,"1920",
"http://www.wikidata.org/entity/Q19361013",,"1901",
"http://www.wikidata.org/entity/Q16540290",,"1925",
"http://www.wikidata.org/entity/Q3164746",,"1962",
"http://www.wikidata.org/entity/Q112651770",,"1986",
"http://www.wikidata.org/entity/Q3187411",,"1945",
"http://www.wikidata.org/entity/Q2966490",,"1966",
"http://www.wikidata.org/entity/Q3176764",,"1910",
"http://www.wikidata.org/entity/Q112650448",,"1977",
"http://www.wikidata.org/entity/Q3121619",,"1932",
"http://www.wikidata.org/entity/Q112641543",,"1984",
"http://www.wikidata.org/entity/Q30395630",,"1949",
"http://www.wikidata.org/entity/Q3172378",,"1953",
"http://www.wikidata.org/entity/Q3420696",,"1917",
"http://www.wikidata.org/entity/Q17350621",,"1906",
"http://www.wikidata.org/entity/Q3175427",,"1953",
"http://www.wikidata.org/entity/Q2847172",,"1933",
"http://www.wikidata.org/entity/Q3035125",,"1944",
"http://www.wikidata.org/entity/Q17350623",,"1911",
"http://www.wikidata.org/entity/Q98636732",,"1964",
"http://www.wikidata.org/entity/Q3164758",,"1967",
"http://www.wikidata.org/entity/Q30384972",,"1961",
"http://www.wikidata.org/entity/Q2897442",,"1944",
"http://www.wikidata.org/entity/Q112650438",,"1993",
"http://www.wikidata.org/entity/Q2965176",,"1941",
"http://www.wikidata.org/entity/Q3171049",,"1921",
"http://www.wikidata.org/entity/Q3131840",,"1923",
"http://www.wikidata.org/entity/Q3524375",,"1960",
"http://www.wikidata.org/entity/Q17350630",,"1911",
"http://www.wikidata.org/entity/Q3440291",,"1935",
"http://www.wikidata.org/entity/Q3093879",,"1901",
"http://www.wikidata.org/entity/Q3171059",,"1913",
"http://www.wikidata.org/entity/Q3420685",,"1899",
"http://www.wikidata.org/entity/Q65458502",,"1960",
"http://www.wikidata.org/entity/Q3121636",,"1924",
"http://www.wikidata.org/entity/Q3035111",,"1959",
"http://www.wikidata.org/entity/Q3502105",,"1969",
"http://www.wikidata.org/entity/Q3172386",,"1939",
"http://www.wikidata.org/entity/Q17350639",,"1922",
"http://www.wikidata.org/entity/Q3172381",,"1947",
"http://www.wikidata.org/entity/Q17350634",,"1920",
"http://www.wikidata.org/entity/Q41102798",,"1985",
"http://www.wikidata.org/entity/Q3185696",,"1943",
"http://www.wikidata.org/entity/Q3435719",,"1950",
"http://www.wikidata.org/entity/Q3385764",,"1947",
"http://www.wikidata.org/entity/Q61769367",,"1989",
"http://www.wikidata.org/entity/Q3093884",,"1940",
"http://www.wikidata.org/entity/Q3172394",,"1909",
"http://www.wikidata.org/entity/Q16259816",,"1917",
"http://www.wikidata.org/entity/Q532221",,"1929",
"http://www.wikidata.org/entity/Q2831629",,"1915",
"http://www.wikidata.org/entity/Q3167809",,"1937",
"http://www.wikidata.org/entity/Q274689",,"1946",
"http://www.wikidata.org/entity/Q3121607",,"1945",
"http://www.wikidata.org/entity/Q30345381",,"1978",
"http://www.wikidata.org/entity/Q2254052",,"1962",
"http://www.wikidata.org/entity/Q122964872",,"1978",
"http://www.wikidata.org/entity/Q1027406",,"1980",
"http://www.wikidata.org/entity/Q2863207",,"1971",
"http://www.wikidata.org/entity/Q61014236",,"1971",
"http://www.wikidata.org/entity/Q30392574",,"1959",
"http://www.wikidata.org/entity/Q3219188",,"1960",
"http://www.wikidata.org/entity/Q62664023",,"1988",
"http://www.wikidata.org/entity/Q3069340",,"1945",
"http://www.wikidata.org/entity/Q1383068",,"1946",
"http://www.wikidata.org/entity/Q16026839",,"1922",
"http://www.wikidata.org/entity/Q3371142",,"1905",
"http://www.wikidata.org/entity/Q19359534",,"1927",
"http://www.wikidata.org/entity/Q3371147",,"1947",
"http://www.wikidata.org/entity/Q112651732",,"1993",
"http://www.wikidata.org/entity/Q61951618",,"1970",
"http://www.wikidata.org/entity/Q112650404",,"1991",
"http://www.wikidata.org/entity/Q112650407",,"1981",
"http://www.wikidata.org/entity/Q2898724",,"1933",
"http://www.wikidata.org/entity/Q16026837",,"1902",
"http://www.wikidata.org/entity/Q3262816",,"1918",
"http://www.wikidata.org/entity/Q2991951",,"1943",
"http://www.wikidata.org/entity/Q63371180",,"1988",
"http://www.wikidata.org/entity/Q30345334",,"1966",
"http://www.wikidata.org/entity/Q983563",,"1951",
"http://www.wikidata.org/entity/Q3380099",,"1948",
"http://www.wikidata.org/entity/Q3420655",,"1902",
"http://www.wikidata.org/entity/Q2977645",,"1935",
"http://www.wikidata.org/entity/Q33111018",,"1949",
"http://www.wikidata.org/entity/Q18744789",,"1938",
"http://www.wikidata.org/entity/Q17350680",,"1956",
"http://www.wikidata.org/entity/Q126811366",,"1973",
"http://www.wikidata.org/entity/Q3069328",,"1908",
"http://www.wikidata.org/entity/Q3262827",,"1919",
"http://www.wikidata.org/entity/Q2956260",,"1958",
"http://www.wikidata.org/entity/Q3173675",,"1922",
"http://www.wikidata.org/entity/Q3172345",,"1939",
"http://www.wikidata.org/entity/Q3439260",,"1931",
"http://www.wikidata.org/entity/Q2848472",,"1922",
"http://www.wikidata.org/entity/Q3301281",,"1936",
"http://www.wikidata.org/entity/Q2956266",,"1948",
"http://www.wikidata.org/entity/Q3013769",,"1946",
"http://www.wikidata.org/entity/Q2956263",,"1946",
"http://www.wikidata.org/entity/Q17350678",,"1924",
"http://www.wikidata.org/entity/Q18744791",,"1913",
"http://www.wikidata.org/entity/Q3349255",,"1930",
"http://www.wikidata.org/entity/Q1188660",,"1950",
"http://www.wikidata.org/entity/Q3349257",,"1943",
"http://www.wikidata.org/entity/Q56464398",,"1985",
"http://www.wikidata.org/entity/Q3301274",,"1921",
"http://www.wikidata.org/entity/Q63766396",,"1978",
"http://www.wikidata.org/entity/Q30391203",,"1977",
"http://www.wikidata.org/entity/Q63766395",,"1978",
"http://www.wikidata.org/entity/Q2965180",,"1948",
"http://www.wikidata.org/entity/Q3439279",,"1935",
"http://www.wikidata.org/entity/Q112639241",,"1996",
"http://www.wikidata.org/entity/Q2847153",,"1947",
"http://www.wikidata.org/entity/Q3158052",,"1923",
"http://www.wikidata.org/entity/Q3173680",,"1938",
"http://www.wikidata.org/entity/Q127274678",,"1973",
"http://www.wikidata.org/entity/Q3159399",,"1926",
"http://www.wikidata.org/entity/Q608815",,"1910",
"http://www.wikidata.org/entity/Q3349247",,"1942",
"http://www.wikidata.org/entity/Q3270427",,"1938",
"http://www.wikidata.org/entity/Q3158067",,"1921",
"http://www.wikidata.org/entity/Q3571618",,"1975",
"http://www.wikidata.org/entity/Q18744766",,"1922",
"http://www.wikidata.org/entity/Q16526831",,"1922",
"http://www.wikidata.org/entity/Q3121648",,"1900",
"http://www.wikidata.org/entity/Q64463",,"1974",
"http://www.wikidata.org/entity/Q112651749",,"1967",
"http://www.wikidata.org/entity/Q30433642",,"1986",
"http://www.wikidata.org/entity/Q8339415",,"1897",
"http://www.wikidata.org/entity/Q18744773",,"1945",
"http://www.wikidata.org/entity/Q3069301",,"1908",
"http://www.wikidata.org/entity/Q2847166",,"1937",
"http://www.wikidata.org/entity/Q3301260",,"1913",
"http://www.wikidata.org/entity/Q15973916",,"1918",
"http://www.wikidata.org/entity/Q3270478",,"1926",
"http://www.wikidata.org/entity/Q3371068",,"1951",
"http://www.wikidata.org/entity/Q3351472",,"1927",
"http://www.wikidata.org/entity/Q2929462",,"1952",
"http://www.wikidata.org/entity/Q16026910",,"1945",
"http://www.wikidata.org/entity/Q2897398",,"1922",
"http://www.wikidata.org/entity/Q3159326",,"1902",
"http://www.wikidata.org/entity/Q106291673",,"1986",
"http://www.wikidata.org/entity/Q28477665",,"1974",
"http://www.wikidata.org/entity/Q3170596",,"1941",
"http://www.wikidata.org/entity/Q30345412",,"1964",
"http://www.wikidata.org/entity/Q1778536",,"1973",
"http://www.wikidata.org/entity/Q3270480",,"1908",
"http://www.wikidata.org/entity/Q30378312",,"1972",
"http://www.wikidata.org/entity/Q18744762",,"1933",
"http://www.wikidata.org/entity/Q16661322",,"1885",
"http://www.wikidata.org/entity/Q630747",,"1950",
"http://www.wikidata.org/entity/Q2958806",,"1931",
"http://www.wikidata.org/entity/Q16026929",,"1945",
"http://www.wikidata.org/entity/Q3479364",,"1943",
"http://www.wikidata.org/entity/Q2929478",,"1964",
"http://www.wikidata.org/entity/Q2929475",,"1958",
"http://www.wikidata.org/entity/Q3300713",,"1924",
"http://www.wikidata.org/entity/Q3170599",,"1923",
"http://www.wikidata.org/entity/Q3438812",,"1934",
"http://www.wikidata.org/entity/Q3173625",,"1924",
"http://www.wikidata.org/entity/Q2395754",,"1947",
"http://www.wikidata.org/entity/Q30342372",,"1963",
"http://www.wikidata.org/entity/Q3174966",,"1916",
"http://www.wikidata.org/entity/Q3300708",,"1930",
"http://www.wikidata.org/entity/Q3421131",,"1901",
"http://www.wikidata.org/entity/Q18744754",,"1913",
"http://www.wikidata.org/entity/Q45029395",,"1969",
"http://www.wikidata.org/entity/Q30379650",,"1977",
"http://www.wikidata.org/entity/Q3379801",,"1955",
"http://www.wikidata.org/entity/Q3524408",,"1957",
"http://www.wikidata.org/entity/Q126819332",,"1983",
"http://www.wikidata.org/entity/Q3172307",,"1939",
"http://www.wikidata.org/entity/Q2897375",,"1950",
"http://www.wikidata.org/entity/Q3479338",,"1959",
"http://www.wikidata.org/entity/Q3173634",,"1929",
"http://www.wikidata.org/entity/Q3438823",,"1922",
"http://www.wikidata.org/entity/Q3100641",,"1954",
"http://www.wikidata.org/entity/Q3421166",,"1924",
"http://www.wikidata.org/entity/Q3554274",,"1965",
"http://www.wikidata.org/entity/Q3573330",,"1948",
"http://www.wikidata.org/entity/Q3426851",,"1946",
"http://www.wikidata.org/entity/Q2863159",,"1937",
"http://www.wikidata.org/entity/Q30377001",,"1984",
"http://www.wikidata.org/entity/Q3271797",,"1929",
"http://www.wikidata.org/entity/Q3159355",,"1941",
"http://www.wikidata.org/entity/Q16026908",,"1934",
"http://www.wikidata.org/entity/Q3434479",,"1920",
"http://www.wikidata.org/entity/Q16798569",,"1911",
"http://www.wikidata.org/entity/Q16026907",,"1907",
"http://www.wikidata.org/entity/Q2847923",,"1900",
"http://www.wikidata.org/entity/Q16026909",,"1920",
"http://www.wikidata.org/entity/Q2863160",,"1976",
"http://www.wikidata.org/entity/Q3434472",,"1922",
"http://www.wikidata.org/entity/Q18744722",,"1924",
"http://www.wikidata.org/entity/Q3172322",,"1949",
"http://www.wikidata.org/entity/Q3174945",,"1931",
"http://www.wikidata.org/entity/Q2830248",,"1944",
"http://www.wikidata.org/entity/Q16798570",,"1940",
"http://www.wikidata.org/entity/Q543728",,"1941",
"http://www.wikidata.org/entity/Q3013867",,"1933",
"http://www.wikidata.org/entity/Q3334944",,"1963",
"http://www.wikidata.org/entity/Q3164701",,"1953",
"http://www.wikidata.org/entity/Q30388588",,"1981",
"http://www.wikidata.org/entity/Q50384786",,"1987",
"http://www.wikidata.org/entity/Q2897359",,"1967",
"http://www.wikidata.org/entity/Q2897357",,"1930",
"http://www.wikidata.org/entity/Q30334718",,"1959",
"http://www.wikidata.org/entity/Q3174934",,"1928",
"http://www.wikidata.org/entity/Q2791083",,"1959",
"http://www.wikidata.org/entity/Q3309972",,"1907",
"http://www.wikidata.org/entity/Q2847094",,"1933",
"http://www.wikidata.org/entity/Q2791086",,"1950",
"http://www.wikidata.org/entity/Q3349191",,"1909",
"http://www.wikidata.org/entity/Q3168237",,"1969",
"http://www.wikidata.org/entity/Q3241971",,"1911",
"http://www.wikidata.org/entity/Q127256838",,"1963",
"http://www.wikidata.org/entity/Q3379838",,"1963",
"http://www.wikidata.org/entity/Q18744704",,"1911",
"http://www.wikidata.org/entity/Q1353268",,"1940",
"http://www.wikidata.org/entity/Q30390884",,"1984",
"http://www.wikidata.org/entity/Q3379832",,"1950",
"http://www.wikidata.org/entity/Q3309965",,"1939",
"http://www.wikidata.org/entity/Q2934875",,"1906",
"http://www.wikidata.org/entity/Q62077288",,"1955",
"http://www.wikidata.org/entity/Q2966462",,"1958",
"http://www.wikidata.org/entity/Q30334715",,"1970",
"http://www.wikidata.org/entity/Q3169573",,"1938",
"http://www.wikidata.org/entity/Q3587909",,"1955",
"http://www.wikidata.org/entity/Q2864439",,"1910",
"http://www.wikidata.org/entity/Q3349184",,"1947",
"http://www.wikidata.org/entity/Q3092628",,"1912",
"http://www.wikidata.org/entity/Q3571567",,"1951",
"http://www.wikidata.org/entity/Q3093959",,"1959",
"http://www.wikidata.org/entity/Q3122001",,"1944",
"http://www.wikidata.org/entity/Q126960558",,"1996",
"http://www.wikidata.org/entity/Q135272182",,"1977",
"http://www.wikidata.org/entity/Q3159309",,"1958",
"http://www.wikidata.org/entity/Q3288613",,"1911",
"http://www.wikidata.org/entity/Q3309959",,"1952",
"http://www.wikidata.org/entity/Q3309956",,"1925",
"http://www.wikidata.org/entity/Q2965106",,"1943",
"http://www.wikidata.org/entity/Q3009791",,"1951",
"http://www.wikidata.org/entity/Q3168250",,"1943",
"http://www.wikidata.org/entity/Q3426818",,"1922",
"http://www.wikidata.org/entity/Q2362877",,"1953",
"http://www.wikidata.org/entity/Q23374860",,"1985",
"http://www.wikidata.org/entity/Q63371106",,"1959",
"http://www.wikidata.org/entity/Q23393145",,"1966",
"http://www.wikidata.org/entity/Q3241953",,"1966",
"http://www.wikidata.org/entity/Q3022746",,"1944",
"http://www.wikidata.org/entity/Q3479305",,"1933",
"http://www.wikidata.org/entity/Q3173601",,"1921",
"http://www.wikidata.org/entity/Q3380839",,"1943",
"http://www.wikidata.org/entity/Q345408",,"1900",
"http://www.wikidata.org/entity/Q3434439",,"1938",
"http://www.wikidata.org/entity/Q3159317",,"1949",
"http://www.wikidata.org/entity/Q3591191",,"1961",
"http://www.wikidata.org/entity/Q3426802",,"1908",
"http://www.wikidata.org/entity/Q8318435",,"1948",
"http://www.wikidata.org/entity/Q112648926",,"1987",
"http://www.wikidata.org/entity/Q3100672",,"1948",
"http://www.wikidata.org/entity/Q30342359",,"1954",
"http://www.wikidata.org/entity/Q3158872",,"1928",
"http://www.wikidata.org/entity/Q16798515",,"1908",
"http://www.wikidata.org/entity/Q85328250",,"1975",
"http://www.wikidata.org/entity/Q29021094",,"1975",
"http://www.wikidata.org/entity/Q30528115",,"1958",
"http://www.wikidata.org/entity/Q3170502",,"1922",
"http://www.wikidata.org/entity/Q3009736",,"1966",
"http://www.wikidata.org/entity/Q2959280",,"1897",
"http://www.wikidata.org/entity/Q16798520",,"1920",
"http://www.wikidata.org/entity/Q3387480",,"1914",
"http://www.wikidata.org/entity/Q3165169",,"1933",
"http://www.wikidata.org/entity/Q670809",,"1923",
"http://www.wikidata.org/entity/Q3169523",,"1941",
"http://www.wikidata.org/entity/Q22683833",,"1960",
"http://www.wikidata.org/entity/Q3380857",,"1958",
"http://www.wikidata.org/entity/Q16798504",,"1919",
"http://www.wikidata.org/entity/Q2847989",,"1909",
"http://www.wikidata.org/entity/Q2821354",,"1960",
"http://www.wikidata.org/entity/Q3438896",,"1905",
"http://www.wikidata.org/entity/Q3009746",,"1969",
"http://www.wikidata.org/entity/Q111378729",,"1983",
"http://www.wikidata.org/entity/Q3165170",,"1940",
"http://www.wikidata.org/entity/Q810647",,"1919",
"http://www.wikidata.org/entity/Q30351244",,"1952",
"http://www.wikidata.org/entity/Q16798512",,"1902",
"http://www.wikidata.org/entity/Q3436249",,"1931",
"http://www.wikidata.org/entity/Q385437",,"1949",
"http://www.wikidata.org/entity/Q3158892",,"1941",
"http://www.wikidata.org/entity/Q3158891",,"1938",
"http://www.wikidata.org/entity/Q30525074",,"1972",
"http://www.wikidata.org/entity/Q3165180",,"1935",
"http://www.wikidata.org/entity/Q111397019",,"1961",
"http://www.wikidata.org/entity/Q3102427",,"1924",
"http://www.wikidata.org/entity/Q3369610",,"1963",
"http://www.wikidata.org/entity/Q3380870",,"1955",
"http://www.wikidata.org/entity/Q3380873",,"1956",
"http://www.wikidata.org/entity/Q3132271",,"1929",
"http://www.wikidata.org/entity/Q98556479",,"1974",
"http://www.wikidata.org/entity/Q3300775",,"1922",
"http://www.wikidata.org/entity/Q2918769",,"1947",
"http://www.wikidata.org/entity/Q2965951",,"1951",
"http://www.wikidata.org/entity/Q3169552",,"1949",
"http://www.wikidata.org/entity/Q3169550",,"1936",
"http://www.wikidata.org/entity/Q63765892",,"1970",
"http://www.wikidata.org/entity/Q63764562",,"1956",
"http://www.wikidata.org/entity/Q3189121",,"1959",
"http://www.wikidata.org/entity/Q126599155",,"1979",
"http://www.wikidata.org/entity/Q3438840",,"1920",
"http://www.wikidata.org/entity/Q3501722",,"1963",
"http://www.wikidata.org/entity/Q3438843",,"1912",
"http://www.wikidata.org/entity/Q3084176",,"1953",
"http://www.wikidata.org/entity/Q3426879",,"1907",
"http://www.wikidata.org/entity/Q3491032",,"1962",
"http://www.wikidata.org/entity/Q27968052",,"1962",
"http://www.wikidata.org/entity/Q3060188",,"1939",
"http://www.wikidata.org/entity/Q3295761",,"1947",
"http://www.wikidata.org/entity/Q356919",,"1957",
"http://www.wikidata.org/entity/Q3370600",,"1914",
"http://www.wikidata.org/entity/Q3295765",,"1952",
"http://www.wikidata.org/entity/Q784751",,"1951",
"http://www.wikidata.org/entity/Q569464",,"1876",
"http://www.wikidata.org/entity/Q3434496",,"1912",
"http://www.wikidata.org/entity/Q3421177",,"1912",
"http://www.wikidata.org/entity/Q3426869",,"1910",
"http://www.wikidata.org/entity/Q3421173",,"1899",
"http://www.wikidata.org/entity/Q3102479",,"1928",
"http://www.wikidata.org/entity/Q3166465",,"1946",
"http://www.wikidata.org/entity/Q16669267",,"1913",
"http://www.wikidata.org/entity/Q3369623",,"1952",
"http://www.wikidata.org/entity/Q2978175",,"1962",
"http://www.wikidata.org/entity/Q3295753",,"1948",
"http://www.wikidata.org/entity/Q126688666",,"1972",
"http://www.wikidata.org/entity/Q3371962",,"1934",
"http://www.wikidata.org/entity/Q3174088",,"1922",
"http://www.wikidata.org/entity/Q98234433",,"1958",
"http://www.wikidata.org/entity/Q2830299",,"1951",
"http://www.wikidata.org/entity/Q314265",,"1907",
"http://www.wikidata.org/entity/Q3369658",,"1962",
"http://www.wikidata.org/entity/Q16798542",,"1939",
"http://www.wikidata.org/entity/Q3102465",,"1925",
"http://www.wikidata.org/entity/Q518778",,"1946",
"http://www.wikidata.org/entity/Q97369050",,"1967",
"http://www.wikidata.org/entity/Q63411806",,"1968",
"http://www.wikidata.org/entity/Q3174076",,"1932",
"http://www.wikidata.org/entity/Q3383943",,"1944",
"http://www.wikidata.org/entity/Q15973987",,"1905",
"http://www.wikidata.org/entity/Q3383945",,"1934",
"http://www.wikidata.org/entity/Q3186052",,"1950",
"http://www.wikidata.org/entity/Q3174079",,"1925",
"http://www.wikidata.org/entity/Q19607398",,"1922",
"http://www.wikidata.org/entity/Q108823633",,"1974",
"http://www.wikidata.org/entity/Q1523929",,"1943",
"http://www.wikidata.org/entity/Q3158866",,"1901",
"http://www.wikidata.org/entity/Q3491023",,"1962",
"http://www.wikidata.org/entity/Q882038",,"1904",
"http://www.wikidata.org/entity/Q3165150",,"1945",
"http://www.wikidata.org/entity/Q3103788",,"1942",
"http://www.wikidata.org/entity/Q3554243",,"1967",
"http://www.wikidata.org/entity/Q3295773",,"1937",
"http://www.wikidata.org/entity/Q126586721",,"1986",
"http://www.wikidata.org/entity/Q3554249",,"1971",
"http://www.wikidata.org/entity/Q16798532",,"1953",
"http://www.wikidata.org/entity/Q3588352",,"1920",
"http://www.wikidata.org/entity/Q2848306",,"1915",
"http://www.wikidata.org/entity/Q30339415",,"1967",
"http://www.wikidata.org/entity/Q112652345",,"1974",
"http://www.wikidata.org/entity/Q30339410",,"1966",
"http://www.wikidata.org/entity/Q3588357",,"1947",
"http://www.wikidata.org/entity/Q463260",,"1950",
"http://www.wikidata.org/entity/Q112630933",,"1985",
"http://www.wikidata.org/entity/Q30339419",,"1980",
"http://www.wikidata.org/entity/Q16027214",,"1889",
"http://www.wikidata.org/entity/Q30350683",,"1955",
"http://www.wikidata.org/entity/Q3430759",,"1962",
"http://www.wikidata.org/entity/Q112649548",,"1991",
"http://www.wikidata.org/entity/Q2571038",,"1947",
"http://www.wikidata.org/entity/Q30339402",,"1960",
"http://www.wikidata.org/entity/Q112649553",,"1981",
"http://www.wikidata.org/entity/Q3295826",,"1958",
"http://www.wikidata.org/entity/Q3265107",,"1955",
"http://www.wikidata.org/entity/Q126688573",,"1972",
"http://www.wikidata.org/entity/Q3158801",,"1924",
"http://www.wikidata.org/entity/Q127109404",,"1972",
"http://www.wikidata.org/entity/Q3084884",,"1947",
"http://www.wikidata.org/entity/Q17350593",,"1921",
"http://www.wikidata.org/entity/Q44742365",,"1958",
"http://www.wikidata.org/entity/Q3102399",,"1906",
"http://www.wikidata.org/entity/Q1632013",,"1928",
"http://www.wikidata.org/entity/Q3370792",,"1917",
"http://www.wikidata.org/entity/Q30512608",,"1985",
"http://www.wikidata.org/entity/Q3048368",,"1975",
"http://www.wikidata.org/entity/Q2835025",,"1910",
"http://www.wikidata.org/entity/Q3419529",,"1916",
"http://www.wikidata.org/entity/Q3262045",,"1958",
"http://www.wikidata.org/entity/Q3179736",,"1950",
"http://www.wikidata.org/entity/Q3502075",,"1964",
"http://www.wikidata.org/entity/Q3035061",,"1958",
"http://www.wikidata.org/entity/Q3083582",,"1948",
"http://www.wikidata.org/entity/Q112636212",,"1977",
"http://www.wikidata.org/entity/Q62976462",,"1989",
"http://www.wikidata.org/entity/Q16889975",,"1903",
"http://www.wikidata.org/entity/Q217070",,"1946",
"http://www.wikidata.org/entity/Q3165101",,"1962",
"http://www.wikidata.org/entity/Q19606828",,"1908",
"http://www.wikidata.org/entity/Q112652351",,"1984",
"http://www.wikidata.org/entity/Q112573886",,"1970",
"http://www.wikidata.org/entity/Q3301342",,"1920",
"http://www.wikidata.org/entity/Q30339422",,"1970",
"http://www.wikidata.org/entity/Q65579310",,"1961",
"http://www.wikidata.org/entity/Q3527346",,"1943",
"http://www.wikidata.org/entity/Q3115694",,"1935",
"http://www.wikidata.org/entity/Q3035053",,"1937",
"http://www.wikidata.org/entity/Q3439124",,"1932",
"http://www.wikidata.org/entity/Q3166441",,"1967",
"http://www.wikidata.org/entity/Q3167778",,"1929",
"http://www.wikidata.org/entity/Q2848335",,"1921",
"http://www.wikidata.org/entity/Q3099918",,"1958",
"http://www.wikidata.org/entity/Q3219235",,"1965",
"http://www.wikidata.org/entity/Q3265132",,"1948",
"http://www.wikidata.org/entity/Q2871547",,"1900",
"http://www.wikidata.org/entity/Q3265133",,"1929",
"http://www.wikidata.org/entity/Q30378193",,"1954",
"http://www.wikidata.org/entity/Q63766451",,"1964",
"http://www.wikidata.org/entity/Q2834594",,"1899",
"http://www.wikidata.org/entity/Q30349651",,"1944",
"http://www.wikidata.org/entity/Q3035041",,"1946",
"http://www.wikidata.org/entity/Q3172294",,"1926",
"http://www.wikidata.org/entity/Q3309293",,"1934",
"http://www.wikidata.org/entity/Q3292773",,"1965",
"http://www.wikidata.org/entity/Q3104145",,"1920",
"http://www.wikidata.org/entity/Q63766458",,"1983",
"http://www.wikidata.org/entity/Q348474",,"1930",
"http://www.wikidata.org/entity/Q2871535",,"1936",
"http://www.wikidata.org/entity/Q2223097",,"1938",
"http://www.wikidata.org/entity/Q2871537",,"1900",
"http://www.wikidata.org/entity/Q112526631",,"1990",
"http://www.wikidata.org/entity/Q3184299",,"1925",
"http://www.wikidata.org/entity/Q3083588",,"1949",
"http://www.wikidata.org/entity/Q3086616",,"1949",
"http://www.wikidata.org/entity/Q112649590",,"1975",
"http://www.wikidata.org/entity/Q17351004",,"1901",
"http://www.wikidata.org/entity/Q63488178",,"1986",
"http://www.wikidata.org/entity/Q3310273",,"1924",
"http://www.wikidata.org/entity/Q63488174",,"1985",
"http://www.wikidata.org/entity/Q17351002",,"1908",
"http://www.wikidata.org/entity/Q126693963",,"1989",
"http://www.wikidata.org/entity/Q2965938",,"1943",
"http://www.wikidata.org/entity/Q3380141",,"1955",
"http://www.wikidata.org/entity/Q17351009",,"1930",
"http://www.wikidata.org/entity/Q30335033",,"1976",
"http://www.wikidata.org/entity/Q30335035",,"1970",
"http://www.wikidata.org/entity/Q3295812",,"1953",
"http://www.wikidata.org/entity/Q3167719",,"1936",
"http://www.wikidata.org/entity/Q60604421",,"1978",
"http://www.wikidata.org/entity/Q16663096",,"1932",
"http://www.wikidata.org/entity/Q112572505",,"1985",
"http://www.wikidata.org/entity/Q1031645",,"1943",
"http://www.wikidata.org/entity/Q63488161",,"1968",
"http://www.wikidata.org/entity/Q3082294",,"1950",
"http://www.wikidata.org/entity/Q3069258",,"1919",
"http://www.wikidata.org/entity/Q28020145",,"1896",
"http://www.wikidata.org/entity/Q2403720",,"1899",
"http://www.wikidata.org/entity/Q3014108",,"1928",
"http://www.wikidata.org/entity/Q63766436",,"1977",
"http://www.wikidata.org/entity/Q16645205",,"1947",
"http://www.wikidata.org/entity/Q3289135",,"1918",
"http://www.wikidata.org/entity/Q3295803",,"1952",
"http://www.wikidata.org/entity/Q3167729",,"1947",
"http://www.wikidata.org/entity/Q16026787",,"1944",
"http://www.wikidata.org/entity/Q16638902",,"1920",
"http://www.wikidata.org/entity/Q112652319",,"1985",
"http://www.wikidata.org/entity/Q30497590",,"1985",
"http://www.wikidata.org/entity/Q30375947",,"1965",
"http://www.wikidata.org/entity/Q16026791",,"1930",
"http://www.wikidata.org/entity/Q3384521",,"1911",
"http://www.wikidata.org/entity/Q3086643",,"1952",
"http://www.wikidata.org/entity/Q3311582",,"1947",
"http://www.wikidata.org/entity/Q3104115",,"1936",
"http://www.wikidata.org/entity/Q3035016",,"1953",
"http://www.wikidata.org/entity/Q2941945",,"1949",
"http://www.wikidata.org/entity/Q3308849",,"1928",
"http://www.wikidata.org/entity/Q20155717",,"1973",
"http://www.wikidata.org/entity/Q3130402",,"1928",
"http://www.wikidata.org/entity/Q3172248",,"1947",
"http://www.wikidata.org/entity/Q3175309",,"1921",
"http://www.wikidata.org/entity/Q3424934",,"1959",
"http://www.wikidata.org/entity/Q3013673",,"1949",
"http://www.wikidata.org/entity/Q640830",,"1953",
"http://www.wikidata.org/entity/Q3173583",,"1912",
"http://www.wikidata.org/entity/Q3439176",,"1935",
"http://www.wikidata.org/entity/Q3159281",,"1925",
"http://www.wikidata.org/entity/Q30729075",,"1994",
"http://www.wikidata.org/entity/Q440565",,"1897",
"http://www.wikidata.org/entity/Q126876003",,"1971",
"http://www.wikidata.org/entity/Q3190925",,"1972",
"http://www.wikidata.org/entity/Q97405844",,"1958",
"http://www.wikidata.org/entity/Q112651884",,"1995",
"http://www.wikidata.org/entity/Q3185582",,"1952",
"http://www.wikidata.org/entity/Q3185581",,"1903",
"http://www.wikidata.org/entity/Q2965058",,"1942",
"http://www.wikidata.org/entity/Q3172266",,"1939",
"http://www.wikidata.org/entity/Q3380180",,"1968",
"http://www.wikidata.org/entity/Q17350512",,"1910",
"http://www.wikidata.org/entity/Q3440173",,"1929",
"http://www.wikidata.org/entity/Q3384541",,"1919",
"http://www.wikidata.org/entity/Q109043455",,"1974",
"http://www.wikidata.org/entity/Q17350511",,"1907",
"http://www.wikidata.org/entity/Q3262905",,"1933",
"http://www.wikidata.org/entity/Q3490433",,"1948",
"http://www.wikidata.org/entity/Q33230494",,"1974",
"http://www.wikidata.org/entity/Q16546334",,"1933",
"http://www.wikidata.org/entity/Q62664129",,"1988",
"http://www.wikidata.org/entity/Q22978792",,"1953",
"http://www.wikidata.org/entity/Q8316878",,"1916",
"http://www.wikidata.org/entity/Q17350515",,"1921",
"http://www.wikidata.org/entity/Q3271821",,"1918",
"http://www.wikidata.org/entity/Q3271823",,"1926",
"http://www.wikidata.org/entity/Q5964136",,"1914",
"http://www.wikidata.org/entity/Q2853755",,"1923",
"http://www.wikidata.org/entity/Q2872015",,"1979",
"http://www.wikidata.org/entity/Q16026738",,"1901",
"http://www.wikidata.org/entity/Q112641643",,"1974",
"http://www.wikidata.org/entity/Q17350520",,"1930",
"http://www.wikidata.org/entity/Q3384553",,"1897",
"http://www.wikidata.org/entity/Q112639321",,"1968",
"http://www.wikidata.org/entity/Q30349632",,"1985",
"http://www.wikidata.org/entity/Q107126233",,"1992",
"http://www.wikidata.org/entity/Q3165988",,"1963",
"http://www.wikidata.org/entity/Q65569133",,"1972",
"http://www.wikidata.org/entity/Q3439190",,"1941",
"http://www.wikidata.org/entity/Q15842836",,"1910",
"http://www.wikidata.org/entity/Q112650572",,"1989",
"http://www.wikidata.org/entity/Q112653602",,"1992",
"http://www.wikidata.org/entity/Q3440191",,"1951",
"http://www.wikidata.org/entity/Q520375",,"1928",
"http://www.wikidata.org/entity/Q1027528",,"1944",
"http://www.wikidata.org/entity/Q17350532",,"1904",
"http://www.wikidata.org/entity/Q959067",,"1946",
"http://www.wikidata.org/entity/Q182786",,"1960",
"http://www.wikidata.org/entity/Q3572875",,"1935",
"http://www.wikidata.org/entity/Q112641655",,"1959",
"http://www.wikidata.org/entity/Q16664306",,"1942",
"http://www.wikidata.org/entity/Q30335893",,"1971",
"http://www.wikidata.org/entity/Q2898609",,"1947",
"http://www.wikidata.org/entity/Q30335895",,"1959",
"http://www.wikidata.org/entity/Q30335899",,"1975",
"http://www.wikidata.org/entity/Q2898601",,"1937",
"http://www.wikidata.org/entity/Q3340996",,"1952",
"http://www.wikidata.org/entity/Q3100620",,"1950",
"http://www.wikidata.org/entity/Q54415314",,"1971",
"http://www.wikidata.org/entity/Q30450097",,"1952",
"http://www.wikidata.org/entity/Q30430460",,"1984",
"http://www.wikidata.org/entity/Q3059871",,"1906",
"http://www.wikidata.org/entity/Q3014962",,"1945",
"http://www.wikidata.org/entity/Q3121540",,"1912",
"http://www.wikidata.org/entity/Q3072867",,"1916",
"http://www.wikidata.org/entity/Q63248658",,"1963",
"http://www.wikidata.org/entity/Q461454",,"1951",
"http://www.wikidata.org/entity/Q3026961",,"1945",
"http://www.wikidata.org/entity/Q2997360",,"1975",
"http://www.wikidata.org/entity/Q30335887",,"1955",
"http://www.wikidata.org/entity/Q19606880",,"1976",
"http://www.wikidata.org/entity/Q112651844",,"1980",
"http://www.wikidata.org/entity/Q3100615",,"1956",
"http://www.wikidata.org/entity/Q3159251",,"1952",
"http://www.wikidata.org/entity/Q3301398",,"1920",
"http://www.wikidata.org/entity/Q3557186",,"1966",
"http://www.wikidata.org/entity/Q2965060",,"1921",
"http://www.wikidata.org/entity/Q112638039",,"1975",
"http://www.wikidata.org/entity/Q3174880",,"1935",
"http://www.wikidata.org/entity/Q3427180",,"1940",
"http://www.wikidata.org/entity/Q3174887",,"1949",
"http://www.wikidata.org/entity/Q3082207",,"1964",
"http://www.wikidata.org/entity/Q3014983",,"1941",
"http://www.wikidata.org/entity/Q3439157",,"1913",
"http://www.wikidata.org/entity/Q106020252",,"1985",
"http://www.wikidata.org/entity/Q3141994",,"1923",
"http://www.wikidata.org/entity/Q3440147",,"1926",
"http://www.wikidata.org/entity/Q16663006",,"1967",
"http://www.wikidata.org/entity/Q3141993",,"1922",
"http://www.wikidata.org/entity/Q3383264",,"1907",
"http://www.wikidata.org/entity/Q2975131",,"1930",
"http://www.wikidata.org/entity/Q16664354",,"1932",
"http://www.wikidata.org/entity/Q3026940",,"1950",
"http://www.wikidata.org/entity/Q3174872",,"1917",
"http://www.wikidata.org/entity/Q3261600",,"1952",
"http://www.wikidata.org/entity/Q3172239",,"1948",
"http://www.wikidata.org/entity/Q3174868",,"1923",
"http://www.wikidata.org/entity/Q63248686",,"1973",
"http://www.wikidata.org/entity/Q15973190",,"1904",
"http://www.wikidata.org/entity/Q3262923",,"1905",
"http://www.wikidata.org/entity/Q16683347",,"1988",
"http://www.wikidata.org/entity/Q2977782",,"1930",
"http://www.wikidata.org/entity/Q17350579",,"1923",
"http://www.wikidata.org/entity/Q2847047",,"1918",
"http://www.wikidata.org/entity/Q3383278",,"1939",
"http://www.wikidata.org/entity/Q16685162",,"1931",
"http://www.wikidata.org/entity/Q3141928",,"1932",
"http://www.wikidata.org/entity/Q3435654",,"1941",
"http://www.wikidata.org/entity/Q3591088",,"1943",
"http://www.wikidata.org/entity/Q113375757",,"1968",
"http://www.wikidata.org/entity/Q18744878",,"1907",
"http://www.wikidata.org/entity/Q3591087",,"1965",
"http://www.wikidata.org/entity/Q20962474",,"1974",
"http://www.wikidata.org/entity/Q286495",,"1908",
"http://www.wikidata.org/entity/Q3261650",,"1925",
"http://www.wikidata.org/entity/Q976436",,"1944",
"http://www.wikidata.org/entity/Q3169488",,"1948",
"http://www.wikidata.org/entity/Q130375116",,"1994",
"http://www.wikidata.org/entity/Q3104903",,"1930",
"http://www.wikidata.org/entity/Q3168155",,"1937",
"http://www.wikidata.org/entity/Q3300839",,"1932",
"http://www.wikidata.org/entity/Q113754610",,"1968",
"http://www.wikidata.org/entity/Q30525139",,"1987",
"http://www.wikidata.org/entity/Q18744883",,"1938",
"http://www.wikidata.org/entity/Q130332860",,"1971",
"http://www.wikidata.org/entity/Q30526465",,"1959",
"http://www.wikidata.org/entity/Q3013711",,"1908",
"http://www.wikidata.org/entity/Q3383167",,"1938",
"http://www.wikidata.org/entity/Q112635717",,"1972",
"http://www.wikidata.org/entity/Q16026809",,"1917",
"http://www.wikidata.org/entity/Q2980575",,"1902",
"http://www.wikidata.org/entity/Q3169491",,"1946",
"http://www.wikidata.org/entity/Q16026805",,"1922",
"http://www.wikidata.org/entity/Q3591093",,"1960",
"http://www.wikidata.org/entity/Q3173511",,"1949",
"http://www.wikidata.org/entity/Q3121476",,"1944",
"http://www.wikidata.org/entity/Q3557218",,"1886",
"http://www.wikidata.org/entity/Q63765953",,"1980",
"http://www.wikidata.org/entity/Q3089777",,"1913",
"http://www.wikidata.org/entity/Q18744874",,"1932",
"http://www.wikidata.org/entity/Q16663875",,"1920",
"http://www.wikidata.org/entity/Q2144558",,"1895",
"http://www.wikidata.org/entity/Q3479211",,"1950",
"http://www.wikidata.org/entity/Q112897421",,"1972",
"http://www.wikidata.org/entity/Q3525615",,"1974",
"http://www.wikidata.org/entity/Q3479214",,"1929",
"http://www.wikidata.org/entity/Q3218809",,"1965",
"http://www.wikidata.org/entity/Q112640278",,"1987",
"http://www.wikidata.org/entity/Q1398216",,"1946",
"http://www.wikidata.org/entity/Q101410",,"1954",
"http://www.wikidata.org/entity/Q2830133",,"1942",
"http://www.wikidata.org/entity/Q2978280",,"1924",
"http://www.wikidata.org/entity/Q3168176",,"1946",
"http://www.wikidata.org/entity/Q3340014",,"1947",
"http://www.wikidata.org/entity/Q919918",,"1929",
"http://www.wikidata.org/entity/Q111974554",,"1976",
"http://www.wikidata.org/entity/Q16232083",,"1901",
"http://www.wikidata.org/entity/Q3093805",,"1919",
"http://www.wikidata.org/entity/Q3013732",,"1927",
"http://www.wikidata.org/entity/Q62887924",,"1965",
"http://www.wikidata.org/entity/Q2898599",,"1940",
"http://www.wikidata.org/entity/Q30333326",,"1982",
"http://www.wikidata.org/entity/Q3386223",,"1923",
"http://www.wikidata.org/entity/Q2830127",,"1945",
"http://www.wikidata.org/entity/Q2898592",,"1943",
"http://www.wikidata.org/entity/Q3340026",,"1936",
"http://www.wikidata.org/entity/Q30513127",,"1968",
"http://www.wikidata.org/entity/Q642640",,"1964",
"http://www.wikidata.org/entity/Q18744851",,"1940",
"http://www.wikidata.org/entity/Q3434350",,"1923",
"http://www.wikidata.org/entity/Q18744850",,"1914",
"http://www.wikidata.org/entity/Q3120121",,"1976",
"http://www.wikidata.org/entity/Q112570805",,"1972",
"http://www.wikidata.org/entity/Q30390791",,"1980",
"http://www.wikidata.org/entity/Q3132185",,"1909",
"http://www.wikidata.org/entity/Q3379945",,"1954",
"http://www.wikidata.org/entity/Q2844703",,"1920",
"http://www.wikidata.org/entity/Q3099138",,"1935",
"http://www.wikidata.org/entity/Q2404111",,"1947",
"http://www.wikidata.org/entity/Q3379940",,"1966",
"http://www.wikidata.org/entity/Q3171755",,"1956",
"http://www.wikidata.org/entity/Q3157468",,"1952",
"http://www.wikidata.org/entity/Q112642037",,"1990",
"http://www.wikidata.org/entity/Q3288709",,"1946",
"http://www.wikidata.org/entity/Q2965006",,"1972",
"http://www.wikidata.org/entity/Q18744841",,"1926",
"http://www.wikidata.org/entity/Q3169447",,"1943",
"http://www.wikidata.org/entity/Q18744826",,"1942",
"http://www.wikidata.org/entity/Q18744822",,"1914",
"http://www.wikidata.org/entity/Q674260",,"1921",
"http://www.wikidata.org/entity/Q112578758",,"1952",
"http://www.wikidata.org/entity/Q40289093",,"1976",
"http://www.wikidata.org/entity/Q871444",,"1899",
"http://www.wikidata.org/entity/Q116870344",,"1995",
"http://www.wikidata.org/entity/Q23945407",,"1954",
"http://www.wikidata.org/entity/Q3263401",,"1943",
"http://www.wikidata.org/entity/Q19607212",,"1904",
"http://www.wikidata.org/entity/Q3435624",,"1898",
"http://www.wikidata.org/entity/Q3264729",,"1974",
"http://www.wikidata.org/entity/Q2507343",,"1966",
"http://www.wikidata.org/entity/Q2965018",,"1939",
"http://www.wikidata.org/entity/Q960150",,"1960",
"http://www.wikidata.org/entity/Q3165099",,"1945",
"http://www.wikidata.org/entity/Q273143",,"1948",
"http://www.wikidata.org/entity/Q3092507",,"1932",
"http://www.wikidata.org/entity/Q3169458",,"1945",
"http://www.wikidata.org/entity/Q3386241",,"1937",
"http://www.wikidata.org/entity/Q16641632",,"1920",
"http://www.wikidata.org/entity/Q19607208",,"1925",
"http://www.wikidata.org/entity/Q3218844",,"1960",
"http://www.wikidata.org/entity/Q18744811",,"1929",
"http://www.wikidata.org/entity/Q2898547",,"1952",
"http://www.wikidata.org/entity/Q18744818",,"1946",
"http://www.wikidata.org/entity/Q2856700",,"1939",
"http://www.wikidata.org/entity/Q126946380",,"1980",
"http://www.wikidata.org/entity/Q3569155",,"1934",
"http://www.wikidata.org/entity/Q16663885",,"1931",
"http://www.wikidata.org/entity/Q3296357",,"1959",
"http://www.wikidata.org/entity/Q3121483",,"1927",
"http://www.wikidata.org/entity/Q18744806",,"1900",
"http://www.wikidata.org/entity/Q510080",,"1960",
"http://www.wikidata.org/entity/Q3380957",,"1941",
"http://www.wikidata.org/entity/Q2958702",,"1919",
"http://www.wikidata.org/entity/Q30331583",,"1992",
"http://www.wikidata.org/entity/Q19344680",,"1912",
"http://www.wikidata.org/entity/Q3169477",,"1952",
"http://www.wikidata.org/entity/Q3170464",,"1942",
"http://www.wikidata.org/entity/Q3386268",,"1930",
"http://www.wikidata.org/entity/Q3288718",,"1916",
"http://www.wikidata.org/entity/Q1871995",,"1908",
"http://www.wikidata.org/entity/Q3158751",,"1927",
"http://www.wikidata.org/entity/Q2847854",,"1942",
"http://www.wikidata.org/entity/Q3158753",,"1953",
"http://www.wikidata.org/entity/Q3158752",,"1931",
"http://www.wikidata.org/entity/Q24255086",,"1973",
"http://www.wikidata.org/entity/Q112654007",,"1988",
"http://www.wikidata.org/entity/Q3171713",,"1901",
"http://www.wikidata.org/entity/Q3264768",,"1971",
"http://www.wikidata.org/entity/Q157",,"1954",
"http://www.wikidata.org/entity/Q2482453",,"1955",
"http://www.wikidata.org/entity/Q16027297",,"1937",
"http://www.wikidata.org/entity/Q30331529",,"1957",
"http://www.wikidata.org/entity/Q3309252",,"1942",
"http://www.wikidata.org/entity/Q56556893",,"1975",
"http://www.wikidata.org/entity/Q3311571",,"1939",
"http://www.wikidata.org/entity/Q3426797",,"1907",
"http://www.wikidata.org/entity/Q16027294",,"1909",
"http://www.wikidata.org/entity/Q16027295",,"1918",
"http://www.wikidata.org/entity/Q7177",,"1928",
"http://www.wikidata.org/entity/Q16262750",,"1921",
"http://www.wikidata.org/entity/Q3085328",,"1940",
"http://www.wikidata.org/entity/Q268675",,"1952",
"http://www.wikidata.org/entity/Q2114734",,"1971",
"http://www.wikidata.org/entity/Q63106704",,"1958",
"http://www.wikidata.org/entity/Q3102315",,"1925",
"http://www.wikidata.org/entity/Q16626857",,"1936",
"http://www.wikidata.org/entity/Q3311566",,"1943",
"http://www.wikidata.org/entity/Q2782079",,"1969",
"http://www.wikidata.org/entity/Q30389738",,"1971",
"http://www.wikidata.org/entity/Q1930751",,"1921",
"http://www.wikidata.org/entity/Q2379535",,"1956",
"http://www.wikidata.org/entity/Q63764691",,"1970",
"http://www.wikidata.org/entity/Q3564346",,"1942",
"http://www.wikidata.org/entity/Q136485468",,"1974",
"http://www.wikidata.org/entity/Q19958474",,"1971",
"http://www.wikidata.org/entity/Q30335908",,"1977",
"http://www.wikidata.org/entity/Q3171740",,"1939",
"http://www.wikidata.org/entity/Q3510539",,"1970",
"http://www.wikidata.org/entity/Q3165066",,"1944",
"http://www.wikidata.org/entity/Q109969696",,"1991",
"http://www.wikidata.org/entity/Q2959143",,"1933",
"http://www.wikidata.org/entity/Q26214575",,"1990",
"http://www.wikidata.org/entity/Q65602224",,"1987",
"http://www.wikidata.org/entity/Q2482462",,"1941",
"http://www.wikidata.org/entity/Q3564334",,"1959",
"http://www.wikidata.org/entity/Q3564331",,"1961",
"http://www.wikidata.org/entity/Q2114752",,"1970",
"http://www.wikidata.org/entity/Q3345763",,"1903",
"http://www.wikidata.org/entity/Q2941865",,"1945",
"http://www.wikidata.org/entity/Q65591952",,"1954",
"http://www.wikidata.org/entity/Q3165071",,"1931",
"http://www.wikidata.org/entity/Q3165074",,"1944",
"http://www.wikidata.org/entity/Q30458783",,"1983",
"http://www.wikidata.org/entity/Q2847883",,"1925",
"http://www.wikidata.org/entity/Q112652262",,"1995",
"http://www.wikidata.org/entity/Q3132100",,"1912",
"http://www.wikidata.org/entity/Q1907548",,"1924",
"http://www.wikidata.org/entity/Q714774",,"1928",
"http://www.wikidata.org/entity/Q127247869",,"1979",
"http://www.wikidata.org/entity/Q2847818",,"1911",
"http://www.wikidata.org/entity/Q30513192",,"1964",
"http://www.wikidata.org/entity/Q529554",,"1951",
"http://www.wikidata.org/entity/Q16027253",,"1914",
"http://www.wikidata.org/entity/Q3309210",,"1947",
"http://www.wikidata.org/entity/Q2830155",,"1934",
"http://www.wikidata.org/entity/Q3168990",,"1944",
"http://www.wikidata.org/entity/Q18553",,"1974",
"http://www.wikidata.org/entity/Q30377701",,"1981",
"http://www.wikidata.org/entity/Q112899220",,"1980",
"http://www.wikidata.org/entity/Q3165004",,"1941",
"http://www.wikidata.org/entity/Q2307045",,"1949",
"http://www.wikidata.org/entity/Q30335095",,"1979",
"http://www.wikidata.org/entity/Q3559821",,"1970",
"http://www.wikidata.org/entity/Q3426755",,"1904",
"http://www.wikidata.org/entity/Q112653583",,"1966",
"http://www.wikidata.org/entity/Q2847826",,"1938",
"http://www.wikidata.org/entity/Q126466850",,"2002",
"http://www.wikidata.org/entity/Q268634",,"1975",
"http://www.wikidata.org/entity/Q17907737",,"1957",
"http://www.wikidata.org/entity/Q3438730",,"1942",
"http://www.wikidata.org/entity/Q3345787",,"1914",
"http://www.wikidata.org/entity/Q110998923",,"1990",
"http://www.wikidata.org/entity/Q3167676",,"1947",
"http://www.wikidata.org/entity/Q16663836",,"1917",
"http://www.wikidata.org/entity/Q129774",,"1946",
"http://www.wikidata.org/entity/Q3102350",,"1923",
"http://www.wikidata.org/entity/Q699510",,"1912",
"http://www.wikidata.org/entity/Q3484601",,"1943",
"http://www.wikidata.org/entity/Q2863072",,"1949",
"http://www.wikidata.org/entity/Q30339476",,"1967",
"http://www.wikidata.org/entity/Q268669",,"1958",
"http://www.wikidata.org/entity/Q16638876",,"1901",
"http://www.wikidata.org/entity/Q63765981",,"1952",
"http://www.wikidata.org/entity/Q3167686",,"1906",
"http://www.wikidata.org/entity/Q116479877",,"1962",
"http://www.wikidata.org/entity/Q976492",,"1931",
"http://www.wikidata.org/entity/Q30414335",,"1958",
"http://www.wikidata.org/entity/Q30525143",,"1957",
"http://www.wikidata.org/entity/Q3219304",,"1955",
"http://www.wikidata.org/entity/Q16027238",,"1905",
"http://www.wikidata.org/entity/Q63106728",,"1955",
"http://www.wikidata.org/entity/Q3175288",,"1943",
"http://www.wikidata.org/entity/Q30387980",,"1974",
"http://www.wikidata.org/entity/Q3262132",,"1935",
"http://www.wikidata.org/entity/Q8309681",,"1924",
"http://www.wikidata.org/entity/Q3421075",,"1909",
"http://www.wikidata.org/entity/Q3165038",,"1942",